Workbook

Sheet BIO DATA
A1: NO+A:AJ | B1: 3 MTs | C1: PARALEL | D1: NIS | E1: NISN | F1: NAMA SISWA | G1: TGL MASUK | H1: TAHUN IJAZAH | I1: NO IJAZAH | J1: Anak Ke | K1: Jml Saudara | L1: Nomor Pendaftaran | M1: Jenis Kelamin | N1: TEMPAT LAHIR | O1: TANGGAL LAHIR | P1: TANGGAL LAHIR1 | Q1: TANGGAL LAHIR2 | R1: NIK ANAK | S1: Agama | T1: ALAMAT | U1: KODE POS | V1: DESA/KELURAHAN | W1: KECAMATAN | X1: Kabupaten/kota | Y1: Provinsi | Z1: Asal Sekolah | AA1: Alamat Sekolah | AB1: Prestasi | AC1: Nama Ayah | AD1: Agama Ayah | AE1: Pendidikan | AF1: Pekerjaan | AG1: Penghasilan | AH1: Telp | AI1: Email | AJ1: Nama Ibu | AK1: Agama Ibu | AL1: Pendidikan | AM1: Pekerjaan | AN1: Penghasilan | AO1: Telp | AP1: Email | AQ1: KK | AR1: NIK AYAH | AS1: TEMPAT LAHIR AYAH | AT1: TGL LAHIR AYAH | AV1: NIK IBU | AW1: TEMPAT LAHIR IBU | AX1: TGL LAHIR IBU | AZ1: Nama Wali | BA1: Agama Wali | BB1: Pendidikan | BC1: Pekerjaan | BD1: Alamat Wali | BE1: Penghasilan | BF1: Telp | BG1: Email | BH1: Nama WK | BI1: NBM WK | BJ1: Nama Direktur | BK1: NBM/NIP.
A2: 1 | B2: F | C2: A | D2: 11543 | E2: 3101049926 | F2: Ainurrofiq Syamsudin | G2: 17 Juli 2023 | J2: 1 | K2: 2 | M2: Laki-laki | N2: Baranusa | P2: 40330 | Q2: 1 Juni 2010 | S2: Islam | T2: Jl. Imam Bonjol No. 143 RT 002 RW 001 Adang Buom Teluk Mutiara Alor Nusa Tenggara Timur | V2: Adang Buom | W2: Teluk Mutiara | X2: Alor | Y2: Nusa Tenggara Timur | Z2: MTs Mu'allimin Muh Yogyakarta | AA2: Jalan Suroto 5 Padukuhan Jl. Gn. Bulu, Bandut Lor, Argorejo, Kec. Sedayu, Kabupaten Bantul, Daerah Istimewa Yogyakarta 55753 | AC2: Muhammad H. Sjamsuddin | AD2: Islam | AE2: S1 | AF2: PNS | AH2: 085238964122 | AJ2: Selfiah Harlina | AK2: Islam | AL2: SMA | AM2: Ibu Rumah Tangga | BA2: Islam | BH2: Mohammad Sanusi, S.H.I. | BI2: 786961 | BJ2: Dr. Mhd. Lailan Arqam, M.Pd. | BK2: - / 895 833
A3: 2 | B3: B | C3: A | D3: 11586 | E3: 0105875288 | F3: Elka Maulana Iskandar | G3: 17 Juli 2023 | J3: 1 | K3: 1 | M3: Laki-laki | N3: Kudus | P3: 40530 | Q3: 18 Desember 2010 | S3: Islam | T3: Bae RT 001 RW 001 Bae Kudus Jawa Tengah | V3: Bae | W3: Bae | X3: Kudus | Y3: Jawa Tengah | Z3: MTs Mu'allimin Muh Yogyakarta | AA3: Jalan Suroto 5 Padukuhan Jl. Gn. Bulu, Bandut Lor, Argorejo, Kec. Sedayu, Kabupaten Bantul, Daerah Istimewa Yogyakarta 55754 | AC3: Heri Iskandar | AD3: Islam | AE3: D-III | AF3: Wiraswasta | AJ3: Deka Ayu Khotima | AK3: Islam | AL3: S1 | AM3: Guru | AO3: 081328375021 | AQ3: 3319071204070044 | AR3: 3319070605820007 | AS3: Kudus | AT3: 30077 | AV3: 331907510830002 | AW3: Pati | AX3: 30539 | BA3: Islam | BH3: Mohammad Sanusi, S.H.I. | BI3: 786961 | BJ3: Dr. Mhd. Lailan Arqam, M.Pd. | BK3: - / 895 833
A4: 3 | B4: A | C4: A | D4: 11589 | E4: 3111141420 | F4: Fahma Akhsananda Hidayat | G4: 17 Juli 2023 | J4: 3 | K4: 2 | M4: Laki-laki | N4: Cilacap | P4: 40659 | Q4: 26 April 2011 | S4: Islam | T4: Jl. Hadiwisastro RT 004 RW 002 Pesawahan Binangun Cilacap Jawa Tengah 53281 | U4: 53281 | V4: Pesawahan | W4: Binangun | X4: Cilacap | Y4: Jawa Tengah | Z4: MTs Mu'allimin Muh Yogyakarta | AA4: Jalan Suroto 5 Padukuhan Jl. Gn. Bulu, Bandut Lor, Argorejo, Kec. Sedayu, Kabupaten Bantul, Daerah Istimewa Yogyakarta 55756 | AC4: Nur Hidayat, S.Ag. | AD4: Islam | AE4: S1 | AF4: Guru | AH4: 081329062822 | AJ4: Tarwiyah, S.Ag. | AK4: Islam | AL4: S1 | AM4: Guru | AQ4: 3301040502080001 | AR4: 3301040608700005 | AS4: Cilacap | AT4: 25786 | AV4: 3301044703750005 | AW4: Cilacap | AX4: 27460 | BA4: Islam | BH4: Mohammad Sanusi, S.H.I. | BI4: 786961 | BJ4: Dr. Mhd. Lailan Arqam, M.Pd. | BK4: - / 895 833
A5: 4 | B5: D | C5: A | D5: 11607 | E5: 010502043 | F5: Feris Lutfi Hilal Mahadi | G5: 17 Juli 2023 | J5: 1 | K5: 1 | M5: Laki-laki | N5: Magelang | P5: 40490 | Q5: 8 November 2010 | S5: Islam | T5: Mergangsan Lor MG II/1098 YK RT 045 RW 014 Wirogunan Mergangsan Kota Yogyakarta DIY 55151 | U5: 55151 | V5: Wirogunan | W5: Mergangsan | X5: Kota Yogyakarta | Y5: DI Yogyakarta | Z5: MTs Mu'allimin Muh Yogyakarta | AA5: Jalan Suroto 5 Padukuhan Jl. Gn. Bulu, Bandut Lor, Argorejo, Kec. Sedayu, Kabupaten Bantul, Daerah Istimewa Yogyakarta 55757 | AC5: Samsu Hartanto | AD5: Islam | AE5: SMA | AF5: Karyawan Swasta | AH5: 08179440384 | AJ5: Rohmiyatun | AK5: Islam | AL5: SMP | AM5: Ibu Rumah Tangga | BA5: Islam | BH5: Mohammad Sanusi, S.H.I. | BI5: 786961 | BJ5: Dr. Mhd. Lailan Arqam, M.Pd. | BK5: - / 895 833
A6: 5 | B6: B | C6: A | D6: 11608 | E6: 3112084736 | F6: Firaz Tsaqeffano | G6: 17 Juli 2023 | J6: 2 | K6: 2 | M6: Laki-laki | N6: Banyumas | P6: 40736 | Q6: 12 Juli 2011 | S6: Islam | T6: Perumahan Pabuaran Indah no 24 Grendeng Purwokerto Utara Banyumas Jawa Tengah 53122 | U6: 53122 | V6: Grendeng | W6: Purwokerto Utara | X6: Banyumas | Y6: Jawa Tengah | Z6: MTs Mu'allimin Muh Yogyakarta | AA6: Jalan Suroto 5 Padukuhan Jl. Gn. Bulu, Bandut Lor, Argorejo, Kec. Sedayu, Kabupaten Bantul, Daerah Istimewa Yogyakarta 55758 | AC6: Prastowo Tri Witono | AD6: Islam | AE6: S1 | AF6: Pegawai BUMN | AH6: 081227883901 | AJ6: Fitri Hapsari Yuniarti | AK6: Islam | AL6: S1 | AM6: Wiraswasta | AZ6: Franky Yoga Anggara | BA6: Islam | BB6: SMA | BC6: Perangkat Desa | BD6: Jaten RT 01 Sendangsari Pajangan Bantul DIY | BH6: Mohammad Sanusi, S.H.I. | BI6: 786961 | BJ6: Dr. Mhd. Lailan Arqam, M.Pd. | BK6: - / 895 833
A7: 6 | B7: E | C7: A | D7: 11609 | E7: 0111152815 | F7: Fuad Imtiyaz Mubarok | G7: 17 Juli 2023 | J7: 1 | K7: 2 | M7: Laki-laki | N7: Jakarta | P7: 40604 | Q7: 2 Maret 2011 | S7: Islam | T7: Jalan Basuki No. 2G R T 006 RW 006 Cilangkap Cipayung Jakarta Timur DKI Jakarta 13870 | U7: 13870 | V7: Cilangkap | W7: Cipayung | X7: Jakarta Timur | Y7: DKI Jakarta | Z7: MTs Mu'allimin Muh Yogyakarta | AA7: Jalan Suroto 5 Padukuhan Jl. Gn. Bulu, Bandut Lor, Argorejo, Kec. Sedayu, Kabupaten Bantul, Daerah Istimewa Yogyakarta 55759 | AC7: Achmad Mubarok | AD7: Islam | AE7: S1 | AF7: PNS | AH7: 081384815108 | AJ7: Siti Fatimah | AK7: Islam | AL7: S1 | AM7: Ibu Rumah Tangga | BA7: Islam | BH7: Mohammad Sanusi, S.H.I. | BI7: 786961 | BJ7: Dr. Mhd. Lailan Arqam, M.Pd. | BK7: - / 895 833
A8: 7 | B8: F | C8: A | D8: 11616 | E8: 0112858971 | F8: Habiburrahman Al Azizi | G8: 17 Juli 2023 | J8: 1 | K8: 1 | M8: Laki-laki | N8: Boyolali | P8: 40572 | Q8: 29 Januari 2011 | S8: Islam | T8: Dk VII Dukuh Puron RT 048 Trimurti Srandakan Bantul DIY 55762 | U8: 55762 | V8: Trimurti | W8: Srandakan | X8: Bantul | Y8: DI Yogyakarta | Z8: MTs Mu'allimin Muh Yogyakarta | AA8: Jalan Suroto 5 Padukuhan Jl. Gn. Bulu, Bandut Lor, Argorejo, Kec. Sedayu, Kabupaten Bantul, Daerah Istimewa Yogyakarta 55760 | AC8: (Alm.) Abdul Razaq | AD8: Islam | AJ8: Ani Widyaningsih | AK8: Islam | AM8: Lainnya | AO8: 085327963630 | AQ8: 3402012107220003 | BA8: Islam | BH8: Mohammad Sanusi, S.H.I. | BI8: 786961 | BJ8: Dr. Mhd. Lailan Arqam, M.Pd. | BK8: - / 895 833
A9: 8 | B9: C | C9: A | D9: 11624 | E9: 0112825165 | F9: Hail Kaisan Izzati | G9: 17 Juli 2023 | J9: 1 | K9: 2 | M9: Laki-laki | N9: Cilacap | P9: 40743 | Q9: 19 Juli 2011 | S9: Islam | T9: Jenang RT 003/019 Majenang Cilacap Jawa Tengah 53257 | U9: 53257 | V9: Jenang | W9: Majenang | X9: Cilacap | Y9: Jawa Tengah | Z9: MTs Mu'allimin Muh Yogyakarta | AA9: Jalan Suroto 5 Padukuhan Jl. Gn. Bulu, Bandut Lor, Argorejo, Kec. Sedayu, Kabupaten Bantul, Daerah Istimewa Yogyakarta 55761 | AC9: Arif Budi Santosa | AD9: Islam | AE9: D-III | AF9: Karyawan Swasta | AH9: 0856013016310 | AJ9: Irma Yuliastuti | AK9: Islam | AL9: S1 | AM9: Guru | BA9: Islam | BH9: Mohammad Sanusi, S.H.I. | BI9: 786961 | BJ9: Dr. Mhd. Lailan Arqam, M.Pd. | BK9: - / 895 833
A10: 9 | B10: H | C10: A | D10: 11625 | E10: 0112205063 | F10: Haiz Elhaq Rahman | G10: 17 Juli 2023 | J10: 3 | K10: 5 | M10: Laki-laki | N10: Cairo | O10: 40736 | P10: 40736 | Q10: 12 Juli 2011 | S10: Islam | T10: Jl. Caringin Komplek Fizhilala Al Quran RT 004 RW 012 Sayang Jatinangor Sumedang Jawa Barat 45363 | U10: 45363 | V10: Sayang | W10: Jatinangor | X10: Sumedang | Y10: Jawa Barat | Z10: MTs Mu'allimin Muh Yogyakarta | AA10: Jalan Suroto 5 Padukuhan Jl. Gn. Bulu, Bandut Lor, Argorejo, Kec. Sedayu, Kabupaten Bantul, Daerah Istimewa Yogyakarta 55762 | AC10: Cecep Taufikurrohman | AD10: Islam | AE10: S1 | AF10: Wiraswasta | AH10: 081394765323 | AJ10: Nurjanah Sholihah | AK10: Islam | AL10: S1 | AM10: Ibu Rumah Tangga | BA10: Islam | BH10: Mohammad Sanusi, S.H.I. | BI10: 786961 | BJ10: Dr. Mhd. Lailan Arqam, M.Pd. | BK10: - / 895 833
A11: 10 | B11: D | C11: A | D11: 11626 | E11: 0119197225 | F11: Hamzah Fatih Almubarok | G11: 17 Juli 2023 | J11: 1 | K11: 2 | M11: Laki-laki | N11: Yogyakarta | P11: 40596 | Q11: 22 Februari 2011 | S11: Islam | T11: Sembungan RT 003 Bangunjiwo Kasihan Bantul DIY 55184 | U11: 55184 | V11: Bangunjiwo | W11: Kasihan | X11: Bantul | Y11: DI Yogyakarta | Z11: MTs Mu'allimin Muh Yogyakarta | AA11: Jalan Suroto 5 Padukuhan Jl. Gn. Bulu, Bandut Lor, Argorejo, Kec. Sedayu, Kabupaten Bantul, Daerah Istimewa Yogyakarta 55763 | AC11: Yudhi Wiyoko | AD11: Islam | AE11: S1 | AF11: Guru | AH11: +62 895-2732-8954 | AJ11: Muslihah | AK11: Islam | AL11: S1 | AM11: Guru | AO11: 0895323303952 | BA11: Islam | BH11: Mohammad Sanusi, S.H.I. | BI11: 786961 | BJ11: Dr. Mhd. Lailan Arqam, M.Pd. | BK11: - / 895 833
A12: 11 | B12: D | C12: A | D12: 11660 | E12: 0109202081 | F12: M.Dafa Wafiqul Azhar | G12: 17 Juli 2023 | J12: 1 | K12: 1 | M12: Laki-laki | N12: Lamongan | P12: 40284 | Q12: 16 April 2010 | S12: Islam | T12: Dsn. Bancak Wetan RT 001 RW 010 Krogowanan Sawangan Magelang Jawa Tengah 55481 | U12: 55481 | V12: Krogowanan | W12: Sawangan | X12: Magelang | Y12: Jawa Tengah | Z12: MTs Mu'allimin Muh Yogyakarta | AA12: Jalan Suroto 5 Padukuhan Jl. Gn. Bulu, Bandut Lor, Argorejo, Kec. Sedayu, Kabupaten Bantul, Daerah Istimewa Yogyakarta 55764 | AC12: Anwarudin | AD12: Islam | AE12: S1 | AF12: Karyawan Swasta | AJ12: Nur Chayati | AK12: Islam | AL12: S1 | AM12: Karyawan Swasta | AO12: 081228258535 | BA12: Islam | BH12: Mohammad Sanusi, S.H.I. | BI12: 786961 | BJ12: Dr. Mhd. Lailan Arqam, M.Pd. | BK12: - / 895 833
A13: 12 | B13: G | C13: A | D13: 11677 | E13: 0104224489 | F13: Muhamad Azriel Akbar Setya Putra | G13: 17 Juli 2023 | J13: 1 | K13: 1 | M13: Laki-laki | N13: Grobogan | P13: 40468 | Q13: 17 Oktober 2010 | S13: Islam | T13: Getaspejaten RT 010 RW 004 Jati Kudus Jawa Tengah 59343 | U13: 59343 | V13: Getaspejaten | W13: Jati | X13: Kudus | Y13: Jawa Tengah | Z13: MTs Mu'allimin Muh Yogyakarta | AA13: Jalan Suroto 5 Padukuhan Jl. Gn. Bulu, Bandut Lor, Argorejo, Kec. Sedayu, Kabupaten Bantul, Daerah Istimewa Yogyakarta 55766 | AC13: Iwan Setiawan | AD13: Islam | AF13: Lainnya | AJ13: Tutik | AK13: Islam | AL13: Diploma I/II | AM13: PNS | AO13: 081325320871 | BA13: Islam | BH13: Mohammad Sanusi, S.H.I. | BI13: 786961 | BJ13: Dr. Mhd. Lailan Arqam, M.Pd. | BK13: - / 895 833
A14: 13 | B14: G | C14: A | D14: 11678 | E14: 3119592992 | F14: Muhammad Abid Al Dzaka | G14: 17 Juli 2023 | J14: 2 | K14: 3 | M14: Laki-laki | N14: Sleman | P14: 39502 | Q14: 16 Mei 2008 | S14: Islam | T14: Babadan IV RT 003 RW 009 Sendangagung Minggir Sleman DIY 55562 | U14: 55562 | V14: Sendangagung | W14: Minggir | X14: Sleman | Y14: DI Yogyakarta | Z14: MTs Mu'allimin Muh Yogyakarta | AA14: Jalan Suroto 5 Padukuhan Jl. Gn. Bulu, Bandut Lor, Argorejo, Kec. Sedayu, Kabupaten Bantul, Daerah Istimewa Yogyakarta 55767 | AC14: Indra Mulyani | AD14: Islam | AE14: SMA | AF14: Wiraswasta | AJ14: Ristiana Kuntari | AK14: Islam | AL14: S1 | AM14: Guru | AO14: 085100507934 | BA14: Islam | BH14: Mohammad Sanusi, S.H.I. | BI14: 786961 | BJ14: Dr. Mhd. Lailan Arqam, M.Pd. | BK14: - / 895 833
A15: 14 | B15: A | C15: A | D15: 11659 | E15: 0103157116 | F15: M. Abyan Qisthi Nabhani | G15: 17 Juli 2023 | J15: 1 | K15: 2 | M15: Laki-laki | N15: Pekalongan | P15: 40518 | Q15: 6 Desember 2010 | S15: Islam | T15: Podo Gg. 2B RT 011 RW 002 Kedungwuni Pekalongan Jawa Tengah 51173 | U15: 51173 | V15: Podo | W15: Kedungwuni | X15: Pekalongan | Y15: Jawa Tengah | Z15: MTs Mu'allimin Muh Yogyakarta | AA15: Jalan Suroto 5 Padukuhan Jl. Gn. Bulu, Bandut Lor, Argorejo, Kec. Sedayu, Kabupaten Bantul, Daerah Istimewa Yogyakarta 55768 | AC15: Muh. Bakrin | AD15: Islam | AE15: SMA | AF15: Wiraswasta | AH15: 085700420814 | AJ15: Fitriana | AK15: Islam | AL15: S1 | AM15: Guru | AO15: 085642602276 | AQ15: 3326130807140001 | AR15: 3326130104810021 | AS15: Pekalongan | AT15: 29677 | AV15: 3326136004840002 | AW15: Pekalongan | AX15: 30792 | BA15: Islam | BH15: Mohammad Sanusi, S.H.I. | BI15: 786961 | BJ15: Dr. Mhd. Lailan Arqam, M.Pd. | BK15: - / 895 833
A16: 15 | B16: E | C16: A | D16: 11687 | E16: 0118383409 | F16: Muhammad Almairi Akhyar | G16: 17 Juli 2023 | J16: 2 | K16: 2 | M16: Laki-laki | N16: Manggar | P16: 40840 | Q16: 24 Oktober 2011 | S16: Islam | T16: Dsn. Padang II RT 008 RW 004 Padang Manggar Belitung Timur Kepulauan Bangka Belitung 33516 | U16: 33516 | V16: Padang | W16: Manggar | X16: Belitung Timur | Y16: Kepulauan Bangka Belitung | Z16: MTs Mu'allimin Muh Yogyakarta | AA16: Jalan Suroto 5 Padukuhan Jl. Gn. Bulu, Bandut Lor, Argorejo, Kec. Sedayu, Kabupaten Bantul, Daerah Istimewa Yogyakarta 55769 | AC16: Agustian | AD16: Islam | AE16: S1 | AF16: PNS | AH16: 081367242505 | AJ16: Nurlaili Fitriyah | AK16: Islam | AL16: D-III | AM16: PNS | BA16: Islam | BH16: Mohammad Sanusi, S.H.I. | BI16: 786961 | BJ16: Dr. Mhd. Lailan Arqam, M.Pd. | BK16: - / 895 833
A17: 16 | B17: C | C17: A | D17: 11699 | E17: 0114574227 | F17: Muhammad Burhanuddin Robbani | G17: 17 Juli 2023 | J17: 2 | K17: 2 | M17: Laki-laki | N17: Jakarta | P17: 40617 | Q17: 15 Maret 2011 | S17: Islam | T17: Srengseng No 2 RT 002 RW 002 Srengseng Kembangan Jakarta Barat DKI Jakarta 11630 | U17: 11630 | V17: Srengseng | W17: Kembangan | X17: Jakarta Barat | Y17: DKI Jakarta | Z17: MTs Mu'allimin Muh Yogyakarta | AA17: Jalan Suroto 5 Padukuhan Jl. Gn. Bulu, Bandut Lor, Argorejo, Kec. Sedayu, Kabupaten Bantul, Daerah Istimewa Yogyakarta 55770 | AC17: Nurhadi | AD17: Islam | AE17: S1 | AF17: Karyawan Swasta | AJ17: Nur'ani | AK17: Islam | AL17: S1 | AM17: Ibu Rumah Tangga | AO17: 08119888395 | BA17: Islam | BH17: Mohammad Sanusi, S.H.I. | BI17: 786961 | BJ17: Dr. Mhd. Lailan Arqam, M.Pd. | BK17: - / 895 833
A18: 17 | B18: G | C18: A | D18: 11701 | E18: 0116953353 | F18: Muhammad Dwilutfan Ahda | G18: 17 Juli 2023 | J18: 2 | K18: 4 | M18: Laki-laki | N18: Belitung | P18: 40836 | Q18: 20 Oktober 2011 | S18: Islam | T18: Dsn. Pancur I RT 001 RW 001 Padang Manggar Belitung Timur Kepulauan Bangka Belitung 33516 | U18: 33516 | V18: Padang | W18: Manggar | X18: Belitung Timur | Y18: Kepulauan Bangka Belitung | Z18: MTs Mu'allimin Muh Yogyakarta | AA18: Jalan Suroto 5 Padukuhan Jl. Gn. Bulu, Bandut Lor, Argorejo, Kec. Sedayu, Kabupaten Bantul, Daerah Istimewa Yogyakarta 55771 | AC18: Samlawi | AD18: Islam | AE18: S1 | AF18: PNS | AH18: 081930205518 | AJ18: Ria Rita | AK18: Islam | AL18: S1 | AM18: PNS | BA18: Islam | BH18: Mohammad Sanusi, S.H.I. | BI18: 786961 | BJ18: Dr. Mhd. Lailan Arqam, M.Pd. | BK18: - / 895 833
A19: 18 | B19: F | C19: A | D19: 11722 | E19: 0112036009 | F19: Muhammad Ibra Bekti Rohmadhoni | G19: 17 Juli 2023 | J19: 1 | K19: 1 | M19: Laki-laki | N19: Bojonegoro | P19: 40759 | Q19: 4 Agustus 2011 | S19: Islam | T19: Jl. Muh. Husni Thamrin RT 001 RW 002 Tomba Wolio Kota Baubau Sulawesi Tenggara 93712 | U19: 93712 | V19: Tomba | W19: Wolio | X19: Kota Baubau | Y19: Sulawesi Tenggara | Z19: MTs Mu'allimin Muh Yogyakarta | AA19: Jalan Suroto 5 Padukuhan Jl. Gn. Bulu, Bandut Lor, Argorejo, Kec. Sedayu, Kabupaten Bantul, Daerah Istimewa Yogyakarta 55774 | AC19: Imam Subekti | AD19: Islam | AE19: SMP | AF19: Wiraswasta | AH19: 081330191549 | AJ19: Aenur Rohmah | AK19: Islam | AL19: SMP | AM19: Ibu Rumah Tangga | BA19: Islam | BH19: Mohammad Sanusi, S.H.I. | BI19: 786961 | BJ19: Dr. Mhd. Lailan Arqam, M.Pd. | BK19: - / 895 833
A20: 19 | B20: B | C20: A | D20: 11728 | E20: 0109802442 | F20: Muhammad Naufal Rasyiid Jaya | G20: 17 Juli 2023 | J20: 1 | K20: 1 | M20: Laki-laki | N20: Sleman | P20: 40373 | Q20: 14 Juli 2010 | S20: Islam | T20: Bodeh RT 001 RW 023 Ambarketawang Gamping Sleman DIY 55294 | U20: 55294 | V20: Ambarketawang | W20: Gamping | X20: Sleman | Y20: DI Yogyakarta | Z20: MTs Mu'allimin Muh Yogyakarta | AA20: Jalan Suroto 5 Padukuhan Jl. Gn. Bulu, Bandut Lor, Argorejo, Kec. Sedayu, Kabupaten Bantul, Daerah Istimewa Yogyakarta 55775 | AC20: Supangat Infantri Jaya | AD20: Islam | AE20: SMA | AF20: PNS | AH20: 081838205958 | AJ20: Budi Lestari | AK20: Islam | AL20: SMA | AM20: Ibu Rumah Tangga | AQ20: 3404013007100014 | AR20: 340401604770002 | AS20: Sleman | AT20: 28221 | AV20: 3402084210770004 | AW20: Bantul | AX20: 28400 | BA20: Islam | BH20: Mohammad Sanusi, S.H.I. | BI20: 786961 | BJ20: Dr. Mhd. Lailan Arqam, M.Pd. | BK20: - / 895 833
A21: 20 | B21: E | C21: A | D21: 11731 | E21: 3103569331 | F21: Muhammad Rafa Arrayyan | G21: 17 Juli 2023 | J21: 1 | K21: 2 | M21: Laki-laki | N21: Jakarta | P21: 40382 | Q21: 23 Juli 2010 | S21: Islam | T21: Jl. Swadaya PLN Klender RT 003 RW 002 Jatinegara Cakung Jakarta Timur DKI Jakarta 13930 | U21: 13930 | V21: Jatinegara | W21: Cakung | X21: Jakarta Timur | Y21: DKI Jakarta | Z21: MTs Mu'allimin Muh Yogyakarta | AA21: Jalan Suroto 5 Padukuhan Jl. Gn. Bulu, Bandut Lor, Argorejo, Kec. Sedayu, Kabupaten Bantul, Daerah Istimewa Yogyakarta 55776 | AC21: Trinanda Munfaji (alm.) | AD21: Islam | AJ21: Nur Robiatul Adawiyah | AK21: Islam | AL21: S1 | AM21: Guru | AO21: 081289623359 | BA21: Islam | BH21: Mohammad Sanusi, S.H.I. | BI21: 786961 | BJ21: Dr. Mhd. Lailan Arqam, M.Pd. | BK21: - / 895 833
A22: 21 | B22: H | C22: A | D22: 11735 | E22: 0119936984 | F22: Muhammad Razan Al Azka Panglimunan | G22: 17 Juli 2023 | J22: 1 | K22: 1 | M22: Laki-laki | N22: Solo | P22: 40694 | Q22: 31 Mei 2011 | S22: Islam | T22: Jl. Sekar Jagad 1 No. 21A RT 004 RW 001 Pajang Laweyan Surakarta Jawa Tengah 57146 | U22: 57146 | V22: Pajang | W22: Laweyan | X22: Kota Surakarta | Y22: Jawa Tengah | Z22: MTs Mu'allimin Muh Yogyakarta | AA22: Jalan Suroto 5 Padukuhan Jl. Gn. Bulu, Bandut Lor, Argorejo, Kec. Sedayu, Kabupaten Bantul, Daerah Istimewa Yogyakarta 55777 | AC22: Muhammad Iqbal | AD22: Islam | AJ22: Siti Amirul Ulfah | AK22: Islam | AL22: S1 | AM22: Ibu Rumah Tangga | BA22: Islam | BH22: Mohammad Sanusi, S.H.I. | BI22: 786961 | BJ22: Dr. Mhd. Lailan Arqam, M.Pd. | BK22: - / 895 833
A23: 22 | B23: A | C23: A | D23: 11762 | E23: 0103659765 | F23: Nizham Ziyad Ar Rasyiediin | G23: 17 Juli 2023 | J23: 1 | K23: 1 | M23: Laki-laki | N23: Taman Sari | P23: 40427 | Q23: 6 September 2010 | S23: Islam | T23: Jl. Tani RT 006 RW 004 Pringsewu Barat Pringsewu Lampung 35373 | U23: 35373 | V23: Pringsewu Barat | W23: Pringsewu | X23: Pringsewu | Y23: Lampung | Z23: MTs Mu'allimin Muh Yogyakarta | AA23: Jalan Suroto 5 Padukuhan Jl. Gn. Bulu, Bandut Lor, Argorejo, Kec. Sedayu, Kabupaten Bantul, Daerah Istimewa Yogyakarta 55778 | AC23: Edi Susanto, SE | AD23: Islam | AE23: S1 | AF23: Wiraswasta | AH23: 085269569197 | AJ23: Indarti Suryaningsih, SE | AK23: Islam | AL23: S1 | AM23: Karyawan Swasta | AQ23: 1810011110160007 | AR23: 180911306840004 | AS23: Mujirahayu | AT23: 30846 | AV23: 1809015911850005 | AW23: Kemiling | AX23: 31370 | BA23: Islam | BH23: Mohammad Sanusi, S.H.I. | BI23: 786961 | BJ23: Dr. Mhd. Lailan Arqam, M.Pd. | BK23: - / 895 833
A24: 23 | B24: E | C24: A | D24: 11800 | E24: 0116601897 | F24: Rohman Qolbi Salim | G24: 17 Juli 2023 | J24: 3 | K24: 2 | M24: Laki-laki | N24: Rimbo Bujang | P24: 40570 | Q24: 27 Januari 2011 | S24: Islam | T24: Jl. Jendral Sudirman RT 001 RW 004 Mandiri Agung Rimbo Bujang Tebo Jambi 37551 | U24: 37551 | V24: Mandiri Agung | W24: Rimbo Bujang | X24: Tebo | Y24: Jambi | Z24: MTs Mu'allimin Muh Yogyakarta | AA24: Jalan Suroto 5 Padukuhan Jl. Gn. Bulu, Bandut Lor, Argorejo, Kec. Sedayu, Kabupaten Bantul, Daerah Istimewa Yogyakarta 55779 | AC24: Busri, S.Pd. | AD24: Islam | AE24: S1 | AF24: PNS | AH24: 082374722650 | AJ24: Nurul Hidayah | AK24: Islam | AL24: SMA | AM24: Ibu Rumah Tangga | BA24: Islam | BH24: Mohammad Sanusi, S.H.I. | BI24: 786961 | BJ24: Dr. Mhd. Lailan Arqam, M.Pd. | BK24: - / 895 833
A25: 24 | B25: B | C25: A | D25: 11810 | E25: 0112840730 | F25: Syabil Angkasa Putra Solissa | G25: 17 Juli 2023 | J25: 2 | K25: 2 | M25: Laki-laki | N25: Ambon | P25: 40721 | Q25: 27 Juni 2011 | S25: Islam | T25: Desa Lektama Namrole Buru Selatan Maluku | V25: Lektama | W25: Namrole | X25: Buru Selatan | Y25: Maluku | Z25: MTs Mu'allimin Muh Yogyakarta | AA25: Jalan Suroto 5 Padukuhan Jl. Gn. Bulu, Bandut Lor, Argorejo, Kec. Sedayu, Kabupaten Bantul, Daerah Istimewa Yogyakarta 55780 | AC25: Yasir Arafat Solissa | AD25: Islam | AE25: SMA | AF25: POLRI | AJ25: Miram Hitimala | AK25: Islam | AL25: SMA | AM25: Ibu Rumah Tangga | AZ25: Abdul Basir Solissa | BA25: Islam | BB25: S2 | BC25: Dosen | BF25: 082141317156 | BH25: Mohammad Sanusi, S.H.I. | BI25: 786961 | BJ25: Dr. Mhd. Lailan Arqam, M.Pd. | BK25: - / 895 833
A26: 25 | B26: E | C26: A | D26: 11819 | E26: 0112861218 | F26: Wazni Nawaf Al-Farras | G26: 17 Juli 2023 | J26: 1 | K26: 1 | M26: Laki-laki | N26: Sleman | P26: 40647 | Q26: 14 April 2011 | S26: Islam | T26: Ngentak RT 066 Argorejo Sedayu Bantul DIY 55752 | U26: 55752 | V26: Argorejo | W26: Sedayu | X26: Bantul | Y26: DI Yogyakarta | Z26: MTs Mu'allimin Muh Yogyakarta | AA26: Jalan Suroto 5 Padukuhan Jl. Gn. Bulu, Bandut Lor, Argorejo, Kec. Sedayu, Kabupaten Bantul, Daerah Istimewa Yogyakarta 55781 | AC26: Agus Suprianto | AD26: Islam | AE26: S1 | AF26: Karyawan Swasta | AJ26: Alif Maziyah | AK26: Islam | AL26: S1 | AM26: Wiraswasta | AO26: 08156815406 | BA26: Islam | BH26: Mohammad Sanusi, S.H.I. | BI26: 786961 | BJ26: Dr. Mhd. Lailan Arqam, M.Pd. | BK26: - / 895 833
A27: 26 | B27: C | C27: A | D27: 11823 | E27: 0112852073 | F27: Yusuf Aydin Hylmi Asadel | G27: 17 Juli 2023 | J27: 2 | K27: 2 | M27: Laki-laki | N27: Semarang | P27: 40569 | Q27: 26 Januari 2011 | S27: Islam | T27: Botton 1 472 RT 003 RW 005 Magelang Tengah Kota Magelang Jawa Tengah 56117 | U27: 56117 | V27: Magelang | W27: Magelang Tengah | X27: Kota Magelang | Y27: Jawa Tengah | Z27: MTs Mu'allimin Muh Yogyakarta | AA27: Jalan Suroto 5 Padukuhan Jl. Gn. Bulu, Bandut Lor, Argorejo, Kec. Sedayu, Kabupaten Bantul, Daerah Istimewa Yogyakarta 55782 | AC27: Nanang Yudo Cahyono | AD27: Islam | AE27: S1 | AF27: PNS | AH27: 085647639364 | AJ27: Maftuhah | AK27: Islam | AL27: SMA | AM27: Ibu Rumah Tangga | BA27: Islam | BH27: Mohammad Sanusi, S.H.I. | BI27: 786961 | BJ27: Dr. Mhd. Lailan Arqam, M.Pd. | BK27: - / 895 833
A28: 1 | B28: B | C28: B | D28: 11535 | E28: 0113563650 | F28: Ahmad Azzam Huluq | G28: 17 Juli 2023 | J28: 3 | K28: 2 | M28: Laki-laki | N28: Serang | P28: 40612 | Q28: 10 Maret 2011 | S28: Islam | T28: Lingk Lebak Gempol RT 001 RW 010 Panancangan Cipocok Jaya Kota Serang Banten 42124 | U28: 42124 | V28: Panancangan | W28: Cipocok Jaya | X28: Kota Serang | Y28: Banten | Z28: MTs Mu'allimin Muh Yogyakarta | AA28: Jalan Suroto 5 Padukuhan Jl. Gn. Bulu, Bandut Lor, Argorejo, Kec. Sedayu, Kabupaten Bantul, Daerah Istimewa Yogyakarta 55783 | AC28: H. Irfan Husnul Huluq, SE | AD28: Islam | AE28: S1 | AF28: PNS | AJ28: Yuliawati | AK28: Islam | AL28: S1 | AM28: Ibu Rumah Tangga | AO28: 08787949101 | AQ28: 3604021801050100 | AR28: 3604022805770476 | AS28: Bandung | AT28: 28273 | AV28: 3604024307760477 | AW28: Serang | AX28: 27947 | BA28: Islam | BH28: Muhammad Taffani Kusumawardana, S.Si. | BI28: 1408764 | BJ28: Dr. Mhd. Lailan Arqam, M.Pd. | BK28: - / 895 833
A29: 2 | B29: F | C29: B | D29: 11536 | E29: 0106466461 | F29: Ahmad Faith Aly Ishar | G29: 17 Juli 2023 | J29: 3 | K29: 2 | M29: Laki-laki | N29: Makassar | P29: 40480 | Q29: 29 Oktober 2010 | S29: Islam | T29: BTN Minasa Upa Blok L 15 No 15 RT 005 RW 014 Minasa Upa Rappocini Kota Makassar Sulawesi Selatan 90221 | U29: 90221 | V29: Minasa Upa | W29: Rappocini | X29: Kota Makassar | Y29: Sulawesi Selatan | Z29: MTs Mu'allimin Muh Yogyakarta | AA29: Jalan Suroto 5 Padukuhan Jl. Gn. Bulu, Bandut Lor, Argorejo, Kec. Sedayu, Kabupaten Bantul, Daerah Istimewa Yogyakarta 55784 | AC29: H. Hasbudi, ST | AD29: Islam | AE29: S1 | AF29: Karyawan Swasta | AJ29: Ramlah Mustara | AK29: Islam | AL29: S1 | AM29: PNS | BA29: Islam | BH29: Muhammad Taffani Kusumawardana, S.Si. | BI29: 1408764 | BJ29: Dr. Mhd. Lailan Arqam, M.Pd. | BK29: - / 895 833
A30: 3 | B30: F | C30: B | D30: 11540 | E30: 0118001666 | F30: Ahmad Syamil Zakaria | G30: 17 Juli 2023 | J30: 3 | K30: 2 | M30: Laki-laki | N30: Padang | P30: 40630 | Q30: 28 Maret 2011 | S30: Islam | T30: Jl. B. Zein Hamid Gg Kelaurga No. 14 A LK II Titi Kuning Medan Johor Kota Medan Sumatera Utara 20146 | U30: 20146 | V30: Titi Kuning | W30: Medan Johor | X30: Kota Medan | Y30: Sumatera Utara | Z30: MTs Mu'allimin Muh Yogyakarta | AA30: Jalan Suroto 5 Padukuhan Jl. Gn. Bulu, Bandut Lor, Argorejo, Kec. Sedayu, Kabupaten Bantul, Daerah Istimewa Yogyakarta 55785 | AC30: Didik Darmadi | AD30: Islam | AE30: S2 | AF30: PNS | AH30: 081319303814 | AJ30: Annisah Husni Daulay | AK30: Islam | AL30: S2 | AM30: PNS | BA30: Islam | BH30: Muhammad Taffani Kusumawardana, S.Si. | BI30: 1408764 | BJ30: Dr. Mhd. Lailan Arqam, M.Pd. | BK30: - / 895 833
A31: 4 | B31: E | C31: B | D31: 11549 | E31: 0109732828 | F31: Amar Maulana Ardani | G31: 17 Juli 2023 | J31: 4 | K31: 3 | M31: Laki-laki | N31: Wonosobo | P31: 40320 | Q31: 22 Mei 2010 | S31: Islam | T31: Mataraman RT 001 RW 005 Wonosobo Timur Wonosobo Jawa Tengah 56311 | U31: 56311 | V31: Wonosobo Timur | W31: Wonosobo | X31: Wonosobo | Y31: Jawa Tengah | Z31: MTs Mu'allimin Muh Yogyakarta | AA31: Jalan Suroto 5 Padukuhan Jl. Gn. Bulu, Bandut Lor, Argorejo, Kec. Sedayu, Kabupaten Bantul, Daerah Istimewa Yogyakarta 55786 | AC31: Chamim Ardani | AD31: Islam | AE31: SMA | AF31: Pedagang | AH31: 085290670867 | AJ31: Nuryanti | AK31: Islam | BA31: Islam | BH31: Muhammad Taffani Kusumawardana, S.Si. | BI31: 1408764 | BJ31: Dr. Mhd. Lailan Arqam, M.Pd. | BK31: - / 895 833
A32: 5 | B32: E | C32: B | D32: 11550 | E32: 0101109394 | F32: Amaru Dimitar Seja Maharota | G32: 17 Juli 2023 | J32: 2 | K32: 2 | M32: Laki-laki | N32: Magetan | P32: 40281 | Q32: 13 April 2010 | S32: Islam | T32: Jln. Hasanudin RT 004 RW 005 Selosari Magetan Jawa Timur | V32: Selosari | W32: Magetan | X32: Magetan | Y32: Jawa Timur | Z32: MTs Mu'allimin Muh Yogyakarta | AA32: Jalan Suroto 5 Padukuhan Jl. Gn. Bulu, Bandut Lor, Argorejo, Kec. Sedayu, Kabupaten Bantul, Daerah Istimewa Yogyakarta 55787 | AC32: Heru Riyanto | AD32: Islam | AE32: S1 | AF32: PNS | AH32: 081336742400 | AJ32: Amaliya Nur Hasanah | AK32: Islam | AL32: S1 | AM32: Ibu Rumah Tangga | BA32: Islam | BH32: Muhammad Taffani Kusumawardana, S.Si. | BI32: 1408764 | BJ32: Dr. Mhd. Lailan Arqam, M.Pd. | BK32: - / 895 833
A33: 6 | B33: H | C33: B | D33: 11557 | E33: 3108936886 | F33: Arman Maulana | G33: 17 Juli 2023 | J33: 3 | K33: 3 | M33: Laki-laki | N33: Jakarta | P33: 40252 | Q33: 15 Maret 2010 | S33: Islam | T33: Jl. Rawa Bebek RT 010 RW 013 Penjaringan Jakarta Utara DKI Jakarta 14440 | U33: 14440 | V33: Penjaringan | W33: Penjaringan | X33: Jakarta Utara | Y33: DKI Jakarta | Z33: MTs Mu'allimin Muh Yogyakarta | AA33: Jalan Suroto 5 Padukuhan Jl. Gn. Bulu, Bandut Lor, Argorejo, Kec. Sedayu, Kabupaten Bantul, Daerah Istimewa Yogyakarta 55788 | AC33: Abdul Hamid | AD33: Islam | AE33: SMA | AF33: Karyawan Swasta | AJ33: Rubiyanti | AK33: Islam | AL33: SMP | AM33: Ibu Rumah Tangga | AO33: 082135433550 | BA33: Islam | BH33: Muhammad Taffani Kusumawardana, S.Si. | BI33: 1408764 | BJ33: Dr. Mhd. Lailan Arqam, M.Pd. | BK33: - / 895 833
A34: 7 | B34: B | C34: B | D34: 11559 | E34: 0107749826 | F34: Ashraf 'Ifathurrosydan | G34: 17 Juli 2023 | J34: 1 | K34: 2 | M34: Laki-laki | N34: Sragen | P34: 40331 | Q34: 2 Juni 2010 | S34: Islam | T34: Masaran Kulon RT 003 RW 002 Jati Masaran Sragen Jawa Tengah 57282 | U34: 57282 | V34: Jati | W34: Masaran | X34: Sragen | Y34: Jawa Tengah | Z34: MTs Mu'allimin Muh Yogyakarta | AA34: Jalan Suroto 5 Padukuhan Jl. Gn. Bulu, Bandut Lor, Argorejo, Kec. Sedayu, Kabupaten Bantul, Daerah Istimewa Yogyakarta 55789 | AC34: Hasan Rustamaji, S.Sn. | AD34: Islam | AE34: S1 | AF34: PNS | AJ34: Ida Rodliyah | AK34: Islam | AL34: S1 | AM34: Wiraswasta | AO34: 082277695266 | AQ34: 3314030802170003 | AR34: 3314031409800001 | AS34: Sragen | AT34: 29478 | AV34: 3314114502840001 | AW34: Sragen | AX34: 30717 | BA34: Islam | BH34: Muhammad Taffani Kusumawardana, S.Si. | BI34: 1408764 | BJ34: Dr. Mhd. Lailan Arqam, M.Pd. | BK34: - / 895 833
A35: 8 | B35: C | C35: B | D35: 11563 | E35: 0109930189 | F35: Aviciena Rafa Al Ghifari | G35: 17 Juli 2023 | J35: 1 | K35: 2 | M35: Laki-laki | N35: Yogyakarta | P35: 40471 | Q35: 20 Oktober 2010 | S35: Islam | T35: Sorosutan UH 6/928 RT 019 RW 006 Umbulharjo Kota Yogyakarta DIY 55162 | U35: 55162 | V35: Sorosutan | W35: Umbulharjo | X35: Kota Yogyakarta | Y35: DI Yogyakarta | Z35: MTs Mu'allimin Muh Yogyakarta | AA35: Jalan Suroto 5 Padukuhan Jl. Gn. Bulu, Bandut Lor, Argorejo, Kec. Sedayu, Kabupaten Bantul, Daerah Istimewa Yogyakarta 55790 | AC35: Hery Sukirno, S.H.I. | AD35: Islam | AE35: S1 | AF35: Karyawan Swasta | AH35: 081904086099 | AJ35: Martha Setyawati | AK35: Islam | AL35: S1 | AM35: Guru | BA35: Islam | BH35: Muhammad Taffani Kusumawardana, S.Si. | BI35: 1408764 | BJ35: Dr. Mhd. Lailan Arqam, M.Pd. | BK35: - / 895 833
A36: 9 | B36: D | C36: B | D36: 11568 | E36: 0114695074 | F36: Azharuddin Ahza Aprilian | G36: 17 Juli 2023 | J36: 5 | K36: 4 | M36: Laki-laki | N36: Yogyakarta | P36: 40640 | Q36: 7 April 2011 | S36: Islam | T36: Perum Baleasri Blok F-7 Pereng Dawe RT 013 RW 046 Balecatur Gamping Sleman Daerah Istimewa Yogyakarta | U36: 55295 | V36: Balecatur | W36: Gamping | X36: Sleman | Y36: Daerah Istimewa Yogyakarta | Z36: MTs Mu'allimin Muh Yogyakarta | AA36: Jalan Suroto 5 Padukuhan Jl. Gn. Bulu, Bandut Lor, Argorejo, Kec. Sedayu, Kabupaten Bantul, Daerah Istimewa Yogyakarta 55791 | AC36: Drs. Muslih | AD36: Islam | AE36: S1 | AF36: PNS | AJ36: Siti Khalimah | AK36: Islam | AL36: S1 | AM36: Ibu Rumah Tangga | BA36: Islam | BH36: Muhammad Taffani Kusumawardana, S.Si. | BI36: 1408764 | BJ36: Dr. Mhd. Lailan Arqam, M.Pd. | BK36: - / 895 833
A37: 10 | B37: A | C37: B | D37: 11611 | E37: 0115018402 | F37: Gardadin Rusydian Muhammad | G37: 17 Juli 2023 | J37: 1 | K37: 1 | M37: Laki-laki | N37: Sleman | P37: 40568 | Q37: 25 Januari 2011 | S37: Islam | T37: Jl. Delima II/73 Perum jambusari Indah Krajan RT 008 RW 065 Wedomartani Ngemplak Sleman DIY 55584 | U37: 55584 | V37: Wedomartani | W37: Ngemplak | X37: Sleman | Y37: DI Yogyakarta | Z37: MTs Mu'allimin Muh Yogyakarta | AA37: Jalan Suroto 5 Padukuhan Jl. Gn. Bulu, Bandut Lor, Argorejo, Kec. Sedayu, Kabupaten Bantul, Daerah Istimewa Yogyakarta 55792 | AC37: Muhammad Abduh | AD37: Islam | AE37: S1 | AF37: Wiraswasta | AH37: 083840005060 | AJ37: Bertalisa | AK37: Islam | AL37: S2 | AM37: Ibu Rumah Tangga | AQ37: 3404111703110003 | AR37: 3471101605810001 | AS37: Yogyakarta | AT37: 29722 | AV37: 3404115010800006 | AW37: Pendopo | AX37: 29504 | BA37: Islam | BH37: Muhammad Taffani Kusumawardana, S.Si. | BI37: 1408764 | BJ37: Dr. Mhd. Lailan Arqam, M.Pd. | BK37: - / 895 833
A38: 11 | B38: D | C38: B | D38: 11613 | E38: 0107481232 | F38: Gilang Cahyo Candrawimba | G38: 17 Juli 2023 | J38: 1 | K38: 1 | M38: Laki-laki | N38: Magelang | P38: 40394 | Q38: 4 Agustus 2010 | S38: Islam | T38: Dsn. Kuncen RT 001 RW 002 Ngablak Magelang Jawa Tengah 56194 | U38: 56194 | V38: Ngablak | W38: Ngablak | X38: Magelang | Y38: Jawa Tengah | Z38: MTs Mu'allimin Muh Yogyakarta | AA38: Jalan Suroto 5 Padukuhan Jl. Gn. Bulu, Bandut Lor, Argorejo, Kec. Sedayu, Kabupaten Bantul, Daerah Istimewa Yogyakarta 55793 | AC38: Heri Cahyono | AD38: Islam | AE38: S1 | AF38: Wiraswasta | AH38: 085292277795 | AJ38: Siti Mahmudah | AK38: Islam | AL38: S1 | AM38: Wiraswasta | BA38: Islam | BH38: Muhammad Taffani Kusumawardana, S.Si. | BI38: 1408764 | BJ38: Dr. Mhd. Lailan Arqam, M.Pd. | BK38: - / 895 833
A39: 12 | B39: D | C39: B | D39: 11620 | E39: 0109439388 | F39: Haidar Iftikarullah Aszuhdi | G39: 17 Juli 2023 | J39: 2 | K39: 2 | M39: Laki-laki | N39: Yogyakarta | P39: 40412 | Q39: 22 Agustus 2010 | S39: Islam | T39: Perum Griya Mandiri No. 1 RT 054 RW 015 Suryodiningratan Mantrijeron Kota Yogyakarta DIY 55141 | U39: 55141 | V39: Suryodiningratan | W39: Mantrijeron | X39: Kota Yogyakarta | Y39: DI Yogyakarta | Z39: MTs Mu'allimin Muh Yogyakarta | AA39: Jalan Suroto 5 Padukuhan Jl. Gn. Bulu, Bandut Lor, Argorejo, Kec. Sedayu, Kabupaten Bantul, Daerah Istimewa Yogyakarta 55794 | AC39: Alwansyah, ST | AD39: Islam | AE39: S1 | AF39: Karyawan Swasta | AH39: 08123488283 | AJ39: Anggarakasih Ardianto, SH | AK39: Islam | AL39: S1 | AM39: Karyawan Swasta | BA39: Islam | BH39: Muhammad Taffani Kusumawardana, S.Si. | BI39: 1408764 | BJ39: Dr. Mhd. Lailan Arqam, M.Pd. | BK39: - / 895 833
A40: 13 | B40: H | C40: B | D40: 11627 | E40: 0109855762 | F40: Hanan Al Atsari | G40: 17 Juli 2023 | J40: 4 | K40: 3 | M40: Laki-laki | N40: Bantul | P40: 40448 | Q40: 27 September 2010 | S40: Islam | T40: Sumber Dk. Balakan RT 001 Sumberagung Jetis Bantul DIY 55781 | U40: 55781 | V40: Sumberagung | W40: Jetis | X40: Bantul | Y40: DI Yogyakarta | Z40: MTs Mu'allimin Muh Yogyakarta | AA40: Jalan Suroto 5 Padukuhan Jl. Gn. Bulu, Bandut Lor, Argorejo, Kec. Sedayu, Kabupaten Bantul, Daerah Istimewa Yogyakarta 55795 | AC40: Noor Kunto Aribowo | AD40: Islam | AE40: D-IV | AF40: Perawat | AJ40: Pariyah | AK40: Islam | AL40: D-III | AM40: Ibu Rumah Tangga | AO40: 0895332725129 | BA40: Islam | BH40: Muhammad Taffani Kusumawardana, S.Si. | BI40: 1408764 | BJ40: Dr. Mhd. Lailan Arqam, M.Pd. | BK40: - / 895 833
A41: 14 | B41: A | C41: B | D41: 11632 | E41: 0115495662 | F41: Hisyam Arrosyid | G41: 17 Juli 2023 | J41: 1 | K41: 1 | M41: Laki-laki | N41: Pekalongan | P41: 40783 | Q41: 28 Agustus 2011 | S41: Islam | T41: Delegtukang RT 001 RW 001 Wiradesa Pekalongan Jawa Tengah 51152 | U41: 51152 | V41: Delegtukang | W41: Wiradesa | X41: Pekalongan | Y41: Jawa Tengah | Z41: MTs Mu'allimin Muh Yogyakarta | AA41: Jalan Suroto 5 Padukuhan Jl. Gn. Bulu, Bandut Lor, Argorejo, Kec. Sedayu, Kabupaten Bantul, Daerah Istimewa Yogyakarta 55796 | AC41: Agung Pribadi, SE | AD41: Islam | AE41: S1 | AF41: Karyawan Swasta | AH41: 085747700600 | AJ41: Tuti Alawiyah | AK41: Islam | AL41: S1 | AM41: Pedagang | AQ41: 3326162207150002 | AR41: 3375042312780004 | AS41: Pekalongan | AT41: 28847 | AV41: 3326116712850001 | AW41: Pekalongan | AX41: 31408 | BA41: Islam | BH41: Muhammad Taffani Kusumawardana, S.Si. | BI41: 1408764 | BJ41: Dr. Mhd. Lailan Arqam, M.Pd. | BK41: - / 895 833
A42: 15 | B42: D | C42: B | D42: 11646 | E42: 0113830772 | F42: Kalam Abimanyu Priyatna | G42: 17 Juli 2023 | J42: 2 | K42: 2 | M42: Laki-laki | N42: Sleman | P42: 40662 | Q42: 29 April 2011 | S42: Islam | T42: Jaban RT 003 RW 003 Tridadi Sleman DIY 55511 | U42: 55511 | V42: Tridadi | W42: Sleman | X42: Sleman | Y42: DI Yogyakarta | Z42: MTs Mu'allimin Muh Yogyakarta | AA42: Jalan Suroto 5 Padukuhan Jl. Gn. Bulu, Bandut Lor, Argorejo, Kec. Sedayu, Kabupaten Bantul, Daerah Istimewa Yogyakarta 55797 | AC42: Deden Apriyatna | AD42: Islam | AE42: S1 | AF42: Karyawan Swasta | AJ42: Krima Karmila | AK42: Islam | AL42: S1 | AM42: PNS | AO42: 081325650544 | BA42: Islam | BH42: Muhammad Taffani Kusumawardana, S.Si. | BI42: 1408764 | BJ42: Dr. Mhd. Lailan Arqam, M.Pd. | BK42: - / 895 833
A43: 16 | B43: B | C43: B | D43: 11647 | E43: 0102655197 | F43: Kanka Emiliano Al Arafat | G43: 17 Juli 2023 | J43: 1 | K43: 2 | M43: Laki-laki | N43: Kebumen | P43: 40412 | Q43: 22 Agustus 2010 | S43: Islam | T43: Karangmalang Dusun, Karangmalang RT 005 RW 001 Ori Kuwarasan Kebumen Jawa Tengah 54366 | U43: 54366 | V43: Ori | W43: Kuwarasan | X43: Kebumen | Y43: Jawa Tengah | Z43: MTs Mu'allimin Muh Yogyakarta | AA43: Jalan Suroto 5 Padukuhan Jl. Gn. Bulu, Bandut Lor, Argorejo, Kec. Sedayu, Kabupaten Bantul, Daerah Istimewa Yogyakarta 55798 | AC43: Singgih Setyo Aji | AD43: Islam | AE43: D-III | AF43: Karyawan Swasta | AH43: 085227214385 | AJ43: Farida Rina Purwanti | AK43: Islam | AL43: D-III | AM43: Bidan | AQ43: 3305160209100020 | AR43: 3305161307860001 | AS43: Kebumen | AT43: 31606 | AV43: 3305166402860002 | AW43: Kebumen | AX43: 31467 | BA43: Islam | BH43: Muhammad Taffani Kusumawardana, S.Si. | BI43: 1408764 | BJ43: Dr. Mhd. Lailan Arqam, M.Pd. | BK43: - / 895 833
A44: 17 | B44: A | C44: B | D44: 11649 | E44: 0114153195 | F44: Kashka Fathan Magani | G44: 17 Juli 2023 | J44: 1 | K44: 3 | M44: Laki-laki | N44: Sleman | P44: 40668 | Q44: 5 Mei 2011 | S44: Islam | T44: Ngawonggo RT 017 RW 008 Ngawonggo Ceper Klaten Jawa Tengah 57465 | U44: 57465 | V44: Ngawonggo | W44: Ceper | X44: Klaten | Y44: Jawa Tengah | Z44: MTs Mu'allimin Muh Yogyakarta | AA44: Jalan Suroto 5 Padukuhan Jl. Gn. Bulu, Bandut Lor, Argorejo, Kec. Sedayu, Kabupaten Bantul, Daerah Istimewa Yogyakarta 55799 | AC44: Agusti Riyantoni, Amk | AD44: Islam | AE44: D-III | AF44: Perawat | AH44: 085291122456 | AJ44: Zuhrifa Lutfi Fadlilah | AK44: Islam | AL44: D-III | AM44: Bidan | AQ44: 3310112509120002 | AR44: 3310260108840001 | AS44: Tanjung Batu | AT44: 30895 | AV44: 3310116909830001 | AW44: Klaten | AX44: 30588 | BA44: Islam | BH44: Muhammad Taffani Kusumawardana, S.Si. | BI44: 1408764 | BJ44: Dr. Mhd. Lailan Arqam, M.Pd. | BK44: - / 895 833
A45: 18 | B45: G | C45: B | D45: 11653 | E45: 0116088239 | F45: Kevin Zahran Firdaus | G45: 17 Juli 2023 | I45: DN-03/D-SD/K13/23/0004788 | J45: 2 | K45: 1 | M45: Laki-laki | N45: Banjarnegara | P45: 40690 | Q45: 27 Mei 2011 | S45: Islam | T45: Kutabanjarnegara RT 001 RW 005 Banjarnegara Jawa Tengah 53415 | U45: 53415 | V45: Kutabanjarnegara | W45: Banjarnegara | X45: Banjarnegara | Y45: Jawa Tengah | Z45: MTs Mu'allimin Muh Yogyakarta | AA45: Jalan Suroto 5 Padukuhan Jl. Gn. Bulu, Bandut Lor, Argorejo, Kec. Sedayu, Kabupaten Bantul, Daerah Istimewa Yogyakarta 55800 | AC45: Imam Khurmen Hidayat | AD45: Islam | AE45: S2 | AF45: Karyawan BUMN | AH45: 081112604907 | AJ45: Hilda Irtanti | AK45: Islam | AL45: D-III | AM45: PNS | BA45: Islam | BH45: Muhammad Taffani Kusumawardana, S.Si. | BI45: 1408764 | BJ45: Dr. Mhd. Lailan Arqam, M.Pd. | BK45: - / 895 833
A46: 19 | B46: G | C46: B | D46: 11655 | E46: 0116887713 | F46: Kiano Arshad Wicaksono | G46: 17 Juli 2023 | J46: 1 | K46: 1 | M46: Laki-laki | N46: Yogyakarta | P46: 40681 | Q46: 18 Mei 2011 | S46: Islam | T46: Perum Tiara B-7.A RT 014 RW 025 Sariharjo Ngaglik Sleman DIY 55581 | U46: 55581 | V46: Sariharjo | W46: Ngaglik | X46: Sleman | Y46: DI Yogyakarta | Z46: MTs Mu'allimin Muh Yogyakarta | AA46: Jalan Suroto 5 Padukuhan Jl. Gn. Bulu, Bandut Lor, Argorejo, Kec. Sedayu, Kabupaten Bantul, Daerah Istimewa Yogyakarta 55801 | AC46: Yogie Wicaksono | AD46: Islam | AE46: S1 | AF46: Karyawan Swasta | AH46: 081328000780 | AJ46: Wulan Suranti | AK46: Islam | AL46: D-III | AM46: Ibu Rumah Tangga | BA46: Islam | BH46: Muhammad Taffani Kusumawardana, S.Si. | BI46: 1408764 | BJ46: Dr. Mhd. Lailan Arqam, M.Pd. | BK46: - / 895 833
A47: 20 | B47: A | C47: B | D47: 11658 | E47: 0103949315 | F47: Lukman Husain Assalim | G47: 17 Juli 2023 | J47: 1 | K47: 1 | M47: Laki-laki | N47: Sleman | P47: 40431 | Q47: 10 September 2010 | S47: Islam | T47: Depokan KG II/210 RT 008 RW 002 Prenggan Kotagede Kota Yogyakarta DIY 56172 | U47: 56172 | V47: Prenggan | W47: Kotagede | X47: Kota Yogyakarta | Y47: DI Yogyakarta | Z47: MTs Mu'allimin Muh Yogyakarta | AA47: Jalan Suroto 5 Padukuhan Jl. Gn. Bulu, Bandut Lor, Argorejo, Kec. Sedayu, Kabupaten Bantul, Daerah Istimewa Yogyakarta 55802 | AC47: Tri Wahyono | AD47: Islam | AE47: S1 | AF47: Wiraswasta | AH47: 082136023786 | AJ47: Rahayu Dwi Anggraini, S.Pd. | AK47: Islam | AL47: S1 | AM47: Karyawan Swasta | AQ47: 3471141307090273 | AR47: 3471140410840002 | AS47: Yogyakarta | AT47: 30959 | AV47: 6472044510850001 | AW47: Samarinda | AX47: 31325 | BA47: Islam | BH47: Muhammad Taffani Kusumawardana, S.Si. | BI47: 1408764 | BJ47: Dr. Mhd. Lailan Arqam, M.Pd. | BK47: - / 895 833
A48: 21 | B48: E | C48: B | D48: 11663 | E48: 0104892948 | F48: M. Yusuf Zhafran Islami | G48: 17 Juli 2023 | J48: 2 | K48: 2 | M48: Laki-laki | N48: Makassar | P48: 40513 | Q48: 1 Desember 2010 | S48: Islam | T48: Perumahan Gerhana Alauddin Blok B16 Mangasa Tamalate Makassar Sulawesi Selatan 90223 | U48: 90223 | V48: Mangasa | W48: Tamalate | X48: Makassar | Y48: Sulawesi Selatan | Z48: MTs Mu'allimin Muh Yogyakarta | AA48: Jalan Suroto 5 Padukuhan Jl. Gn. Bulu, Bandut Lor, Argorejo, Kec. Sedayu, Kabupaten Bantul, Daerah Istimewa Yogyakarta 55803 | AC48: Wahyadi Syarifuddin | AD48: Islam | AE48: S1 | AF48: PNS | AJ48: Hemawati | AK48: Islam | AL48: S1 | AM48: PNS | AO48: 085242005928 | BA48: Islam | BH48: Muhammad Taffani Kusumawardana, S.Si. | BI48: 1408764 | BJ48: Dr. Mhd. Lailan Arqam, M.Pd. | BK48: - / 895 833
A49: 22 | B49: B | C49: B | D49: 11675 | E49: 0115093846 | F49: Mohammad Ihsan Kamil | G49: 17 Juli 2023 | J49: 2 | K49: 1 | M49: Laki-laki | N49: Denpasar | P49: 40640 | Q49: 7 April 2011 | S49: Islam | T49: Lingk Celuk Benda Benoa Kuta Selatan Badung Bali | V49: Benoa | W49: Kuta Selatan | X49: Badung | Y49: Bali | Z49: MTs Mu'allimin Muh Yogyakarta | AA49: Jalan Suroto 5 Padukuhan Jl. Gn. Bulu, Bandut Lor, Argorejo, Kec. Sedayu, Kabupaten Bantul, Daerah Istimewa Yogyakarta 55804 | AC49: Drs. H. Sholahuddin | AD49: Islam | AE49: S1 | AF49: PNS | AH49: 081338281557 | AJ49: Iswati, S.Sos. | AK49: Islam | AL49: S1 | AM49: Ibu Rumah Tangga | AQ49: 5103050110070108 | AR49: 5103050601680006 | AS49: Lamongan | AT49: 24843 | AV49: 5103054908710005 | AW49: Surakarta | AX49: 26154 | BA49: Islam | BH49: Muhammad Taffani Kusumawardana, S.Si. | BI49: 1408764 | BJ49: Dr. Mhd. Lailan Arqam, M.Pd. | BK49: - / 895 833
A50: 23 | B50: G | C50: B | D50: 11676 | E50: 0113504032 | F50: Muhamad Abdurrahman Tsaqif | G50: 17 Juli 2023 | I50: DN-02/D-SD/K13/23/0624444 | J50: 2 | K50: 3 | M50: Laki-laki | N50: Bandung | P50: 40569 | Q50: 26 Januari 2011 | S50: Islam | T50: Perumahan Sarimas Jl. Sarimas 3 No. 42 RT 003 RW 017 Sukamiskin Arcamanik Kota Bandung Jawa Barat 40293 | U50: 40293 | V50: Sukamiskin | W50: Arcamanik | X50: Kota Bandung | Y50: Jawa Barat | Z50: MTs Mu'allimin Muh Yogyakarta | AA50: Jalan Suroto 5 Padukuhan Jl. Gn. Bulu, Bandut Lor, Argorejo, Kec. Sedayu, Kabupaten Bantul, Daerah Istimewa Yogyakarta 55805 | AC50: Muhamad Nurul Huda | AD50: Islam | AE50: S1 | AF50: Karyawan Swasta | AH50: 081322617365 | AJ50: Henny Sudibyo | AK50: Islam | AL50: S2 | AM50: PNS | BA50: Islam | BH50: Muhammad Taffani Kusumawardana, S.Si. | BI50: 1408764 | BJ50: Dr. Mhd. Lailan Arqam, M.Pd. | BK50: - / 895 833
A51: 24 | B51: D | C51: B | D51: 11700 | E51: 0101705853 | F51: Muhammad Dhabit Azka | G51: 17 Juli 2023 | J51: 2 | K51: 2 | M51: Laki-laki | N51: Sleman | P51: 40442 | Q51: 21 September 2010 | S51: Islam | T51: Tangkilan RT 005 RW 023 Sidoarum Godean Sleman DIY 55564 | U51: 55564 | V51: Sidoarum | W51: Godean | X51: Sleman | Y51: DI Yogyakarta | Z51: MTs Mu'allimin Muh Yogyakarta | AA51: Jalan Suroto 5 Padukuhan Jl. Gn. Bulu, Bandut Lor, Argorejo, Kec. Sedayu, Kabupaten Bantul, Daerah Istimewa Yogyakarta 55806 | AC51: Suparyanto | AD51: Islam | AE51: S1 | AF51: Guru | AH51: 08562913770 | AJ51: Kustiyanti | AK51: Islam | AL51: S1 | AM51: PNS | BA51: Islam | BH51: Muhammad Taffani Kusumawardana, S.Si. | BI51: 1408764 | BJ51: Dr. Mhd. Lailan Arqam, M.Pd. | BK51: - / 895 833
A52: 25 | B52: B | C52: B | D52: 11702 | E52: 0103590544 | F52: Muhammad Dzaki Rian Putra | G52: 17 Juli 2023 | J52: 2 | K52: 1 | M52: Laki-laki | N52: Ngawi | P52: 40345 | Q52: 16 Juni 2010 | S52: Islam | T52: Dusun Dungus RT 001 RW 003 Karangasri Ngawi Jawa Timur 63218 | U52: 63218 | V52: Karangasri | W52: Ngawi | X52: Ngawi | Y52: Jawa Timur | Z52: MTs Mu'allimin Muh Yogyakarta | AA52: Jalan Suroto 5 Padukuhan Jl. Gn. Bulu, Bandut Lor, Argorejo, Kec. Sedayu, Kabupaten Bantul, Daerah Istimewa Yogyakarta 55807 | AC52: Murdiyanto | AD52: Islam | AE52: SMA | AF52: Karyawan BUMN | AH52: 081335775437 | AJ52: Qusnul Fitria | AK52: Islam | AL52: S1 | AM52: PNS | AQ52: 3521090507130001 | AR52: 3521091205770002 | AS52: Ngawi | AT52: 28257 | AV52: 3521095708810006 | AW52: Kediri | AX52: 29815 | BA52: Islam | BH52: Muhammad Taffani Kusumawardana, S.Si. | BI52: 1408764 | BJ52: Dr. Mhd. Lailan Arqam, M.Pd. | BK52: - / 895 833
A53: 26 | B53: C | C53: B | D53: 11708 | E53: 0106315282 | F53: Muhammad Fakhri Akbar Sasongko | G53: 17 Juli 2023 | J53: 2 | K53: 1 | M53: Laki-laki | N53: Sleman | P53: 40508 | Q53: 26 November 2010 | S53: Islam | T53: Gedongkuning KG I/158 A RT 009 RW 003 Rejowinangun Kotagede Kota Yogyakarta DIY 55171 | U53: 55171 | V53: Rejowinangun | W53: Kotagede | X53: Kota Yogyakarta | Y53: DI Yogyakarta | Z53: MTs Mu'allimin Muh Yogyakarta | AA53: Jalan Suroto 5 Padukuhan Jl. Gn. Bulu, Bandut Lor, Argorejo, Kec. Sedayu, Kabupaten Bantul, Daerah Istimewa Yogyakarta 55808 | AC53: Triyoga Bayu Sasongko, SP | AD53: Islam | AE53: S1 | AF53: Karyawan Swasta | AJ53: Nunung Nurhayati, SE | AK53: Islam | AL53: S1 | AM53: Wiraswasta | AO53: 081392336455 | BA53: Islam | BH53: Muhammad Taffani Kusumawardana, S.Si. | BI53: 1408764 | BJ53: Dr. Mhd. Lailan Arqam, M.Pd. | BK53: - / 895 833
A54: 27 | B54: C | C54: B | D54: 11711 | E54: 0118189770 | F54: Muhammad Farhan Habibie | G54: 17 Juli 2023 | J54: 1 | K54: 2 | M54: Laki-laki | N54: Purbalingga | P54: 40653 | Q54: 20 April 2011 | S54: Islam | T54: Wirasaba RT 005 RW 005 Bukateja Purbalingga Jawa Tengah 55362 | U54: 53362 | V54: Wirasaba | W54: Bukateja | X54: Purbalingga | Y54: Jawa Tengah | Z54: MTs Mu'allimin Muh Yogyakarta | AA54: Jalan Suroto 5 Padukuhan Jl. Gn. Bulu, Bandut Lor, Argorejo, Kec. Sedayu, Kabupaten Bantul, Daerah Istimewa Yogyakarta 55809 | AC54: Agus Wahyudi | AD54: Islam | AE54: S1 | AF54: TNI | AJ54: Wardia Ningsih | AK54: Islam | AL54: D-III | AM54: PNS | BA54: Islam | BH54: Muhammad Taffani Kusumawardana, S.Si. | BI54: 1408764 | BJ54: Dr. Mhd. Lailan Arqam, M.Pd. | BK54: - / 895 833
A55: 28 | B55: B | C55: B | D55: 11716 | E55: 0119143797 | F55: Muhammad Hafiz Ziyad | G55: 17 Juli 2023 | J55: 3 | K55: 3 | M55: Laki-laki | N55: Tangerang | P55: 40263 | Q55: 26 Maret 2010 | S55: Islam | T55: Gg. Lecang 77/8 RT 003 RW 006 Sudimara Barat Ciledug Kota Tangerang Banten 15151 | U55: 15151 | V55: Sudimara Barat | W55: Ciledug | X55: Kota Tangerang | Y55: Banten | Z55: MTs Mu'allimin Muh Yogyakarta | AA55: Jalan Suroto 5 Padukuhan Jl. Gn. Bulu, Bandut Lor, Argorejo, Kec. Sedayu, Kabupaten Bantul, Daerah Istimewa Yogyakarta 55810 | AC55: Syarief Hikmat | AD55: Islam | AE55: S1 | AF55: Karyawan BUMN | AJ55: Ina Hudiningsih | AK55: Islam | AL55: S1 | AM55: Ibu Rumah Tangga | AO55: 085282616664 | AQ55: 3671060609070027 | AR55: 3671061602740002 | AS55: Poliwali | AT55: 27076 | AV55: 3671064509750001 | AW55: Purwokerto | AX55: 27642 | BA55: Islam | BH55: Muhammad Taffani Kusumawardana, S.Si. | BI55: 1408764 | BJ55: Dr. Mhd. Lailan Arqam, M.Pd. | BK55: - / 895 833
A56: 29 | B56: F | C56: B | D56: 11740 | E56: 0117508881 | F56: Muhammad Syauqi Ulin Nuha | G56: 17 Juli 2023 | J56: 3 | K56: 2 | M56: Laki-laki | N56: Yogyakarta | P56: 40811 | Q56: 25 September 2011 | S56: Islam | T56: Jlamprang Kidul RT 002 Jambidan Banguntapan Bantul DIY 55195 | U56: 55195 | V56: Jambidan | W56: Bannguntapan | X56: Bantul | Y56: DI Yogyakarta | Z56: MTs Mu'allimin Muh Yogyakarta | AA56: Jalan Suroto 5 Padukuhan Jl. Gn. Bulu, Bandut Lor, Argorejo, Kec. Sedayu, Kabupaten Bantul, Daerah Istimewa Yogyakarta 55811 | AC56: Muhammad Munawir, SH | AD56: Islam | AE56: S1 | AF56: Wiraswasta | AH56: 087844219116 | AJ56: Eni Zuliawati | AK56: Islam | AL56: D-III | AM56: Wiraswasta | BA56: Islam | BH56: Muhammad Taffani Kusumawardana, S.Si. | BI56: 1408764 | BJ56: Dr. Mhd. Lailan Arqam, M.Pd. | BK56: - / 895 833
A57: 30 | B57: B | C57: B | D57: 11763 | E57: 0106492980 | F57: Noersy Arkana Mahammada | G57: 17 Juli 2023 | J57: 1 | K57: 1 | M57: Laki-laki | N57: Kulon Progo | P57: 40223 | Q57: 14 Februari 2010 | S57: Islam | T57: Graulan RT 005 RW 003 Giripeni Wates Kulon Progo DIY 55612 | U57: 55612 | V57: Giripeni | W57: Wates | X57: Kulon Progo | Y57: DI Yogyakarta | Z57: MTs Mu'allimin Muh Yogyakarta | AA57: Jalan Suroto 5 Padukuhan Jl. Gn. Bulu, Bandut Lor, Argorejo, Kec. Sedayu, Kabupaten Bantul, Daerah Istimewa Yogyakarta 55812 | AC57: Eko Alaudin, S.Pd.I. | AD57: Islam | AE57: S1 | AF57: Wiraswasta | AH57: 081227335335 | AJ57: Tiis Cholifah, SP | AK57: Islam | AL57: S1 | AM57: Ibu Rumah Tangga | BA57: Islam | BH57: Muhammad Taffani Kusumawardana, S.Si. | BI57: 1408764 | BJ57: Dr. Mhd. Lailan Arqam, M.Pd. | BK57: - / 895 833
A58: 31 | B58: A | C58: B | D58: 11821 | E58: 0114364291 | F58: Yudha Rasyid Aulia | G58: 17 Juli 2023 | J58: 1 | K58: 1 | M58: Laki-laki | N58: Magelang | P58: 40650 | Q58: 17 April 2011 | S58: Islam | T58: Drojogan RT 003 RW 007Sidomulyo Salaman Magelang Jawa Tengah 56562 | U58: 56562 | V58: Sidomulyo | W58: Salaman | X58: Magelang | Y58: Jawa Tengah | Z58: MTs Mu'allimin Muh Yogyakarta | AA58: Jalan Suroto 5 Padukuhan Jl. Gn. Bulu, Bandut Lor, Argorejo, Kec. Sedayu, Kabupaten Bantul, Daerah Istimewa Yogyakarta 55813 | AC58: Hasim Asngari | AD58: Islam | AE58: SMA | AF58: PNS | AH58: 085281840301 | AJ58: Yuni Arifah Khusna | AK58: Islam | AL58: D-III | AM58: Karyawan Swasta | AQ58: 3308011404160004 | AR58: 3308121408820004 | AS58: Magelang | AT58: 30177 | AV58: 3308015705850001 | AW58: Magelang | AX58: 31184 | BA58: Islam | BH58: Muhammad Taffani Kusumawardana, S.Si. | BI58: 1408764 | BJ58: Dr. Mhd. Lailan Arqam, M.Pd. | BK58: - / 895 833
A59: 32 | B59: A | C59: B | D59: 11825 | E59: 0104936159 | F59: Yusuf Fachrizal Haris | G59: 17 Juli 2023 | J59: 2 | K59: 1 | M59: Laki-laki | N59: Sleman | P59: 40345 | Q59: 16 Juni 2010 | S59: Islam | T59: Bangunsari RT 002 RW 008 Bangunkerto Turi Sleman DIY 55551 | U59: 55551 | V59: Bangunkerto | W59: Turi | X59: Sleman | Y59: DI Yogyakarta | Z59: MTs Mu'allimin Muh Yogyakarta | AA59: Jalan Suroto 5 Padukuhan Jl. Gn. Bulu, Bandut Lor, Argorejo, Kec. Sedayu, Kabupaten Bantul, Daerah Istimewa Yogyakarta 55814 | AC59: Anis Aslam Haris | AD59: Islam | AE59: D-II | AF59: Karyawan Swasta | AH59: 081227728237 | AJ59: Titi Kusumawardhani | AK59: Islam | AL59: S1 | AM59: Ibu Rumah Tangga | AQ59: 3404152606120002 | AR59: 3404162010740006 | AS59: Sleman | AT59: 27322 | AV59: 3404155902760001 | AW59: Sleman | AX59: 27809 | BA59: Islam | BH59: Muhammad Taffani Kusumawardana, S.Si. | BI59: 1408764 | BJ59: Dr. Mhd. Lailan Arqam, M.Pd. | BK59: - / 895 833
A60: 1 | B60: A | C60: C | D60: 11522 | E60: 0119585759 | F60: Abdurrahman Taqiy | G60: 17 Juli 2023 | J60: 1 | K60: 1 | M60: Laki-laki | N60: Serang | P60: 40286 | Q60: 18 April 2010 | S60: Islam | T60: Komp. BPP Blok G5 No. 07 RT 014 RW 003 Pelamunan Kramatwatu Serang Banten 42161 | U60: 42161 | V60: Pelamunan | W60: Kramatwatu | X60: Serang | Y60: Banten | Z60: MTs Mu'allimin Muh Yogyakarta | AA60: Jalan Suroto 5 Padukuhan Jl. Gn. Bulu, Bandut Lor, Argorejo, Kec. Sedayu, Kabupaten Bantul, Daerah Istimewa Yogyakarta 55815 | AC60: Moh. Natsir Anshory | AD60: Islam | AE60: S1 | AF60: Wiraswasta | AG60: 5. > Rp 2.500.000,00 | AH60: 081911043289 | AJ60: Dwi Sriani | AK60: Islam | AL60: D-II | AM60: Ibu Rumah Tangga | AQ60: 3604050801100003 | AR60: 3604051312770002 | AS60: Blora | AT60: 28472 | AV60: 3604056802840002 | AW60: Blora | AX60: 30740 | AZ60: ZULFIKAR ABDUL MATIN | BA60: Islam | BB60: SMA | BC60: PRAMUNIAGA | BH60: Nabil Fairuzzabadi, S.Pd. | BI60: 1454535 | BJ60: Dr. Mhd. Lailan Arqam, M.Pd. | BK60: - / 895 833
A61: 2 | B61: F | C61: C | D61: 11526 | E61: 0103717427 | F61: Achmad Muhajir Dzul Jalali | G61: 17 Juli 2023 | J61: 1 | M61: Laki-laki | N61: Magetan | P61: 40519 | Q61: 7 Desembr 2010 | S61: Islam | T61: Dukuh 3 Jl. Tanjung RT 002 RW 006 Tanjungsepreh Maospati Magetan Jawa Timur 63392 | U61: 63392 | V61: Tanjungsepreh | W61: Maospati | X61: Magetan | Y61: Jawa Timur | Z61: MTs Mu'allimin Muh Yogyakarta | AA61: Jalan Suroto 5 Padukuhan Jl. Gn. Bulu, Bandut Lor, Argorejo, Kec. Sedayu, Kabupaten Bantul, Daerah Istimewa Yogyakarta 55816 | AC61: Narto | AD61: Islam | AE61: SMA | AF61: PNS | AH61: 082330640145 | AJ61: Atik Nuryanti | AK61: Islam | AL61: S1 | AM61: PNS | BA61: Islam | BH61: Nabil Fairuzzabadi, S.Pd. | BI61: 1454535 | BJ61: Dr. Mhd. Lailan Arqam, M.Pd. | BK61: - / 895 833
A62: 3 | B62: B | C62: C | D62: 11544 | E62: 0112605232 | F62: Ajnata Haziq Abisatya Hayu Wardana | G62: 17 Juli 2023 | J62: 2 | K62: 2 | M62: Laki-laki | N62: Sleman | P62: 40638 | Q62: 5 April 2011 | S62: Islam | T62: Dabag Jln. Ace No. 64 RT 004 RW 027 Condongcatur Depok Sleman DIY 55283 | U62: 55283 | V62: Condongcatur | W62: Depok | X62: Sleman | Y62: DI Yogyakarta | Z62: MTs Mu'allimin Muh Yogyakarta | AA62: Jalan Suroto 5 Padukuhan Jl. Gn. Bulu, Bandut Lor, Argorejo, Kec. Sedayu, Kabupaten Bantul, Daerah Istimewa Yogyakarta 55817 | AC62: Pardiyono | AD62: Islam | AE62: SMA | AF62: Wiraswasta | AJ62: Maryuni | AK62: Islam | AL62: S1 | AM62: Apoteker | AO62: 083867292398 | BA62: Islam | BH62: Nabil Fairuzzabadi, S.Pd. | BI62: 1454535 | BJ62: Dr. Mhd. Lailan Arqam, M.Pd. | BK62: - / 895 833
A63: 4 | B63: A | C63: C | D63: 11569 | E63: 0118006448 | F63: Azka Syamil Fasya | G63: 17 Juli 2023 | J63: 1 | K63: 3 | M63: Laki-laki | N63: Kutacane | P63: 40546 | Q63: 3 Januari 2011 | S63: Islam | T63: Ling I Strak Pisang Kota Kutacane Babussalam Aceh Tenggara Aceh | V63: Kota Kutacane | W63: Babussalam | X63: Aceh Tenggara | Y63: Aceh | Z63: MTs Mu'allimin Muh Yogyakarta | AA63: Jalan Suroto 5 Padukuhan Jl. Gn. Bulu, Bandut Lor, Argorejo, Kec. Sedayu, Kabupaten Bantul, Daerah Istimewa Yogyakarta 55818 | AC63: Rinaldi Dinar | AD63: Islam | AE63: SMA | AF63: Wiraswasta | AH63: 081973123269 | AJ63: Siti Rohmah | AK63: Islam | AL63: SMA | AM63: Ibu Rumah Tangga | AO63: 081265498333 | AQ63: 1102042110090001 | AR63: 1102042903830001 | AS63: Kutacane | AT63: 30404 | AV63: 1102046406870001 | AW63: Garut | AX63: 31952 | BA63: Islam | BH63: Nabil Fairuzzabadi, S.Pd. | BI63: 1454535 | BJ63: Dr. Mhd. Lailan Arqam, M.Pd. | BK63: - / 895 833
A64: 5 | B64: B | C64: C | D64: 11573 | E64: 0113665179 | F64: Bilal Jibril | G64: 17 Juli 2023 | J64: 3 | K64: 2 | M64: Laki-laki | N64: Denpasar | P64: 40714 | Q64: 20 Juni 2011 | S64: Islam | T64: Jl. Gn. Patas Perum Griya Abasan No. 7 Br. Tegal Buah Padangsambian Kelod Denapsar Barat Kota Denpasar Bali 80117 | U64: 80117 | V64: Padangsambian Kelod | W64: Denpasar Barat | X64: Kota Denpasar | Y64: Bali | Z64: MTs Mu'allimin Muh Yogyakarta | AA64: Jalan Suroto 5 Padukuhan Jl. Gn. Bulu, Bandut Lor, Argorejo, Kec. Sedayu, Kabupaten Bantul, Daerah Istimewa Yogyakarta 55819 | AC64: Ahmad Syarif Muhtarom, SH | AD64: Islam | AE64: S1 | AF64: Wiraswasta | AJ64: Septy Rosiana | AK64: Islam | AL64: S1 | AM64: Ibu Rumah Tangga | AO64: 081238094102 | AQ64: 5171030411160008 | AR64: 5171012106780005 | AS64: Cilacap | AT64: 28662 | AV64: 5171016809800006 | AW64: Surabaya | AX64: 29492 | BA64: Islam | BH64: Nabil Fairuzzabadi, S.Pd. | BI64: 1454535 | BJ64: Dr. Mhd. Lailan Arqam, M.Pd. | BK64: - / 895 833
A65: 6 | B65: B | C65: C | D65: 11574 | E65: 0109224955 | F65: Bintang Revoluna Al Mahdi | G65: 17 Juli 2023 | J65: 1 | K65: 1 | M65: Laki-laki | N65: Magelang | P65: 40432 | Q65: 11 September 2010 | S65: Islam | T65: Jl. Cendrawasih Gg. Suharjo Wonocatur RT 011 Banguntapan Bantul DIY 55198 | U65: 55198 | V65: Banguntapan | W65: Banguntapan | X65: Bantul | Y65: DI Yogyakarta | Z65: MTs Mu'allimin Muh Yogyakarta | AA65: Jalan Suroto 5 Padukuhan Jl. Gn. Bulu, Bandut Lor, Argorejo, Kec. Sedayu, Kabupaten Bantul, Daerah Istimewa Yogyakarta 55820 | AC65: Dr. Mutiullah, M.Hum. | AD65: Islam | AE65: S3 | AF65: Dosen | AH65: 0815790458 | AJ65: Rofi Mufidati | AK65: Islam | AL65: S3 | AM65: Pelajar/Mahasiswa | AQ65: 3402121707130001 | AR65: 3308091312790004 | AS65: Sumenep | AT65: 29202 | AV65: 3308094105810001 | AW65: Magelang | AX65: 29707 | BA65: Islam | BH65: Nabil Fairuzzabadi, S.Pd. | BI65: 1454535 | BJ65: Dr. Mhd. Lailan Arqam, M.Pd. | BK65: - / 895 833
A66: 7 | B66: B | C66: C | D66: 11582 | E66: 0109386249 | F66: Devga Aulia | G66: 17 Juli 2023 | J66: 1 | K66: 1 | M66: Laki-laki | N66: Kulon Progo | P66: 40415 | Q66: 25 Agustus 2010 | S66: Islam | T66: Plumbon RT 010 RW 005 Temon Kulon Progo DIY 55654 | U66: 55654 | V66: Plumbon | W66: Temon | X66: Kulon Progo | Y66: DI Yogyakarta | Z66: MTs Mu'allimin Muh Yogyakarta | AA66: Jalan Suroto 5 Padukuhan Jl. Gn. Bulu, Bandut Lor, Argorejo, Kec. Sedayu, Kabupaten Bantul, Daerah Istimewa Yogyakarta 55821 | AC66: Aly Aulia | AD66: Islam | AE66: S2 | AF66: Dosen | AH66: 081542344540 | AJ66: Tri Wijayanti | AK66: Islam | AL66: S1 | AM66: Ibu Rumah Tangga | BA66: Islam | BH66: Nabil Fairuzzabadi, S.Pd. | BI66: 1454535 | BJ66: Dr. Mhd. Lailan Arqam, M.Pd. | BK66: - / 895 833
A67: 8 | B67: E | C67: C | D67: 11588 | E67: 0107703483 | F67: Fadhil Okta Pramana | G67: 17 Juli 2023 | J67: 2 | K67: 1 | M67: Laki-laki | N67: Batam | P67: 40464 | Q67: 13 Oktober 2010 | S67: Islam | T67: Cendana Blok C-7 No. 3 RT 001 RW 023 Belian Batam Kota Kota Batam Kepulauan Riau 29464 | U67: 29464 | V67: Belian | W67: Batam Kota | X67: Kota Batam | Y67: Kepulauan Riau | Z67: MTs Mu'allimin Muh Yogyakarta | AA67: Jalan Suroto 5 Padukuhan Jl. Gn. Bulu, Bandut Lor, Argorejo, Kec. Sedayu, Kabupaten Bantul, Daerah Istimewa Yogyakarta 55755 | AC67: Agus Darmoko | AD67: Islam | AE67: SMA | AF67: Karyawan Swasta | AH67: 085668161093 | AJ67: Wiji Hastuti | AK67: Islam | AL67: SMA | AM67: Ibu Rumah Tangga | BA67: Islam | BH67: Mohammad Sanusi, S.H.I. | BI67: 786961 | BJ67: Dr. Mhd. Lailan Arqam, M.Pd. | BK67: - / 895 833
A68: 9 | B68: E | C68: C | D68: 11600 | E68: 3110490065 | F68: Farzan Naufal Hakam | G68: 17 Juli 2023 | J68: 1 | K68: 3 | M68: Laki-laki | N68: Pangkalpinang | P68: 40649 | Q68: 16 April 2011 | S68: Islam | T68: Jl. Imam Bonjol No. 74 RT 001 Bukit Betung Sungailiat Bangka Kepulauan Bangka Belitung 33215 | U68: 33215 | V68: Bukit Betung | W68: Sungailiat | X68: Bangka | Y68: Kepulauan Bangka Belitung | Z68: MTs Mu'allimin Muh Yogyakarta | AA68: Jalan Suroto 5 Padukuhan Jl. Gn. Bulu, Bandut Lor, Argorejo, Kec. Sedayu, Kabupaten Bantul, Daerah Istimewa Yogyakarta 55822 | AC68: Dedek Agus Kurniawan, SH., M. | AD68: Islam | AE68: S2 | AF68: PNS | AJ68: Nofa Yasibel FN | AK68: Islam | AL68: S1 | AM68: PNS | AO68: 081279356726 | BA68: Islam | BH68: Nabil Fairuzzabadi, S.Pd. | BI68: 1454535 | BJ68: Dr. Mhd. Lailan Arqam, M.Pd. | BK68: - / 895 833
A69: 10 | B69: C | C69: C | D69: 11604 | E69: 0112667495 | F69: Favian Raditya Muhammad | G69: 17 Juli 2023 | J69: 2 | K69: 2 | M69: Laki-laki | N69: Solok | P69: 40588 | Q69: 14 Februari 2011 | S69: Islam | T69: Jl. Puti Bungsu RT 003 RW 002 Nan Balimo Tanjung Harapan Kota Solok Sumatera Barat 27326 | U69: 27326 | V69: Nan Balimo | W69: Tanjung Harapan | X69: Kota Solok | Y69: Sumatera Barat | Z69: MTs Mu'allimin Muh Yogyakarta | AA69: Jalan Suroto 5 Padukuhan Jl. Gn. Bulu, Bandut Lor, Argorejo, Kec. Sedayu, Kabupaten Bantul, Daerah Istimewa Yogyakarta 55823 | AC69: Armien Agus | AD69: Islam | AE69: S1 | AF69: PNS | AJ69: Armina | AK69: Islam | AL69: S1 | AM69: PNS | BA69: Islam | BH69: Nabil Fairuzzabadi, S.Pd. | BI69: 1454535 | BJ69: Dr. Mhd. Lailan Arqam, M.Pd. | BK69: - / 895 833
A70: 11 | B70: H | C70: C | D70: 11629 | E70: 0114974224 | F70: Hasbi Arfan Nicho Al Farisi | G70: 17 Juli 2023 | J70: 1 | K70: 1 | M70: Laki-laki | N70: Lamongan | P70: 40801 | Q70: 15 September 2011 | S70: Islam | T70: Lingkungan Gowah RT 001 RW 001 Blimbing Paciran Lamongan Jawa Timur 62264 | U70: 62264 | V70: Blimbing | W70: Paciran | X70: Lamongan | Y70: Jawa Timur | Z70: MTs Mu'allimin Muh Yogyakarta | AA70: Jalan Suroto 5 Padukuhan Jl. Gn. Bulu, Bandut Lor, Argorejo, Kec. Sedayu, Kabupaten Bantul, Daerah Istimewa Yogyakarta 55824 | AC70: Khoirul Anam | AD70: Islam | AE70: SMA | AF70: Wiraswasta | AH70: 085645987944 | AJ70: Anita April Yani | AK70: Islam | AL70: S1 | AM70: Guru | BA70: Islam | BH70: Nabil Fairuzzabadi, S.Pd. | BI70: 1454535 | BJ70: Dr. Mhd. Lailan Arqam, M.Pd. | BK70: - / 895 833
A71: 12 | B71: A | C71: C | D71: 11640 | E71: 3115043343 | F71: Jibran Arga Hendraputra | G71: 17 Juli 2023 | J71: 1 | K71: 2 | M71: Laki-laki | N71: Jakarta | P71: 40546 | Q71: 3 Januari 2011 | S71: Islam | T71: Jl. KH. M. Usman Gg. Rawa Pule IV No. 6 RT 003 RW 002 Kukusan Beji Kota Depok Jawa Barat 16425 | U71: 16425 | V71: Kukusan | W71: Beji | X71: Kota Depok | Y71: Jawa Barat | Z71: MTs Mu'allimin Muh Yogyakarta | AA71: Jalan Suroto 5 Padukuhan Jl. Gn. Bulu, Bandut Lor, Argorejo, Kec. Sedayu, Kabupaten Bantul, Daerah Istimewa Yogyakarta 55825 | AC71: Muhammad Fadli Suhendra | AD71: Islam | AE71: S1 | AF71: PNS | AH71: 081310522113 | AJ71: Annisa Waharyudisti | AK71: Islam | AL71: S1 | AM71: Karyawan Swasta | AQ71: 32760612051500012 | AR71: 3174102307830012 | AS71: Pagar Alam | AT71: 30520 | AV71: 3171056903820001 | AW71: Jakarta | AX71: 30039 | BA71: Islam | BH71: Nabil Fairuzzabadi, S.Pd. | BI71: 1454535 | BJ71: Dr. Mhd. Lailan Arqam, M.Pd. | BK71: - / 895 833
A72: 13 | B72: H | C72: C | D72: 11668 | E72: 0106021863 | F72: Maulana Yusuf Raka Syahputra | G72: 17 Juli 2023 | J72: 1 | K72: 2 | M72: Laki-laki | N72: Denpasar | P72: 40480 | Q72: 29 Oktober 2010 | S72: Islam | T72: Jl. Ceremai V No. 26 Komp. Dep. Keuangan RT 008 RW 006 Karang Tengah Kota Tangerang Banten 15157 | U72: 15157 | V72: Karang Tengah | W72: Karang Tengah | X72: Kota Tangerang | Y72: Banten | Z72: MTs Mu'allimin Muh Yogyakarta | AA72: Jalan Suroto 5 Padukuhan Jl. Gn. Bulu, Bandut Lor, Argorejo, Kec. Sedayu, Kabupaten Bantul, Daerah Istimewa Yogyakarta 55826 | AC72: Eko Apriansyah | AD72: Islam | AE72: S1 | AF72: PNS | AH72: 08127861129 | AJ72: Sudiyati | AK72: Islam | AL72: SMA | AM72: PNS | BA72: Islam | BH72: Nabil Fairuzzabadi, S.Pd. | BI72: 1454535 | BJ72: Dr. Mhd. Lailan Arqam, M.Pd. | BK72: - / 895 833
A73: 14 | B73: B | C73: C | D73: 11684 | E73: 0102842437 | F73: Muhammad Alfan Arrasyid | G73: 17 Juli 2023 | J73: 2 | K73: 2 | M73: Laki-laki | N73: Sleman | P73: 40499 | Q73: 17 November 2010 | S73: Islam | T73: Ngepos RT 002 RW 023 Lumbungrejo Tempel Sleman DIY 55551 | U73: 55551 | V73: Lumbungrejo | W73: Tempel | X73: Sleman | Y73: DI Yogyakarta | Z73: MTs Mu'allimin Muh Yogyakarta | AA73: Jalan Suroto 5 Padukuhan Jl. Gn. Bulu, Bandut Lor, Argorejo, Kec. Sedayu, Kabupaten Bantul, Daerah Istimewa Yogyakarta 55827 | AC73: Moeh Imam Yulianto | AD73: Islam | AE73: S1 | AF73: Wiraswasta | AH73: 087843107108 | AJ73: Asih Kurbandinah | AK73: Islam | AL73: S1 | AM73: Ibu Rumah Tangga | AQ73: 3404141507080007 | AR73: 3404141307780004 | AS73: Sleman | AT73: 28684 | AV73: 3404144212780004 | AW73: Sleman | AX73: 28826 | BA73: Islam | BH73: Nabil Fairuzzabadi, S.Pd. | BI73: 1454535 | BJ73: Dr. Mhd. Lailan Arqam, M.Pd. | BK73: - / 895 833
A74: 15 | B74: D | C74: C | D74: 11691 | E74: 0105180781 | F74: Muhammad Arfa Bastari | G74: 17 Juli 2023 | J74: 3 | K74: 2 | M74: Laki-laki | N74: Depok | P74: 40483 | Q74: 1 November 2010 | S74: Islam | T74: Jl. SD Muhammadiyah No 4A RT 006 RW 005 Kukusan Beji Kota Depok Jawa Barat 16425 | U74: 16425 | V74: Kukusan | W74: Beji | X74: Kota Depok | Y74: Jawa Barat | Z74: MTs Mu'allimin Muh Yogyakarta | AA74: Jalan Suroto 5 Padukuhan Jl. Gn. Bulu, Bandut Lor, Argorejo, Kec. Sedayu, Kabupaten Bantul, Daerah Istimewa Yogyakarta 55828 | AC74: Zaenal Bastari | AD74: Islam | AE74: S1 | AF74: PNS | AH74: 081316603425 | AJ74: Nurul Hikmah | AK74: Islam | AL74: S1 | AM74: PNS | BA74: Islam | BH74: Nabil Fairuzzabadi, S.Pd. | BI74: 1454535 | BJ74: Dr. Mhd. Lailan Arqam, M.Pd. | BK74: - / 895 833
A75: 16 | B75: B | C75: C | D75: 11693 | E75: 0111964283 | F75: Muhammad Atha Elhanani | G75: 17 Juli 2023 | J75: 3 | K75: 3 | M75: Laki-laki | N75: Lampung Selatan | P75: 40633 | Q75: 31 Maret 2011 | S75: Islam | T75: Tanjung Baru RT 001 RW 002 Tanjungan Katibung Lampung Selatan Lampung 35452 | U75: 35452 | V75: Tanjungan | W75: Katibung | X75: Lampung Selatan | Y75: Lampung | Z75: MTs Mu'allimin Muh Yogyakarta | AA75: Jalan Suroto 5 Padukuhan Jl. Gn. Bulu, Bandut Lor, Argorejo, Kec. Sedayu, Kabupaten Bantul, Daerah Istimewa Yogyakarta 55829 | AC75: Nurul Fajri | AD75: Islam | AE75: S1 | AF75: Karyawan Honorer | AH75: 082310715255 | AJ75: Eva Noviani | AK75: Islam | AL75: S1 | AM75: Ibu Rumah Tangga | AQ75: 1801082504110012 | AR75: 1801082112800003 | AS75: Tanjungan | AT75: 29576 | AV75: 1801084611810002 | AW75: Palembang | AX75: 29896 | BA75: Islam | BH75: Nabil Fairuzzabadi, S.Pd. | BI75: 1454535 | BJ75: Dr. Mhd. Lailan Arqam, M.Pd. | BK75: - / 895 833
A76: 17 | B76: D | C76: C | D76: 11697 | E76: 0116104170 | F76: Muhammad Azka Alvazio | G76: 17 Juli 2023 | J76: 1 | K76: 2 | M76: Laki-laki | N76: Pekalongan | P76: 40630 | Q76: 28 Maret 2011 | S76: Islam | T76: Aspol Keputran Jl. Maninjau RT 006 RW 002 Kauman Pekalongan Timur Kota Pekalongan Jawa Tengah | V76: Kauman | W76: Pekalongan Timur | X76: Kota Pekalongan | Y76: Jawa Tengah | Z76: MTs Mu'allimin Muh Yogyakarta | AA76: Jalan Suroto 5 Padukuhan Jl. Gn. Bulu, Bandut Lor, Argorejo, Kec. Sedayu, Kabupaten Bantul, Daerah Istimewa Yogyakarta 55830 | AC76: Miftah | AD76: Islam | AE76: S1 | AF76: Polri | AJ76: Indah Lufani Arum Sari | AK76: Islam | AL76: S1 | AM76: Polri | AO76: 08156959712 | BA76: Islam | BH76: Nabil Fairuzzabadi, S.Pd. | BI76: 1454535 | BJ76: Dr. Mhd. Lailan Arqam, M.Pd. | BK76: - / 895 833
A77: 18 | B77: E | C77: C | D77: 11703 | E77: 0113117044 | F77: Muhammad Fadhil Dzakwan | G77: 17 Juli 2023 | J77: 3 | K77: 3 | M77: Laki-laki | N77: Pangkalan Bun | P77: 40614 | Q77: 12 Maret 2011 | S77: Islam | T77: Jl. Legong RT 008 RW 003 Mendawai Sukamara Kalimantan Tengah 74712 | U77: 74712 | V77: Mendawai | W77: Sukamara | X77: Sukamara | Y77: Kalimantan Tengah | Z77: MTs Mu'allimin Muh Yogyakarta | AA77: Jalan Suroto 5 Padukuhan Jl. Gn. Bulu, Bandut Lor, Argorejo, Kec. Sedayu, Kabupaten Bantul, Daerah Istimewa Yogyakarta 55831 | AC77: Wiyanto, S.TP., M.Ec.Dev. | AD77: Islam | AE77: S2 | AF77: PNS | AH77: 085249591456 | AJ77: Ari Junita | AK77: Islam | AL77: S1 | AM77: PNS | BA77: Islam | BH77: Nabil Fairuzzabadi, S.Pd. | BI77: 1454535 | BJ77: Dr. Mhd. Lailan Arqam, M.Pd. | BK77: - / 895 833
A78: 19 | B78: F | C78: C | D78: 11707 | E78: 0119240222 | F78: Muhammad Fakhri Ahnaf | G78: 17 Juli 2023 | J78: 2 | K78: 1 | M78: Laki-laki | N78: Gresik | P78: 40777 | Q78: 22 Agustus 2011 | S78: Islam | T78: Jl. Blitar Raya No. 12 GKB RT 008 RW 006 Yosowilangun Manyar Gresik Jawa Timur 61151 | U78: 61151 | V78: Yosowilangun | W78: Manyar | X78: Gresik | Y78: Jawa Timur | Z78: MTs Mu'allimin Muh Yogyakarta | AA78: Jalan Suroto 5 Padukuhan Jl. Gn. Bulu, Bandut Lor, Argorejo, Kec. Sedayu, Kabupaten Bantul, Daerah Istimewa Yogyakarta 55832 | AC78: Wasit Aulawi, SP | AD78: Islam | AE78: S1 | AF78: Karyawan BUMN | AH78: 087898059999 | AJ78: Eko Wulansari | AK78: Islam | AL78: S1 | AM78: Apoteker | BA78: Islam | BH78: Nabil Fairuzzabadi, S.Pd. | BI78: 1454535 | BJ78: Dr. Mhd. Lailan Arqam, M.Pd. | BK78: - / 895 833
A79: 20 | B79: C | C79: C | D79: 11710 | E79: 0113536914 | F79: Muhammad Farhan Al Arsyad | G79: 17 Juli 2023 | J79: 1 | K79: 2 | M79: Laki-laki | N79: Palembang | P79: 40715 | Q79: 21 Juni 2011 | S79: Islam | T79: Jl. Inspektur Marzuki No 1139 RT 001 RW 006 Siringagung Ilir Barat Satu Kota Palembang Sumatera Selatan 30138 | U79: 30138 | V79: Siring Agung | W79: Ilir Barat I Palembang | X79: Palembang | Y79: Sumatera Selatan | Z79: MTs Mu'allimin Muh Yogyakarta | AA79: Jalan Suroto 5 Padukuhan Jl. Gn. Bulu, Bandut Lor, Argorejo, Kec. Sedayu, Kabupaten Bantul, Daerah Istimewa Yogyakarta 55833 | AC79: Fitrah Hidayat | AD79: Islam | AE79: SMA | AF79: Pedagang | AJ79: Dian Novi Arni | AK79: Islam | AL79: S1 | AM79: Ibu Rumah Tangga | AO79: 081373091006 | AZ79: Herliza | BA79: Islam | BB79: S1 | BC79: Dokter | BD79: Jl. Kota Bambu Utara 6 No 9 Palmerah Jakarta Barat DKI Jakarta | BH79: Nabil Fairuzzabadi, S.Pd. | BI79: 1454535 | BJ79: Dr. Mhd. Lailan Arqam, M.Pd. | BK79: - / 895 833
A80: 21 | B80: E | C80: C | D80: 11715 | E80: 0119447434 | F80: Muhammad Hafiz Firdaus | G80: 17 Juli 2023 | J80: 4 | K80: 3 | M80: Laki-laki | N80: Balikpapan | P80: 40656 | Q80: 23 April 2011 | S80: Islam | T80: Jl. GnSatu No 07 Margo Mulyo Balikpapan Barat Kota Balikpapan Kalimantan Timur 76111 | V80: Margo Mulyo | W80: Balikpapan Barat | X80: Kota Balikpapan | Y80: Kalimantan Timur | Z80: MTs Mu'allimin Muh Yogyakarta | AA80: Jalan Suroto 5 Padukuhan Jl. Gn. Bulu, Bandut Lor, Argorejo, Kec. Sedayu, Kabupaten Bantul, Daerah Istimewa Yogyakarta 55772 | AC80: Asril Budi Mulyono | AD80: Islam | AE80: D-III | AF80: Pedagang | AH80: 08125427191 | AJ80: Irobbil Alamin | AK80: Islam | AL80: SMA | AM80: Ibu Rumah Tangga | BA80: Islam | BH80: Mohammad Sanusi, S.H.I. | BI80: 786961 | BJ80: Dr. Mhd. Lailan Arqam, M.Pd. | BK80: - / 895 833
A81: 22 | B81: C | C81: C | D81: 11719 | E81: 0105201860 | F81: Muhammad Haidzar Qudwa | G81: 17 Juli 2023 | J81: 3 | K81: 2 | M81: Laki-laki | N81: Blitar | P81: 40367 | Q81: 8 Juli 2010 | S81: Islam | T81: JL. Kalioyo No 4 Tanjungsari Sukorejo Kota Blitar Jawa Timur 66122 | U81: 66122 | V81: Tanjungsari | W81: Sukorejo | X81: Kota Blitar | Y81: Jawa Timur | Z81: MTs Mu'allimin Muh Yogyakarta | AA81: Jalan Suroto 5 Padukuhan Jl. Gn. Bulu, Bandut Lor, Argorejo, Kec. Sedayu, Kabupaten Bantul, Daerah Istimewa Yogyakarta 55834 | AC81: Ali Wahono | AD81: Islam | AE81: S2 | AF81: Karyawan Swasta | AH81: 081217820304 | AJ81: Bekti Ningrum | AK81: Islam | AL81: S1 | AM81: PNS | BA81: Islam | BH81: Nabil Fairuzzabadi, S.Pd. | BI81: 1454535 | BJ81: Dr. Mhd. Lailan Arqam, M.Pd. | BK81: - / 895 833
A82: 23 | B82: E | C82: C | D82: 11720 | E82: 0119934703 | F82: Muhammad Haydar Arief | G82: 17 Juli 2023 | J82: 1 | K82: 1 | M82: Laki-laki | N82: Pekalongan | P82: 40558 | Q82: 15 Januari 2011 | S82: Islam | T82: Jl. Piramida No 7 Perum Limas RT 001 RW 018 Krapyak Pekalongan Barat Kota Pekalongan Jawa Tengah 51147 | U82: 51147 | V82: Medono | W82: Pekalongan Barat | X82: Kota Pekalongan | Y82: Jawa Tengah | Z82: MTs Mu'allimin Muh Yogyakarta | AA82: Jalan Suroto 5 Padukuhan Jl. Gn. Bulu, Bandut Lor, Argorejo, Kec. Sedayu, Kabupaten Bantul, Daerah Istimewa Yogyakarta 55835 | AC82: Mokhamad Arifin | AD82: Islam | AE82: S1 | AF82: Karyawan Swasta | AH82: 0816677711 | AJ82: Eti Widyaningsih | AK82: Islam | AL82: D-III | AM82: PNS | BA82: Islam | BH82: Nabil Fairuzzabadi, S.Pd. | BI82: 1454535 | BJ82: Dr. Mhd. Lailan Arqam, M.Pd. | BK82: - / 895 833
A83: 24 | B83: B | C83: C | D83: 11723 | E83: 0114662442 | F83: Muhammad Kafi | G83: 17 Juli 2023 | J83: 3 | K83: 2 | M83: Laki-laki | N83: Bantul | P83: 40663 | Q83: 30 April 2011 | S83: Islam | T83: Kauman GM 1/35 RT 034 RW 010 Ngupasan Gondomanan Kota Yogyakarta DIY 55122 | U83: 55122 | V83: Ngupasan | W83: Gondomanan | X83: Kota Yogyakarta | Y83: DI Yogyakarta | Z83: MTs Mu'allimin Muh Yogyakarta | AA83: Jalan Suroto 5 Padukuhan Jl. Gn. Bulu, Bandut Lor, Argorejo, Kec. Sedayu, Kabupaten Bantul, Daerah Istimewa Yogyakarta 55836 | AC83: Suhaji Medi Santoso | AD83: Islam | AE83: S1 | AF83: Karyawan Swasta | AH83: 081229426416 | AJ83: Bir'ah Hidayati | AK83: Islam | AL83: S1 | AM83: Karyawan Swasta | AQ83: 3471102505120003 | AR83: 3471101912710001 | AS83: Boyolali | AT83: 26286 | AV83: 3471106905720001 | AW83: Yogyakarta | AX83: 26448 | BA83: Islam | BH83: Nabil Fairuzzabadi, S.Pd. | BI83: 1454535 | BJ83: Dr. Mhd. Lailan Arqam, M.Pd. | BK83: - / 895 833
A84: 25 | B84: H | C84: C | D84: 11724 | E84: 0101712556 | F84: Muhammad Luthfi Akmal | G84: 17 Juli 2023 | J84: 2 | K84: 1 | M84: Laki-laki | N84: Blora | P84: 40399 | Q84: 9 Agustus 2010 | S84: Islam | T84: Jl. Halmahera LR 1 RT 003 RW 001 Tambahrejo Blora Jawa Tengah | V84: Tambahrejo | W84: Blora | X84: Blora | Y84: Jawa Tengah | Z84: MTs Mu'allimin Muh Yogyakarta | AA84: Jalan Suroto 5 Padukuhan Jl. Gn. Bulu, Bandut Lor, Argorejo, Kec. Sedayu, Kabupaten Bantul, Daerah Istimewa Yogyakarta 55837 | AC84: Moh. Khomsin | AD84: Islam | AE84: S1 | AF84: PNS | AH84: 081228201003 | AJ84: Sora Indhningtyas | AK84: Islam | AL84: S1 | AM84: PNS | AZ84: Muhammad Imaduddin Ainurrohman | BA84: Islam | BF84: 085803479407 | BH84: Nabil Fairuzzabadi, S.Pd. | BI84: 1454535 | BJ84: Dr. Mhd. Lailan Arqam, M.Pd. | BK84: - / 895 833
A85: 26 | B85: F | C85: C | D85: 11788 | E85: 0113679956 | F85: Randi Fatih Elfarezi | G85: 17 Juli 2023 | J85: 1 | K85: 2 | M85: Laki-laki | N85: Pekalongan | O85: 40560 | P85: 40560 | Q85: 17 Januari 2011 | S85: Islam | T85: Wuled RT 001 RW 002 Tirto Pekalongan Jawa Tengah 51151 | U85: 51151 | V85: Wuled | W85: Tirto | X85: Pekalongan | Y85: Jawa Tengah | Z85: MTs Mu'allimin Muh Yogyakarta | AA85: Jalan Suroto 5 Padukuhan Jl. Gn. Bulu, Bandut Lor, Argorejo, Kec. Sedayu, Kabupaten Bantul, Daerah Istimewa Yogyakarta 55838 | AC85: Nur Yasin | AD85: Islam | AE85: SMA | AF85: Karyawan Swasta | AH85: 085743459223 | AJ85: Elya Agustina | AK85: Islam | AL85: SMA | AM85: Ibu Rumah Tangga | BA85: Islam | BH85: Nabil Fairuzzabadi, S.Pd. | BI85: 1454535 | BJ85: Dr. Mhd. Lailan Arqam, M.Pd. | BK85: - / 895 833
A86: 27 | B86: C | C86: C | D86: 11789 | E86: 0114233520 | F86: Rangga Putra Atmaji | G86: 17 Juli 2023 | J86: 1 | K86: 1 | M86: Laki-laki | N86: Sleman | P86: 40628 | Q86: 26 Maret 2011 | S86: Islam | T86: Kloposawit RT 001 RW 005 Girikerto Turi Sleman DIY 55551 | U86: 55551 | V86: Girikerto | W86: Turi | X86: Sleman | Y86: DI Yogyakarta | Z86: MTs Mu'allimin Muh Yogyakarta | AA86: Jalan Suroto 5 Padukuhan Jl. Gn. Bulu, Bandut Lor, Argorejo, Kec. Sedayu, Kabupaten Bantul, Daerah Istimewa Yogyakarta 55839 | AC86: Wahyu Budiatmaji, SE | AD86: Islam | AE86: S1 | AF86: Polri | AJ86: Kurnia Rahmawati | AK86: Islam | AL86: S1 | AM86: Wiraswasta | AO86: 081217824687 | BA86: Islam | BH86: Nabil Fairuzzabadi, S.Pd. | BI86: 1454535 | BJ86: Dr. Mhd. Lailan Arqam, M.Pd. | BK86: - / 895 833
A87: 28 | B87: F | C87: C | D87: 11798 | E87: 0114121536 | F87: Rizqi Adhitia Rahman | G87: 17 Juli 2023 | J87: 2 | K87: 3 | M87: Laki-laki | N87: Kotawarigin Barat | P87: 40654 | Q87: 21 April 2011 | S87: Islam | T87: Jln. Sultan Imanuddin GG. Nangka No.2 Madurejo Arut Selatan Kotawaringin Barat Klaimantan Tengah 74111 | U87: 74111 | V87: Madurejo | W87: Arut Selatan | X87: Kotawaringin Barat | Y87: Kalimantan Tengah | Z87: MTs Mu'allimin Muh Yogyakarta | AA87: Jalan Suroto 5 Padukuhan Jl. Gn. Bulu, Bandut Lor, Argorejo, Kec. Sedayu, Kabupaten Bantul, Daerah Istimewa Yogyakarta 55840 | AC87: Sholikin, S. Kep. | AD87: Islam | AE87: S1 | AF87: PNS | AH87: 081253367210 | AJ87: Roliana | AK87: Islam | AL87: S1 | AM87: PNS | BA87: Islam | BH87: Nabil Fairuzzabadi, S.Pd. | BI87: 1454535 | BJ87: Dr. Mhd. Lailan Arqam, M.Pd. | BK87: - / 895 833
A88: 29 | B88: A | C88: C | D88: 11799 | E88: 0116674440 | F88: Rizqi Syifa Al Furqon | G88: 17 Juli 2023 | J88: 1 | K88: 1 | M88: Laki-laki | N88: Balikpapan | P88: 40729 | Q88: 5 Juli 2011 | S88: Islam | T88: Jl. Rapak Indah Perum PLN Blok C - 45 RT 049 Lok Bahu Sungai Kunjang Kota Samarinda Kalimantan Timur 75125 | U88: 75125 | V88: Lok bahu | W88: Sungai Kunjang | X88: Kota Samarinda | Y88: Kalimantan Timur | Z88: MTs Mu'allimin Muh Yogyakarta | AA88: Jalan Suroto 5 Padukuhan Jl. Gn. Bulu, Bandut Lor, Argorejo, Kec. Sedayu, Kabupaten Bantul, Daerah Istimewa Yogyakarta 55841 | AC88: Samsul Arifin | AD88: Islam | AE88: S1 | AF88: Karyawan BUMN | AH88: 081350014007 | AJ88: Iken Dwi Puspitorini | AK88: Islam | AL88: S1 | AM88: Ibu Rumah Tangga | AO88: 081347220915 | AQ88: 6472062711077994 | AR88: 6472061005760005 | AS88: Madiun | AT88: 27890 | AV88: 6472065810790001 | AW88: Madiun | AX88: 29146 | BA88: Islam | BH88: Nabil Fairuzzabadi, S.Pd. | BI88: 1454535 | BJ88: Dr. Mhd. Lailan Arqam, M.Pd. | BK88: - / 895 833
A89: 30 | B89: D | C89: C | D89: 11814 | E89: 0102164059 | F89: Tegar Yudha Satria Pratama | G89: 17 Juli 2023 | J89: 1 | K89: 1 | M89: Laki-laki | N89: Bantul | P89: 40309 | Q89: 11 Mei 2010 | S89: Islam | T89: Ketanggungan WB 2/650 RT 038 RW 008 Wirobrajan Kota Yogyakarta DIY 55252 | U89: 55252 | V89: Wirobrajan | W89: Wirobrajan | X89: Kota Yogyakarta | Y89: DI Yogyakarta | Z89: MTs Mu'allimin Muh Yogyakarta | AA89: Jalan Suroto 5 Padukuhan Jl. Gn. Bulu, Bandut Lor, Argorejo, Kec. Sedayu, Kabupaten Bantul, Daerah Istimewa Yogyakarta 55842 | AC89: Nurachmad Yulfarianto | AD89: Islam | AE89: SMA | AF89: Karyawan Swasta | AH89: 085866401228 | AJ89: Asnunik | AK89: Islam | AL89: SMA | AM89: Karyawan Swasta | AO89: 087839256901 | BA89: Islam | BH89: Nabil Fairuzzabadi, S.Pd. | BI89: 1454535 | BJ89: Dr. Mhd. Lailan Arqam, M.Pd. | BK89: - / 895 833
A90: 31 | B90: A | C90: C | D90: 11827 | E90: 0101394021 | F90: Zakiy Mustofa | G90: 17 Juli 2023 | J90: 2 | K90: 2 | M90: Laki-laki | N90: Klaten | P90: 40490 | Q90: 8 November 2010 | S90: Islam | T90: Ngaglik RT 002 RW 003 Manjung Ngawen Klaten Jawa Tengah 57466 | U90: 57466 | V90: Manjung | W90: Ngawen | X90: Klaten | Y90: Jawa Tengah | Z90: MTs Mu'allimin Muh Yogyakarta | AA90: Jalan Suroto 5 Padukuhan Jl. Gn. Bulu, Bandut Lor, Argorejo, Kec. Sedayu, Kabupaten Bantul, Daerah Istimewa Yogyakarta 55843 | AC90: Joko Haryono | AD90: Islam | AE90: SMA | AF90: Pedagang | AH90: 081329568607 | AJ90: Sukartini | AK90: Islam | AL90: S1 | AM90: Karyawan Swasta | AQ90: 3310220405050002 | AR90: 3310220206780003 | AS90: Klaten | AT90: 28643 | AV90: 3310022690480004 | AW90: Klaten | AX90: 29340 | BA90: Islam | BH90: Nabil Fairuzzabadi, S.Pd. | BI90: 1454535 | BJ90: Dr. Mhd. Lailan Arqam, M.Pd. | BK90: - / 895 833
A91: 32 | B91: E | C91: C | D91: 11832 | E91: 0115769558 | F91: Zufar Farros Susilo Prabowo | G91: 17 Juli 2023 | J91: 1 | K91: 1 | M91: Laki-laki | N91: Yogyakarta | P91: 40711 | Q91: 17 Juni 2011 | S91: Islam | T91: Kajen RT 001 Bangunjiwo Kasihan Bantul DIY 55184 | U91: 55184 | V91: Bangunjiwo | W91: Kasihan | X91: Bantul | Y91: DI Yogyakarta | Z91: MTs Mu'allimin Muh Yogyakarta | AA91: Jalan Suroto 5 Padukuhan Jl. Gn. Bulu, Bandut Lor, Argorejo, Kec. Sedayu, Kabupaten Bantul, Daerah Istimewa Yogyakarta 55844 | AC91: Wawan Suharyanto | AD91: Islam | AE91: S1 | AF91: Karyawan Swasta | AJ91: Ernawati Susilaningsih | AK91: Islam | AL91: S1 | AM91: Wiraswasta | AO91: 081328253283 | BA91: Islam | BH91: Nabil Fairuzzabadi, S.Pd. | BI91: 1454535 | BJ91: Dr. Mhd. Lailan Arqam, M.Pd. | BK91: - / 895 833
A92: 1 | B92: G | C92: D | D92: 11523 | E92: 3108654855 | F92: Abimanyu Aryo Atmojo Negoro | G92: 17 Juli 2023 | J92: 2 | K92: 3 | M92: Laki-laki | N92: Sukoharjo | P92: 40521 | Q92: 9 Desember 2010 | S92: Islam | T92: Klaseman RT 001 RW 003 Gatak Sukoharjo Jawa Tengah 57557 | U92: 57557 | V92: Klaseman | W92: Gatak | X92: Sukoharjo | Y92: Jawa Tengah | Z92: MTs Mu'allimin Muh Yogyakarta | AA92: Jalan Suroto 5 Padukuhan Jl. Gn. Bulu, Bandut Lor, Argorejo, Kec. Sedayu, Kabupaten Bantul, Daerah Istimewa Yogyakarta 55845 | AC92: Muchammad Amri Atmojo Negoro, ST | AD92: Islam | AE92: S1 | AF92: Karyawan Swasta | AH92: 085293001777 | AJ92: Laili Nihayati | AK92: Islam | AL92: S1 | AM92: Karyawan Swasta | AO92: 085728005000 | BA92: Islam | BH92: Masrur Ridwan, M.Pd. | BI92: 1245449 | BJ92: Dr. Mhd. Lailan Arqam, M.Pd. | BK92: - / 895 833
A93: 2 | B93: F | C93: D | D93: 11545 | E93: 3102614729 | F93: Akhsan Mumtazurachman | G93: 17 Juli 2023 | J93: 1 | K93: 1 | M93: Laki-laki | N93: Purbalingga | P93: 40465 | Q93: 14 Oktober 2010 | S93: Islam | T93: Penaruban RT 001 RW 001 Bukateja Purbalingga Jawa Tengah 53382 | U93: 53382 | V93: Penaruban | W93: Bukateja | X93: Purbalingga | Y93: Jawa Tengah | Z93: MTs Mu'allimin Muh Yogyakarta | AA93: Jalan Suroto 5 Padukuhan Jl. Gn. Bulu, Bandut Lor, Argorejo, Kec. Sedayu, Kabupaten Bantul, Daerah Istimewa Yogyakarta 55846 | AC93: Fatchur Rachman | AD93: Islam | AE93: D-III | AF93: PNS | AH93: 085227416777 | AJ93: Uswatun Khasanah | AK93: Islam | AL93: S1 | AM93: PNS | BA93: Islam | BH93: Masrur Ridwan, M.Pd. | BI93: 1245449 | BJ93: Dr. Mhd. Lailan Arqam, M.Pd. | BK93: - / 895 833
A94: 3 | B94: B | C94: D | D94: 11555 | E94: 0101874904 | F94: Arkan Araafi Ardian | G94: 17 Juli 2023 | J94: 1 | K94: 1 | M94: Laki-laki | N94: Bantul | P94: 40368 | Q94: 9 Juli 2010 | S94: Islam | T94: Botokenceng RT 002 Wirokerten Banguntapan Bantul DIY 55194 | U94: 55194 | V94: Wirokerten | W94: Banguntapan | X94: Bantul | Y94: DI Yogyakarta | Z94: MTs Mu'allimin Muh Yogyakarta | AA94: Jalan Suroto 5 Padukuhan Jl. Gn. Bulu, Bandut Lor, Argorejo, Kec. Sedayu, Kabupaten Bantul, Daerah Istimewa Yogyakarta 55847 | AC94: Affan Ardian | AD94: Islam | AE94: S1 | AF94: Wiraswasta | AH94: 0811185550 | AJ94: Fithria Faizati | AK94: Islam | AL94: S1 | AM94: Guru Bahasa Jepang | BA94: Islam | BH94: Masrur Ridwan, M.Pd. | BI94: 1245449 | BJ94: Dr. Mhd. Lailan Arqam, M.Pd. | BK94: - / 895 833
A95: 4 | B95: D | C95: D | D95: 11556 | E95: 0102696242 | F95: Arkan Saefulhaq Arasy | G95: 17 Juli 2023 | J95: 1 | K95: 0 | M95: Laki-laki | N95: Sumbawa | P95: 40392 | Q95: 2 Agustus 2010 | S95: Islam | T95: Jl. Pramuka RT 002 RW 015 Brang Biji Sumbawa Nusa Tenggara Barat 84318 | U95: 84318 | V95: Brang Biji | W95: Sumbawa | X95: Sumbawa | Y95: Nusa Tenggara Barat | Z95: MTs Mu'allimin Muh Yogyakarta | AA95: Jalan Suroto 5 Padukuhan Jl. Gn. Bulu, Bandut Lor, Argorejo, Kec. Sedayu, Kabupaten Bantul, Daerah Istimewa Yogyakarta 55848 | AC95: Gunawan (Alm.) | AD95: Islam | AJ95: Yuni Lestari | AK95: Islam | AL95: S1 | AM95: Wiraswasta | AO95: 081339520521 | BA95: Islam | BH95: Masrur Ridwan, M.Pd. | BI95: 1245449 | BJ95: Dr. Mhd. Lailan Arqam, M.Pd. | BK95: - / 895 833
A96: 5 | B96: G | C96: D | D96: 11560 | E96: 0115183769 | F96: Auddie Arjuna Rahardjo | G96: 17 Juli 2023 | J96: 2 | K96: 3 | M96: Laki-laki | N96: Semarang | P96: 40721 | Q96: 27 Juni 2011 | S96: Islam | T96: Cinde Dalam I No 19 RT 006 RW 006 Jomblang Candisari Kota Semarang Jawa Tengah 50256 | U96: 50256 | V96: Jomblang | W96: Candisari | X96: Kota Semarang | Y96: Jawa Tengah | Z96: MTs Mu'allimin Muh Yogyakarta | AA96: Jalan Suroto 5 Padukuhan Jl. Gn. Bulu, Bandut Lor, Argorejo, Kec. Sedayu, Kabupaten Bantul, Daerah Istimewa Yogyakarta 55849 | AC96: Edi Raharjo AMKL | AD96: Islam | AE96: D-III | AF96: Karyawan Swasta | AH96: 08157921844 | AJ96: Indang Retno Fourniyati | AK96: Islam | AL96: S2 | AM96: Guru | BA96: Islam | BH96: Masrur Ridwan, M.Pd. | BI96: 1245449 | BJ96: Dr. Mhd. Lailan Arqam, M.Pd. | BK96: - / 895 833
A97: 6 | B97: E | C97: D | D97: 11570 | E97: 0105290582 | F97: Azzamy Syauqi | G97: 17 Juli 2023 | J97: 1 | K97: 0 | M97: Laki-laki | N97: Sambueja | P97: 40456 | Q97: 5 Oktober 2010 | S97: Islam | T97: Jl. Harimau No 129 RT 004 RW 004 Maricaya Selatan Memajang Kota Makassar Sulawesi Selatan 90134 | U97: 90134 | V97: Maricaya Selatan | W97: Mamajang | X97: Kota Makassar | Y97: Sulawesi Selatan | Z97: MTs Mu'allimin Muh Yogyakarta | AA97: Jalan Suroto 5 Padukuhan Jl. Gn. Bulu, Bandut Lor, Argorejo, Kec. Sedayu, Kabupaten Bantul, Daerah Istimewa Yogyakarta 55850 | AC97: Masrukin | AD97: Islam | AE97: SMA | AF97: TNI | AJ97: Triwahyuningsih | AK97: Islam | AL97: SMA | AM97: Karyawan BUMN | AO97: 08124161430 | BA97: Islam | BH97: Masrur Ridwan, M.Pd. | BI97: 1245449 | BJ97: Dr. Mhd. Lailan Arqam, M.Pd. | BK97: - / 895 833
A98: 7 | B98: H | C98: D | D98: 11581 | E98: 0116590854 | F98: Devarka Fatih Rahman | G98: 17 Juli 2023 | J98: 1 | K98: 1 | M98: Laki-laki | N98: Yogyakarta | P98: 40585 | Q98: 11 Februari 2011 | S98: Islam | T98: Jl. Nyi Condrolukito 179 C Blunyah Gede Dusun Blunyah Gede RT 004 RW 032 Sinduadi Mlati Sleman DIY 55284 | U98: 55284 | V98: Sinduadi | W98: Mlati | X98: Sleman | Y98: DIY | Z98: MTs Mu'allimin Muh Yogyakarta | AA98: Jalan Suroto 5 Padukuhan Jl. Gn. Bulu, Bandut Lor, Argorejo, Kec. Sedayu, Kabupaten Bantul, Daerah Istimewa Yogyakarta 55851 | AC98: Surya Rahman M., S.Psi | AD98: Islam | AE98: S1 | AF98: Karyawan Swasta | AJ98: Ika Sari Agustin | AK98: Islam | AL98: S1 | AM98: Ibu Rumah Tangga | AO98: 081360469344 | BA98: Islam | BH98: Masrur Ridwan, M.Pd. | BI98: 1245449 | BJ98: Dr. Mhd. Lailan Arqam, M.Pd. | BK98: - / 895 833
A99: 8 | B99: C | C99: D | D99: 11583 | E99: 0111765833 | F99: Dimas Khairul Rahman | G99: 17 Juli 2023 | J99: 1 | K99: 1 | M99: Laki-laki | N99: Lubuklinggau | P99: 40772 | Q99: 17 Agustus 2011 | S99: Islam | T99: Jl. Sejahtera Lubuk Kupang RT 007 Lubuklinggau Selatan I Kota Lubuklinggau Sumatera Selatan | V99: Lubuk Kupang | W99: Lubuklinggau Selatan I | X99: Kota Lubuklinggau | Y99: Sumatera Selatan | Z99: MTs Mu'allimin Muh Yogyakarta | AA99: Jalan Suroto 5 Padukuhan Jl. Gn. Bulu, Bandut Lor, Argorejo, Kec. Sedayu, Kabupaten Bantul, Daerah Istimewa Yogyakarta 55852 | AC99: Purnama | AD99: Islam | AE99: S1 | AF99: PNS | AJ99: Enggrina Eka Darmina | AK99: Islam | AL99: S1 | AM99: Ibu Rumah Tangga | AO99: 085273940343 | BA99: Islam | BH99: Masrur Ridwan, M.Pd. | BI99: 1245449 | BJ99: Dr. Mhd. Lailan Arqam, M.Pd. | BK99: - / 895 833
A100: 9 | B100: G | C100: D | D100: 11584 | E100: 0119904384 | F100: Dimas Nur Sayyid | G100: 17 Juli 2023 | J100: 3 | K100: 3 | M100: Laki-laki | N100: Bogor | P100: 40700 | Q100: 6 Juni 2011 | S100: Islam | T100: Perumahan Permata Depok, Sektor Nilam 1 Blok F5/17 RT.005 RW007 Pondok Jaya Cipayung Depok Jawa Barat 16438 | U100: 16438 | V100: Pondok Jaya | W100: Cipayung | X100: Depok | Y100: Jawa Barat | Z100: MTs Mu'allimin Muh Yogyakarta | AA100: Jalan Suroto 5 Padukuhan Jl. Gn. Bulu, Bandut Lor, Argorejo, Kec. Sedayu, Kabupaten Bantul, Daerah Istimewa Yogyakarta 55853 | AC100: Mukhlis | AD100: Islam | AE100: S2 | AF100: ASN | AG100: Rp 2.500.000,00 | AH100: 081510026130 | AJ100: Suhartini | AK100: Islam | AL100: S1 | AM100: Ibu Rumah Tangga | BA100: Islam | BH100: Masrur Ridwan, M.Pd. | BI100: 1245449 | BJ100: Dr. Mhd. Lailan Arqam, M.Pd. | BK100: - / 895 833
...

Sheet PERKELAS
A1: PARALEL | B1: NO | C1: INDUK | D1: NISN | E1: NAMA SISWA | F1: Jenis Kelamin | G1: TEMPAT LAHIR | H1: TANGGAL LAHIR | I1: Agama | J1: Anak Ke | K1: Jml Saudara | L1: Alamat Tempat Tinggal | M1: KELURAHAN | N1: KECAMATAN | O1: Kabupaten/kota | P1: Provinsi | Q1: Asal Sekolah | R1: Alamat Sekolah | S1: Prestasi | T1: Nama Ayah | U1: Agama Ayah | V1: Pendidikan | W1: Pekerjaan | X1: Penghasilan | Y1: Telp | Z1: Email | AA1: Nama Ibu | AB1: Agama Ibu | AC1: Pendidikan | AD1: Pekerjaan | AE1: Penghasilan | AF1: Telp | AG1: Email | AH1: Nama Wali | AI1: Agama Wali | AJ1: Pendidikan | AK1: Pekerjaan | AL1: Alamat Wali | AM1: Penghasilan | AN1: Telp | AO1: Email | AP1: Nama WK
A2: A | B2: 1 | C2: ='BIO DATA'!#REF! -> #REF! | D2: ='BIO DATA'!#REF! -> #REF! | E2: ='BIO DATA'!#REF! -> #REF! | F2: ='BIO DATA'!#REF! -> #REF! | G2: ='BIO DATA'!#REF! -> #REF! | H2: ='BIO DATA'!#REF! -> #REF! | I2: ='BIO DATA'!#REF! -> #REF! | J2: ='BIO DATA'!#REF! -> #REF! | ... AP2: ='BIO DATA'!#REF! -> #REF!
A3: A | B3: 11 | C3: ='BIO DATA'!D2 -> 11543 | D3: ='BIO DATA'!E2 -> 3101049926 | E3: ='BIO DATA'!F2 -> Ainurrofiq Syamsudin | F3: ='BIO DATA'!M2 -> Laki-laki | G3: ='BIO DATA'!N2 -> Baranusa | H3: ='BIO DATA'!P2 -> 40330 | I3: ='BIO DATA'!S2 -> Islam | J3: ='BIO DATA'!J2 -> 1 | K3: ='BIO DATA'!K2 -> 2 | L3: ='BIO DATA'!T2 -> Jl. Imam Bonjol No. 143 RT 002 RW 001 Adang Buom Teluk Mutiara Alor Nusa Tenggara Timur | M3: ='BIO DATA'!V2 -> Adang Buom | N3: ='BIO DATA'!W2 -> Teluk Mutiara | O3: ='BIO DATA'!X2 -> Alor | P3: ='BIO DATA'!Y2 -> Nusa Tenggara Timur | Q3: ='BIO DATA'!Z2 -> MTs Mu'allimin Muh Yogyakarta | R3: ='BIO DATA'!AA2 -> Jalan Suroto 5 Padukuhan Jl. Gn. Bulu, Bandut Lor, Argorejo, Kec. Sedayu, Kabupaten Bantul, Daerah Istimewa Yogyakarta 55753 | S3: ='BIO DATA'!AB2 -> 0 | T3: ='BIO DATA'!AC2 -> Muhammad H. Sjamsuddin | ... AG3: ='BIO DATA'!AP2 -> 0 | AH3: ='BIO DATA'!AZ2 -> 0 | AI3: ='BIO DATA'!BA2 -> Islam | AJ3: ='BIO DATA'!BB2 -> 0 | AK3: ='BIO DATA'!BC2 -> 0 | AL3: ='BIO DATA'!BD2 -> 0 | AM3: ='BIO DATA'!BE2 -> 0 | AN3: ='BIO DATA'!BF2 -> 0 | AO3: ='BIO DATA'!BG2 -> 0 | AP3: ='BIO DATA'!BH2 -> Mohammad Sanusi, S.H.I.
A4: A | B4: 12 | C4: ='BIO DATA'!D3 -> 11586 | D4: ='BIO DATA'!E3 -> 0105875288 | E4: ='BIO DATA'!F3 -> Elka Maulana Iskandar | F4: ='BIO DATA'!M3 -> Laki-laki | G4: ='BIO DATA'!N3 -> Kudus | H4: ='BIO DATA'!P3 -> 40530 | I4: ='BIO DATA'!S3 -> Islam | J4: ='BIO DATA'!J3 -> 1 | K4: ='BIO DATA'!K3 -> 1 | L4: ='BIO DATA'!T3 -> Bae RT 001 RW 001 Bae Kudus Jawa Tengah | M4: ='BIO DATA'!V3 -> Bae | N4: ='BIO DATA'!W3 -> Bae | O4: ='BIO DATA'!X3 -> Kudus | P4: ='BIO DATA'!Y3 -> Jawa Tengah | Q4: ='BIO DATA'!Z3 -> MTs Mu'allimin Muh Yogyakarta | R4: ='BIO DATA'!AA3 -> Jalan Suroto 5 Padukuhan Jl. Gn. Bulu, Bandut Lor, Argorejo, Kec. Sedayu, Kabupaten Bantul, Daerah Istimewa Yogyakarta 55754 | S4: ='BIO DATA'!AB3 -> 0 | T4: ='BIO DATA'!AC3 -> Heri Iskandar | ... AG4: ='BIO DATA'!AP3 -> 0 | AH4: ='BIO DATA'!AZ3 -> 0 | AI4: ='BIO DATA'!BA3 -> Islam | AJ4: ='BIO DATA'!BB3 -> 0 | AK4: ='BIO DATA'!BC3 -> 0 | AL4: ='BIO DATA'!BD3 -> 0 | AM4: ='BIO DATA'!BE3 -> 0 | AN4: ='BIO DATA'!BF3 -> 0 | AO4: ='BIO DATA'!BG3 -> 0 | AP4: ='BIO DATA'!BH3 -> Mohammad Sanusi, S.H.I.
A5: A | B5: 14 | C5: ='BIO DATA'!#REF! -> #REF! | D5: ='BIO DATA'!#REF! -> #REF! | E5: ='BIO DATA'!#REF! -> #REF! | F5: ='BIO DATA'!#REF! -> #REF! | G5: ='BIO DATA'!#REF! -> #REF! | H5: ='BIO DATA'!#REF! -> #REF! | I5: ='BIO DATA'!#REF! -> #REF! | J5: ='BIO DATA'!#REF! -> #REF! | ... AP5: ='BIO DATA'!#REF! -> #REF!
A6: A | B6: 38 | C6: ='BIO DATA'!D4 -> 11589 | D6: ='BIO DATA'!E4 -> 3111141420 | E6: ='BIO DATA'!F4 -> Fahma Akhsananda Hidayat | F6: ='BIO DATA'!M4 -> Laki-laki | G6: ='BIO DATA'!N4 -> Cilacap | H6: ='BIO DATA'!P4 -> 40659 | I6: ='BIO DATA'!S4 -> Islam | J6: ='BIO DATA'!J4 -> 3 | K6: ='BIO DATA'!K4 -> 2 | L6: ='BIO DATA'!T4 -> Jl. Hadiwisastro RT 004 RW 002 Pesawahan Binangun Cilacap Jawa Tengah 53281 | M6: ='BIO DATA'!V4 -> Pesawahan | N6: ='BIO DATA'!W4 -> Binangun | O6: ='BIO DATA'!X4 -> Cilacap | P6: ='BIO DATA'!Y4 -> Jawa Tengah | Q6: ='BIO DATA'!Z4 -> MTs Mu'allimin Muh Yogyakarta | R6: ='BIO DATA'!AA4 -> Jalan Suroto 5 Padukuhan Jl. Gn. Bulu, Bandut Lor, Argorejo, Kec. Sedayu, Kabupaten Bantul, Daerah Istimewa Yogyakarta 55756 | S6: ='BIO DATA'!AB4 -> 0 | T6: ='BIO DATA'!AC4 -> Nur Hidayat, S.Ag. | ... AG6: ='BIO DATA'!AP4 -> 0 | AH6: ='BIO DATA'!AZ4 -> 0 | AI6: ='BIO DATA'!BA4 -> Islam | AJ6: ='BIO DATA'!BB4 -> 0 | AK6: ='BIO DATA'!BC4 -> 0 | AL6: ='BIO DATA'!BD4 -> 0 | AM6: ='BIO DATA'!BE4 -> 0 | AN6: ='BIO DATA'!BF4 -> 0 | AO6: ='BIO DATA'!BG4 -> 0 | AP6: ='BIO DATA'!BH4 -> Mohammad Sanusi, S.H.I.
A7: A | B7: 40 | C7: ='BIO DATA'!D5 -> 11607 | D7: ='BIO DATA'!E5 -> 010502043 | E7: ='BIO DATA'!F5 -> Feris Lutfi Hilal Mahadi | F7: ='BIO DATA'!M5 -> Laki-laki | G7: ='BIO DATA'!N5 -> Magelang | H7: ='BIO DATA'!P5 -> 40490 | I7: ='BIO DATA'!S5 -> Islam | J7: ='BIO DATA'!J5 -> 1 | K7: ='BIO DATA'!K5 -> 1 | L7: ='BIO DATA'!T5 -> Mergangsan Lor MG II/1098 YK RT 045 RW 014 Wirogunan Mergangsan Kota Yogyakarta DIY 55151 | M7: ='BIO DATA'!V5 -> Wirogunan | N7: ='BIO DATA'!W5 -> Mergangsan | O7: ='BIO DATA'!X5 -> Kota Yogyakarta | P7: ='BIO DATA'!Y5 -> DI Yogyakarta | Q7: ='BIO DATA'!Z5 -> MTs Mu'allimin Muh Yogyakarta | R7: ='BIO DATA'!AA5 -> Jalan Suroto 5 Padukuhan Jl. Gn. Bulu, Bandut Lor, Argorejo, Kec. Sedayu, Kabupaten Bantul, Daerah Istimewa Yogyakarta 55757 | S7: ='BIO DATA'!AB5 -> 0 | T7: ='BIO DATA'!AC5 -> Samsu Hartanto | ... AG7: ='BIO DATA'!AP5 -> 0 | AH7: ='BIO DATA'!AZ5 -> 0 | AI7: ='BIO DATA'!BA5 -> Islam | AJ7: ='BIO DATA'!BB5 -> 0 | AK7: ='BIO DATA'!BC5 -> 0 | AL7: ='BIO DATA'!BD5 -> 0 | AM7: ='BIO DATA'!BE5 -> 0 | AN7: ='BIO DATA'!BF5 -> 0 | AO7: ='BIO DATA'!BG5 -> 0 | AP7: ='BIO DATA'!BH5 -> Mohammad Sanusi, S.H.I.
A8: A | B8: 64 | C8: ='BIO DATA'!D6 -> 11608 | D8: ='BIO DATA'!E6 -> 3112084736 | E8: ='BIO DATA'!F6 -> Firaz Tsaqeffano | F8: ='BIO DATA'!M6 -> Laki-laki | G8: ='BIO DATA'!N6 -> Banyumas | H8: ='BIO DATA'!P6 -> 40736 | I8: ='BIO DATA'!S6 -> Islam | J8: ='BIO DATA'!J6 -> 2 | K8: ='BIO DATA'!K6 -> 2 | L8: ='BIO DATA'!T6 -> Perumahan Pabuaran Indah no 24 Grendeng Purwokerto Utara Banyumas Jawa Tengah 53122 | M8: ='BIO DATA'!V6 -> Grendeng | N8: ='BIO DATA'!W6 -> Purwokerto Utara | O8: ='BIO DATA'!X6 -> Banyumas | P8: ='BIO DATA'!Y6 -> Jawa Tengah | Q8: ='BIO DATA'!Z6 -> MTs Mu'allimin Muh Yogyakarta | R8: ='BIO DATA'!AA6 -> Jalan Suroto 5 Padukuhan Jl. Gn. Bulu, Bandut Lor, Argorejo, Kec. Sedayu, Kabupaten Bantul, Daerah Istimewa Yogyakarta 55758 | S8: ='BIO DATA'!AB6 -> 0 | T8: ='BIO DATA'!AC6 -> Prastowo Tri Witono | ... AG8: ='BIO DATA'!AP6 -> 0 | AH8: ='BIO DATA'!AZ6 -> Franky Yoga Anggara | AI8: ='BIO DATA'!BA6 -> Islam | AJ8: ='BIO DATA'!BB6 -> SMA | AK8: ='BIO DATA'!BC6 -> Perangkat Desa | AL8: ='BIO DATA'!BD6 -> Jaten RT 01 Sendangsari Pajangan Bantul DIY | AM8: ='BIO DATA'!BE6 -> 0 | AN8: ='BIO DATA'!BF6 -> 0 | AO8: ='BIO DATA'!BG6 -> 0 | AP8: ='BIO DATA'!BH6 -> Mohammad Sanusi, S.H.I.
A9: A | B9: 88 | C9: ='BIO DATA'!D7 -> 11609 | D9: ='BIO DATA'!E7 -> 0111152815 | E9: ='BIO DATA'!F7 -> Fuad Imtiyaz Mubarok | F9: ='BIO DATA'!M7 -> Laki-laki | G9: ='BIO DATA'!N7 -> Jakarta | H9: ='BIO DATA'!P7 -> 40604 | I9: ='BIO DATA'!S7 -> Islam | J9: ='BIO DATA'!J7 -> 1 | K9: ='BIO DATA'!K7 -> 2 | L9: ='BIO DATA'!T7 -> Jalan Basuki No. 2G R T 006 RW 006 Cilangkap Cipayung Jakarta Timur DKI Jakarta 13870 | M9: ='BIO DATA'!V7 -> Cilangkap | N9: ='BIO DATA'!W7 -> Cipayung | O9: ='BIO DATA'!X7 -> Jakarta Timur | P9: ='BIO DATA'!Y7 -> DKI Jakarta | Q9: ='BIO DATA'!Z7 -> MTs Mu'allimin Muh Yogyakarta | R9: ='BIO DATA'!AA7 -> Jalan Suroto 5 Padukuhan Jl. Gn. Bulu, Bandut Lor, Argorejo, Kec. Sedayu, Kabupaten Bantul, Daerah Istimewa Yogyakarta 55759 | S9: ='BIO DATA'!AB7 -> 0 | T9: ='BIO DATA'!AC7 -> Achmad Mubarok | ... AG9: ='BIO DATA'!AP7 -> 0 | AH9: ='BIO DATA'!AZ7 -> 0 | AI9: ='BIO DATA'!BA7 -> Islam | AJ9: ='BIO DATA'!BB7 -> 0 | AK9: ='BIO DATA'!BC7 -> 0 | AL9: ='BIO DATA'!BD7 -> 0 | AM9: ='BIO DATA'!BE7 -> 0 | AN9: ='BIO DATA'!BF7 -> 0 | AO9: ='BIO DATA'!BG7 -> 0 | AP9: ='BIO DATA'!BH7 -> Mohammad Sanusi, S.H.I.
A10: A | B10: 90 | C10: ='BIO DATA'!D8 -> 11616 | D10: ='BIO DATA'!E8 -> 0112858971 | E10: ='BIO DATA'!F8 -> Habiburrahman Al Azizi | F10: ='BIO DATA'!M8 -> Laki-laki | G10: ='BIO DATA'!N8 -> Boyolali | H10: ='BIO DATA'!P8 -> 40572 | I10: ='BIO DATA'!S8 -> Islam | J10: ='BIO DATA'!J8 -> 1 | K10: ='BIO DATA'!K8 -> 1 | L10: ='BIO DATA'!T8 -> Dk VII Dukuh Puron RT 048 Trimurti Srandakan Bantul DIY 55762 | M10: ='BIO DATA'!V8 -> Trimurti | N10: ='BIO DATA'!W8 -> Srandakan | O10: ='BIO DATA'!X8 -> Bantul | P10: ='BIO DATA'!Y8 -> DI Yogyakarta | Q10: ='BIO DATA'!Z8 -> MTs Mu'allimin Muh Yogyakarta | R10: ='BIO DATA'!AA8 -> Jalan Suroto 5 Padukuhan Jl. Gn. Bulu, Bandut Lor, Argorejo, Kec. Sedayu, Kabupaten Bantul, Daerah Istimewa Yogyakarta 55760 | S10: ='BIO DATA'!AB8 -> 0 | T10: ='BIO DATA'!AC8 -> (Alm.) Abdul Razaq | ... AG10: ='BIO DATA'!AP8 -> 0 | AH10: ='BIO DATA'!AZ8 -> 0 | AI10: ='BIO DATA'!BA8 -> Islam | AJ10: ='BIO DATA'!BB8 -> 0 | AK10: ='BIO DATA'!BC8 -> 0 | AL10: ='BIO DATA'!BD8 -> 0 | AM10: ='BIO DATA'!BE8 -> 0 | AN10: ='BIO DATA'!BF8 -> 0 | AO10: ='BIO DATA'!BG8 -> 0 | AP10: ='BIO DATA'!BH8 -> Mohammad Sanusi, S.H.I.
A11: A | B11: 93 | C11: ='BIO DATA'!D9 -> 11624 | D11: ='BIO DATA'!E9 -> 0112825165 | E11: ='BIO DATA'!F9 -> Hail Kaisan Izzati | F11: ='BIO DATA'!M9 -> Laki-laki | G11: ='BIO DATA'!N9 -> Cilacap | H11: ='BIO DATA'!P9 -> 40743 | I11: ='BIO DATA'!S9 -> Islam | J11: ='BIO DATA'!J9 -> 1 | K11: ='BIO DATA'!K9 -> 2 | L11: ='BIO DATA'!T9 -> Jenang RT 003/019 Majenang Cilacap Jawa Tengah 53257 | M11: ='BIO DATA'!V9 -> Jenang | N11: ='BIO DATA'!W9 -> Majenang | O11: ='BIO DATA'!X9 -> Cilacap | P11: ='BIO DATA'!Y9 -> Jawa Tengah | Q11: ='BIO DATA'!Z9 -> MTs Mu'allimin Muh Yogyakarta | R11: ='BIO DATA'!AA9 -> Jalan Suroto 5 Padukuhan Jl. Gn. Bulu, Bandut Lor, Argorejo, Kec. Sedayu, Kabupaten Bantul, Daerah Istimewa Yogyakarta 55761 | S11: ='BIO DATA'!AB9 -> 0 | T11: ='BIO DATA'!AC9 -> Arif Budi Santosa | ... AG11: ='BIO DATA'!AP9 -> 0 | AH11: ='BIO DATA'!AZ9 -> 0 | AI11: ='BIO DATA'!BA9 -> Islam | AJ11: ='BIO DATA'!BB9 -> 0 | AK11: ='BIO DATA'!BC9 -> 0 | AL11: ='BIO DATA'!BD9 -> 0 | AM11: ='BIO DATA'!BE9 -> 0 | AN11: ='BIO DATA'!BF9 -> 0 | AO11: ='BIO DATA'!BG9 -> 0 | AP11: ='BIO DATA'!BH9 -> Mohammad Sanusi, S.H.I.
A12: A | B12: 96 | C12: ='BIO DATA'!D10 -> 11625 | D12: ='BIO DATA'!E10 -> 0112205063 | E12: ='BIO DATA'!F10 -> Haiz Elhaq Rahman | F12: ='BIO DATA'!M10 -> Laki-laki | G12: ='BIO DATA'!N10 -> Cairo | H12: ='BIO DATA'!P10 -> 40736 | I12: ='BIO DATA'!S10 -> Islam | J12: ='BIO DATA'!J10 -> 3 | K12: ='BIO DATA'!K10 -> 5 | L12: ='BIO DATA'!T10 -> Jl. Caringin Komplek Fizhilala Al Quran RT 004 RW 012 Sayang Jatinangor Sumedang Jawa Barat 45363 | M12: ='BIO DATA'!V10 -> Sayang | N12: ='BIO DATA'!W10 -> Jatinangor | O12: ='BIO DATA'!X10 -> Sumedang | P12: ='BIO DATA'!Y10 -> Jawa Barat | Q12: ='BIO DATA'!Z10 -> MTs Mu'allimin Muh Yogyakarta | R12: ='BIO DATA'!AA10 -> Jalan Suroto 5 Padukuhan Jl. Gn. Bulu, Bandut Lor, Argorejo, Kec. Sedayu, Kabupaten Bantul, Daerah Istimewa Yogyakarta 55762 | S12: ='BIO DATA'!AB10 -> 0 | T12: ='BIO DATA'!AC10 -> Cecep Taufikurrohman | ... AG12: ='BIO DATA'!AP10 -> 0 | AH12: ='BIO DATA'!AZ10 -> 0 | AI12: ='BIO DATA'!BA10 -> Islam | AJ12: ='BIO DATA'!BB10 -> 0 | AK12: ='BIO DATA'!BC10 -> 0 | AL12: ='BIO DATA'!BD10 -> 0 | AM12: ='BIO DATA'!BE10 -> 0 | AN12: ='BIO DATA'!BF10 -> 0 | AO12: ='BIO DATA'!BG10 -> 0 | AP12: ='BIO DATA'!BH10 -> Mohammad Sanusi, S.H.I.
A13: A | B13: 110 | C13: ='BIO DATA'!D12 -> 11660 | D13: ='BIO DATA'!E12 -> 0109202081 | E13: ='BIO DATA'!F12 -> M.Dafa Wafiqul Azhar | F13: ='BIO DATA'!M12 -> Laki-laki | G13: ='BIO DATA'!N12 -> Lamongan | H13: ='BIO DATA'!P12 -> 40284 | I13: ='BIO DATA'!S12 -> Islam | J13: ='BIO DATA'!J12 -> 1 | K13: ='BIO DATA'!K12 -> 1 | L13: ='BIO DATA'!T12 -> Dsn. Bancak Wetan RT 001 RW 010 Krogowanan Sawangan Magelang Jawa Tengah 55481 | M13: ='BIO DATA'!V12 -> Krogowanan | N13: ='BIO DATA'!W12 -> Sawangan | O13: ='BIO DATA'!X12 -> Magelang | P13: ='BIO DATA'!Y12 -> Jawa Tengah | Q13: ='BIO DATA'!Z12 -> MTs Mu'allimin Muh Yogyakarta | R13: ='BIO DATA'!AA12 -> Jalan Suroto 5 Padukuhan Jl. Gn. Bulu, Bandut Lor, Argorejo, Kec. Sedayu, Kabupaten Bantul, Daerah Istimewa Yogyakarta 55764 | S13: ='BIO DATA'!AB12 -> 0 | T13: ='BIO DATA'!AC12 -> Anwarudin | ... AG13: ='BIO DATA'!AP12 -> 0 | AH13: ='BIO DATA'!AZ12 -> 0 | AI13: ='BIO DATA'!BA12 -> Islam | AJ13: ='BIO DATA'!BB12 -> 0 | AK13: ='BIO DATA'!BC12 -> 0 | AL13: ='BIO DATA'!BD12 -> 0 | AM13: ='BIO DATA'!BE12 -> 0 | AN13: ='BIO DATA'!BF12 -> 0 | AO13: ='BIO DATA'!BG12 -> 0 | AP13: ='BIO DATA'!BH12 -> Mohammad Sanusi, S.H.I.
A14: A | B14: 119 | C14: ='BIO DATA'!#REF! -> #REF! | D14: ='BIO DATA'!#REF! -> #REF! | E14: ='BIO DATA'!#REF! -> #REF! | F14: ='BIO DATA'!#REF! -> #REF! | G14: ='BIO DATA'!#REF! -> #REF! | H14: ='BIO DATA'!#REF! -> #REF! | I14: ='BIO DATA'!#REF! -> #REF! | J14: ='BIO DATA'!#REF! -> #REF! | ... AP14: ='BIO DATA'!#REF! -> #REF!
A15: A | B15: 128 | C15: ='BIO DATA'!D13 -> 11677 | D15: ='BIO DATA'!E13 -> 0104224489 | E15: ='BIO DATA'!F13 -> Muhamad Azriel Akbar Setya Putra | F15: ='BIO DATA'!M13 -> Laki-laki | G15: ='BIO DATA'!N13 -> Grobogan | H15: ='BIO DATA'!P13 -> 40468 | I15: ='BIO DATA'!S13 -> Islam | J15: ='BIO DATA'!J13 -> 1 | K15: ='BIO DATA'!K13 -> 1 | L15: ='BIO DATA'!T13 -> Getaspejaten RT 010 RW 004 Jati Kudus Jawa Tengah 59343 | M15: ='BIO DATA'!V13 -> Getaspejaten | N15: ='BIO DATA'!W13 -> Jati | O15: ='BIO DATA'!X13 -> Kudus | P15: ='BIO DATA'!Y13 -> Jawa Tengah | Q15: ='BIO DATA'!Z13 -> MTs Mu'allimin Muh Yogyakarta | R15: ='BIO DATA'!AA13 -> Jalan Suroto 5 Padukuhan Jl. Gn. Bulu, Bandut Lor, Argorejo, Kec. Sedayu, Kabupaten Bantul, Daerah Istimewa Yogyakarta 55766 | S15: ='BIO DATA'!AB13 -> 0 | T15: ='BIO DATA'!AC13 -> Iwan Setiawan | ... AG15: ='BIO DATA'!AP13 -> 0 | AH15: ='BIO DATA'!AZ13 -> 0 | AI15: ='BIO DATA'!BA13 -> Islam | AJ15: ='BIO DATA'!BB13 -> 0 | AK15: ='BIO DATA'!BC13 -> 0 | AL15: ='BIO DATA'!BD13 -> 0 | AM15: ='BIO DATA'!BE13 -> 0 | AN15: ='BIO DATA'!BF13 -> 0 | AO15: ='BIO DATA'!BG13 -> 0 | AP15: ='BIO DATA'!BH13 -> Mohammad Sanusi, S.H.I.
A16: A | B16: 130 | C16: ='BIO DATA'!D14 -> 11678 | D16: ='BIO DATA'!E14 -> 3119592992 | E16: ='BIO DATA'!F14 -> Muhammad Abid Al Dzaka | F16: ='BIO DATA'!M14 -> Laki-laki | G16: ='BIO DATA'!N14 -> Sleman | H16: ='BIO DATA'!P14 -> 39502 | I16: ='BIO DATA'!S14 -> Islam | J16: ='BIO DATA'!J14 -> 2 | K16: ='BIO DATA'!K14 -> 3 | L16: ='BIO DATA'!T14 -> Babadan IV RT 003 RW 009 Sendangagung Minggir Sleman DIY 55562 | M16: ='BIO DATA'!V14 -> Sendangagung | N16: ='BIO DATA'!W14 -> Minggir | O16: ='BIO DATA'!X14 -> Sleman | P16: ='BIO DATA'!Y14 -> DI Yogyakarta | Q16: ='BIO DATA'!Z14 -> MTs Mu'allimin Muh Yogyakarta | R16: ='BIO DATA'!AA14 -> Jalan Suroto 5 Padukuhan Jl. Gn. Bulu, Bandut Lor, Argorejo, Kec. Sedayu, Kabupaten Bantul, Daerah Istimewa Yogyakarta 55767 | S16: ='BIO DATA'!AB14 -> 0 | T16: ='BIO DATA'!AC14 -> Indra Mulyani | ... AG16: ='BIO DATA'!AP14 -> 0 | AH16: ='BIO DATA'!AZ14 -> 0 | AI16: ='BIO DATA'!BA14 -> Islam | AJ16: ='BIO DATA'!BB14 -> 0 | AK16: ='BIO DATA'!BC14 -> 0 | AL16: ='BIO DATA'!BD14 -> 0 | AM16: ='BIO DATA'!BE14 -> 0 | AN16: ='BIO DATA'!BF14 -> 0 | AO16: ='BIO DATA'!BG14 -> 0 | AP16: ='BIO DATA'!BH14 -> Mohammad Sanusi, S.H.I.
A17: A | B17: 141 | C17: ='BIO DATA'!D15 -> 11659 | D17: ='BIO DATA'!E15 -> 0103157116 | E17: ='BIO DATA'!F15 -> M. Abyan Qisthi Nabhani | F17: ='BIO DATA'!M15 -> Laki-laki | G17: ='BIO DATA'!N15 -> Pekalongan | H17: ='BIO DATA'!P15 -> 40518 | I17: ='BIO DATA'!S15 -> Islam | J17: ='BIO DATA'!J15 -> 1 | K17: ='BIO DATA'!K15 -> 2 | L17: ='BIO DATA'!T15 -> Podo Gg. 2B RT 011 RW 002 Kedungwuni Pekalongan Jawa Tengah 51173 | M17: ='BIO DATA'!V15 -> Podo | N17: ='BIO DATA'!W15 -> Kedungwuni | O17: ='BIO DATA'!X15 -> Pekalongan | P17: ='BIO DATA'!Y15 -> Jawa Tengah | Q17: ='BIO DATA'!Z15 -> MTs Mu'allimin Muh Yogyakarta | R17: ='BIO DATA'!AA15 -> Jalan Suroto 5 Padukuhan Jl. Gn. Bulu, Bandut Lor, Argorejo, Kec. Sedayu, Kabupaten Bantul, Daerah Istimewa Yogyakarta 55768 | S17: ='BIO DATA'!AB15 -> 0 | T17: ='BIO DATA'!AC15 -> Muh. Bakrin | ... AG17: ='BIO DATA'!AP15 -> 0 | AH17: ='BIO DATA'!AZ15 -> 0 | AI17: ='BIO DATA'!BA15 -> Islam | AJ17: ='BIO DATA'!BB15 -> 0 | AK17: ='BIO DATA'!BC15 -> 0 | AL17: ='BIO DATA'!BD15 -> 0 | AM17: ='BIO DATA'!BE15 -> 0 | AN17: ='BIO DATA'!BF15 -> 0 | AO17: ='BIO DATA'!BG15 -> 0 | AP17: ='BIO DATA'!BH15 -> Mohammad Sanusi, S.H.I.
A18: A | B18: 157 | C18: ='BIO DATA'!D16 -> 11687 | D18: ='BIO DATA'!E16 -> 0118383409 | E18: ='BIO DATA'!F16 -> Muhammad Almairi Akhyar | F18: ='BIO DATA'!M16 -> Laki-laki | G18: ='BIO DATA'!N16 -> Manggar | H18: ='BIO DATA'!P16 -> 40840 | I18: ='BIO DATA'!S16 -> Islam | J18: ='BIO DATA'!J16 -> 2 | K18: ='BIO DATA'!K16 -> 2 | L18: ='BIO DATA'!T16 -> Dsn. Padang II RT 008 RW 004 Padang Manggar Belitung Timur Kepulauan Bangka Belitung 33516 | M18: ='BIO DATA'!V16 -> Padang | N18: ='BIO DATA'!W16 -> Manggar | O18: ='BIO DATA'!X16 -> Belitung Timur | P18: ='BIO DATA'!Y16 -> Kepulauan Bangka Belitung | Q18: ='BIO DATA'!Z16 -> MTs Mu'allimin Muh Yogyakarta | R18: ='BIO DATA'!AA16 -> Jalan Suroto 5 Padukuhan Jl. Gn. Bulu, Bandut Lor, Argorejo, Kec. Sedayu, Kabupaten Bantul, Daerah Istimewa Yogyakarta 55769 | S18: ='BIO DATA'!AB16 -> 0 | T18: ='BIO DATA'!AC16 -> Agustian | ... AG18: ='BIO DATA'!AP16 -> 0 | AH18: ='BIO DATA'!AZ16 -> 0 | AI18: ='BIO DATA'!BA16 -> Islam | AJ18: ='BIO DATA'!BB16 -> 0 | AK18: ='BIO DATA'!BC16 -> 0 | AL18: ='BIO DATA'!BD16 -> 0 | AM18: ='BIO DATA'!BE16 -> 0 | AN18: ='BIO DATA'!BF16 -> 0 | AO18: ='BIO DATA'!BG16 -> 0 | AP18: ='BIO DATA'!BH16 -> Mohammad Sanusi, S.H.I.
A19: A | B19: 159 | C19: ='BIO DATA'!D17 -> 11699 | D19: ='BIO DATA'!E17 -> 0114574227 | E19: ='BIO DATA'!F17 -> Muhammad Burhanuddin Robbani | F19: ='BIO DATA'!M17 -> Laki-laki | G19: ='BIO DATA'!N17 -> Jakarta | H19: ='BIO DATA'!P17 -> 40617 | I19: ='BIO DATA'!S17 -> Islam | J19: ='BIO DATA'!J17 -> 2 | K19: ='BIO DATA'!K17 -> 2 | L19: ='BIO DATA'!T17 -> Srengseng No 2 RT 002 RW 002 Srengseng Kembangan Jakarta Barat DKI Jakarta 11630 | M19: ='BIO DATA'!V17 -> Srengseng | N19: ='BIO DATA'!W17 -> Kembangan | O19: ='BIO DATA'!X17 -> Jakarta Barat | P19: ='BIO DATA'!Y17 -> DKI Jakarta | Q19: ='BIO DATA'!Z17 -> MTs Mu'allimin Muh Yogyakarta | R19: ='BIO DATA'!AA17 -> Jalan Suroto 5 Padukuhan Jl. Gn. Bulu, Bandut Lor, Argorejo, Kec. Sedayu, Kabupaten Bantul, Daerah Istimewa Yogyakarta 55770 | S19: ='BIO DATA'!AB17 -> 0 | T19: ='BIO DATA'!AC17 -> Nurhadi | ... AG19: ='BIO DATA'!AP17 -> 0 | AH19: ='BIO DATA'!AZ17 -> 0 | AI19: ='BIO DATA'!BA17 -> Islam | AJ19: ='BIO DATA'!BB17 -> 0 | AK19: ='BIO DATA'!BC17 -> 0 | AL19: ='BIO DATA'!BD17 -> 0 | AM19: ='BIO DATA'!BE17 -> 0 | AN19: ='BIO DATA'!BF17 -> 0 | AO19: ='BIO DATA'!BG17 -> 0 | AP19: ='BIO DATA'!BH17 -> Mohammad Sanusi, S.H.I.
A20: A | B20: 171 | C20: ='BIO DATA'!D18 -> 11701 | D20: ='BIO DATA'!E18 -> 0116953353 | E20: ='BIO DATA'!F18 -> Muhammad Dwilutfan Ahda | F20: ='BIO DATA'!M18 -> Laki-laki | G20: ='BIO DATA'!N18 -> Belitung | H20: ='BIO DATA'!P18 -> 40836 | I20: ='BIO DATA'!S18 -> Islam | J20: ='BIO DATA'!J18 -> 2 | K20: ='BIO DATA'!K18 -> 4 | L20: ='BIO DATA'!T18 -> Dsn. Pancur I RT 001 RW 001 Padang Manggar Belitung Timur Kepulauan Bangka Belitung 33516 | M20: ='BIO DATA'!V18 -> Padang | N20: ='BIO DATA'!W18 -> Manggar | O20: ='BIO DATA'!X18 -> Belitung Timur | P20: ='BIO DATA'!Y18 -> Kepulauan Bangka Belitung | Q20: ='BIO DATA'!Z18 -> MTs Mu'allimin Muh Yogyakarta | R20: ='BIO DATA'!AA18 -> Jalan Suroto 5 Padukuhan Jl. Gn. Bulu, Bandut Lor, Argorejo, Kec. Sedayu, Kabupaten Bantul, Daerah Istimewa Yogyakarta 55771 | S20: ='BIO DATA'!AB18 -> 0 | T20: ='BIO DATA'!AC18 -> Samlawi | ... AG20: ='BIO DATA'!AP18 -> 0 | AH20: ='BIO DATA'!AZ18 -> 0 | AI20: ='BIO DATA'!BA18 -> Islam | AJ20: ='BIO DATA'!BB18 -> 0 | AK20: ='BIO DATA'!BC18 -> 0 | AL20: ='BIO DATA'!BD18 -> 0 | AM20: ='BIO DATA'!BE18 -> 0 | AN20: ='BIO DATA'!BF18 -> 0 | AO20: ='BIO DATA'!BG18 -> 0 | AP20: ='BIO DATA'!BH18 -> Mohammad Sanusi, S.H.I.
A21: A | B21: 177 | C21: ='BIO DATA'!#REF! -> #REF! | D21: ='BIO DATA'!#REF! -> #REF! | E21: ='BIO DATA'!#REF! -> #REF! | F21: ='BIO DATA'!#REF! -> #REF! | G21: ='BIO DATA'!#REF! -> #REF! | H21: ='BIO DATA'!#REF! -> #REF! | I21: ='BIO DATA'!#REF! -> #REF! | J21: ='BIO DATA'!#REF! -> #REF! | ... AP21: ='BIO DATA'!#REF! -> #REF!
A22: A | B22: 192 | C22: ='BIO DATA'!#REF! -> #REF! | D22: ='BIO DATA'!#REF! -> #REF! | E22: ='BIO DATA'!#REF! -> #REF! | F22: ='BIO DATA'!#REF! -> #REF! | G22: ='BIO DATA'!#REF! -> #REF! | H22: ='BIO DATA'!#REF! -> #REF! | I22: ='BIO DATA'!#REF! -> #REF! | J22: ='BIO DATA'!#REF! -> #REF! | ... AP22: ='BIO DATA'!#REF! -> #REF!
A23: A | B23: 202 | C23: ='BIO DATA'!D19 -> 11722 | D23: ='BIO DATA'!E19 -> 0112036009 | E23: ='BIO DATA'!F19 -> Muhammad Ibra Bekti Rohmadhoni | F23: ='BIO DATA'!M19 -> Laki-laki | G23: ='BIO DATA'!N19 -> Bojonegoro | H23: ='BIO DATA'!P19 -> 40759 | I23: ='BIO DATA'!S19 -> Islam | J23: ='BIO DATA'!J19 -> 1 | K23: ='BIO DATA'!K19 -> 1 | L23: ='BIO DATA'!T19 -> Jl. Muh. Husni Thamrin RT 001 RW 002 Tomba Wolio Kota Baubau Sulawesi Tenggara 93712 | M23: ='BIO DATA'!V19 -> Tomba | N23: ='BIO DATA'!W19 -> Wolio | O23: ='BIO DATA'!X19 -> Kota Baubau | P23: ='BIO DATA'!Y19 -> Sulawesi Tenggara | Q23: ='BIO DATA'!Z19 -> MTs Mu'allimin Muh Yogyakarta | R23: ='BIO DATA'!AA19 -> Jalan Suroto 5 Padukuhan Jl. Gn. Bulu, Bandut Lor, Argorejo, Kec. Sedayu, Kabupaten Bantul, Daerah Istimewa Yogyakarta 55774 | S23: ='BIO DATA'!AB19 -> 0 | T23: ='BIO DATA'!AC19 -> Imam Subekti | ... AG23: ='BIO DATA'!AP19 -> 0 | AH23: ='BIO DATA'!AZ19 -> 0 | AI23: ='BIO DATA'!BA19 -> Islam | AJ23: ='BIO DATA'!BB19 -> 0 | AK23: ='BIO DATA'!BC19 -> 0 | AL23: ='BIO DATA'!BD19 -> 0 | AM23: ='BIO DATA'!BE19 -> 0 | AN23: ='BIO DATA'!BF19 -> 0 | AO23: ='BIO DATA'!BG19 -> 0 | AP23: ='BIO DATA'!BH19 -> Mohammad Sanusi, S.H.I.
A24: A | B24: 211 | C24: ='BIO DATA'!D20 -> 11728 | D24: ='BIO DATA'!E20 -> 0109802442 | E24: ='BIO DATA'!F20 -> Muhammad Naufal Rasyiid Jaya | F24: ='BIO DATA'!M20 -> Laki-laki | G24: ='BIO DATA'!N20 -> Sleman | H24: ='BIO DATA'!P20 -> 40373 | I24: ='BIO DATA'!S20 -> Islam | J24: ='BIO DATA'!J20 -> 1 | K24: ='BIO DATA'!K20 -> 1 | L24: ='BIO DATA'!T20 -> Bodeh RT 001 RW 023 Ambarketawang Gamping Sleman DIY 55294 | M24: ='BIO DATA'!V20 -> Ambarketawang | N24: ='BIO DATA'!W20 -> Gamping | O24: ='BIO DATA'!X20 -> Sleman | P24: ='BIO DATA'!Y20 -> DI Yogyakarta | Q24: ='BIO DATA'!Z20 -> MTs Mu'allimin Muh Yogyakarta | R24: ='BIO DATA'!AA20 -> Jalan Suroto 5 Padukuhan Jl. Gn. Bulu, Bandut Lor, Argorejo, Kec. Sedayu, Kabupaten Bantul, Daerah Istimewa Yogyakarta 55775 | S24: ='BIO DATA'!AB20 -> 0 | T24: ='BIO DATA'!AC20 -> Supangat Infantri Jaya | ... AG24: ='BIO DATA'!AP20 -> 0 | AH24: ='BIO DATA'!AZ20 -> 0 | AI24: ='BIO DATA'!BA20 -> Islam | AJ24: ='BIO DATA'!BB20 -> 0 | AK24: ='BIO DATA'!BC20 -> 0 | AL24: ='BIO DATA'!BD20 -> 0 | AM24: ='BIO DATA'!BE20 -> 0 | AN24: ='BIO DATA'!BF20 -> 0 | AO24: ='BIO DATA'!BG20 -> 0 | AP24: ='BIO DATA'!BH20 -> Mohammad Sanusi, S.H.I.
A25: A | B25: 227 | C25: ='BIO DATA'!D21 -> 11731 | D25: ='BIO DATA'!E21 -> 3103569331 | E25: ='BIO DATA'!F21 -> Muhammad Rafa Arrayyan | F25: ='BIO DATA'!M21 -> Laki-laki | G25: ='BIO DATA'!N21 -> Jakarta | H25: ='BIO DATA'!P21 -> 40382 | I25: ='BIO DATA'!S21 -> Islam | J25: ='BIO DATA'!J21 -> 1 | K25: ='BIO DATA'!K21 -> 2 | L25: ='BIO DATA'!T21 -> Jl. Swadaya PLN Klender RT 003 RW 002 Jatinegara Cakung Jakarta Timur DKI Jakarta 13930 | M25: ='BIO DATA'!V21 -> Jatinegara | N25: ='BIO DATA'!W21 -> Cakung | O25: ='BIO DATA'!X21 -> Jakarta Timur | P25: ='BIO DATA'!Y21 -> DKI Jakarta | Q25: ='BIO DATA'!Z21 -> MTs Mu'allimin Muh Yogyakarta | R25: ='BIO DATA'!AA21 -> Jalan Suroto 5 Padukuhan Jl. Gn. Bulu, Bandut Lor, Argorejo, Kec. Sedayu, Kabupaten Bantul, Daerah Istimewa Yogyakarta 55776 | S25: ='BIO DATA'!AB21 -> 0 | T25: ='BIO DATA'!AC21 -> Trinanda Munfaji (alm.) | ... AG25: ='BIO DATA'!AP21 -> 0 | AH25: ='BIO DATA'!AZ21 -> 0 | AI25: ='BIO DATA'!BA21 -> Islam | AJ25: ='BIO DATA'!BB21 -> 0 | AK25: ='BIO DATA'!BC21 -> 0 | AL25: ='BIO DATA'!BD21 -> 0 | AM25: ='BIO DATA'!BE21 -> 0 | AN25: ='BIO DATA'!BF21 -> 0 | AO25: ='BIO DATA'!BG21 -> 0 | AP25: ='BIO DATA'!BH21 -> Mohammad Sanusi, S.H.I.
A26: A | B26: 268 | C26: ='BIO DATA'!D22 -> 11735 | D26: ='BIO DATA'!E22 -> 0119936984 | E26: ='BIO DATA'!F22 -> Muhammad Razan Al Azka Panglimunan | F26: ='BIO DATA'!M22 -> Laki-laki | G26: ='BIO DATA'!N22 -> Solo | H26: ='BIO DATA'!P22 -> 40694 | I26: ='BIO DATA'!S22 -> Islam | J26: ='BIO DATA'!J22 -> 1 | K26: ='BIO DATA'!K22 -> 1 | L26: ='BIO DATA'!T22 -> Jl. Sekar Jagad 1 No. 21A RT 004 RW 001 Pajang Laweyan Surakarta Jawa Tengah 57146 | M26: ='BIO DATA'!V22 -> Pajang | N26: ='BIO DATA'!W22 -> Laweyan | O26: ='BIO DATA'!X22 -> Kota Surakarta | P26: ='BIO DATA'!Y22 -> Jawa Tengah | Q26: ='BIO DATA'!Z22 -> MTs Mu'allimin Muh Yogyakarta | R26: ='BIO DATA'!AA22 -> Jalan Suroto 5 Padukuhan Jl. Gn. Bulu, Bandut Lor, Argorejo, Kec. Sedayu, Kabupaten Bantul, Daerah Istimewa Yogyakarta 55777 | S26: ='BIO DATA'!AB22 -> 0 | T26: ='BIO DATA'!AC22 -> Muhammad Iqbal | ... AG26: ='BIO DATA'!AP22 -> 0 | AH26: ='BIO DATA'!AZ22 -> 0 | AI26: ='BIO DATA'!BA22 -> Islam | AJ26: ='BIO DATA'!BB22 -> 0 | AK26: ='BIO DATA'!BC22 -> 0 | AL26: ='BIO DATA'!BD22 -> 0 | AM26: ='BIO DATA'!BE22 -> 0 | AN26: ='BIO DATA'!BF22 -> 0 | AO26: ='BIO DATA'!BG22 -> 0 | AP26: ='BIO DATA'!BH22 -> Mohammad Sanusi, S.H.I.
A27: A | B27: 273 | C27: ='BIO DATA'!D23 -> 11762 | D27: ='BIO DATA'!E23 -> 0103659765 | E27: ='BIO DATA'!F23 -> Nizham Ziyad Ar Rasyiediin | F27: ='BIO DATA'!M23 -> Laki-laki | G27: ='BIO DATA'!N23 -> Taman Sari | H27: ='BIO DATA'!P23 -> 40427 | I27: ='BIO DATA'!S23 -> Islam | J27: ='BIO DATA'!J23 -> 1 | K27: ='BIO DATA'!K23 -> 1 | L27: ='BIO DATA'!T23 -> Jl. Tani RT 006 RW 004 Pringsewu Barat Pringsewu Lampung 35373 | M27: ='BIO DATA'!V23 -> Pringsewu Barat | N27: ='BIO DATA'!W23 -> Pringsewu | O27: ='BIO DATA'!X23 -> Pringsewu | P27: ='BIO DATA'!Y23 -> Lampung | Q27: ='BIO DATA'!Z23 -> MTs Mu'allimin Muh Yogyakarta | R27: ='BIO DATA'!AA23 -> Jalan Suroto 5 Padukuhan Jl. Gn. Bulu, Bandut Lor, Argorejo, Kec. Sedayu, Kabupaten Bantul, Daerah Istimewa Yogyakarta 55778 | S27: ='BIO DATA'!AB23 -> 0 | T27: ='BIO DATA'!AC23 -> Edi Susanto, SE | ... AG27: ='BIO DATA'!AP23 -> 0 | AH27: ='BIO DATA'!AZ23 -> 0 | AI27: ='BIO DATA'!BA23 -> Islam | AJ27: ='BIO DATA'!BB23 -> 0 | AK27: ='BIO DATA'!BC23 -> 0 | AL27: ='BIO DATA'!BD23 -> 0 | AM27: ='BIO DATA'!BE23 -> 0 | AN27: ='BIO DATA'!BF23 -> 0 | AO27: ='BIO DATA'!BG23 -> 0 | AP27: ='BIO DATA'!BH23 -> Mohammad Sanusi, S.H.I.
A28: A | B28: 284 | C28: ='BIO DATA'!D24 -> 11800 | D28: ='BIO DATA'!E24 -> 0116601897 | E28: ='BIO DATA'!F24 -> Rohman Qolbi Salim | F28: ='BIO DATA'!M24 -> Laki-laki | G28: ='BIO DATA'!N24 -> Rimbo Bujang | H28: ='BIO DATA'!P24 -> 40570 | I28: ='BIO DATA'!S24 -> Islam | J28: ='BIO DATA'!J24 -> 3 | K28: ='BIO DATA'!K24 -> 2 | L28: ='BIO DATA'!T24 -> Jl. Jendral Sudirman RT 001 RW 004 Mandiri Agung Rimbo Bujang Tebo Jambi 37551 | M28: ='BIO DATA'!V24 -> Mandiri Agung | N28: ='BIO DATA'!W24 -> Rimbo Bujang | O28: ='BIO DATA'!X24 -> Tebo | P28: ='BIO DATA'!Y24 -> Jambi | Q28: ='BIO DATA'!Z24 -> MTs Mu'allimin Muh Yogyakarta | R28: ='BIO DATA'!AA24 -> Jalan Suroto 5 Padukuhan Jl. Gn. Bulu, Bandut Lor, Argorejo, Kec. Sedayu, Kabupaten Bantul, Daerah Istimewa Yogyakarta 55779 | S28: ='BIO DATA'!AB24 -> 0 | T28: ='BIO DATA'!AC24 -> Busri, S.Pd. | ... AG28: ='BIO DATA'!AP24 -> 0 | AH28: ='BIO DATA'!AZ24 -> 0 | AI28: ='BIO DATA'!BA24 -> Islam | AJ28: ='BIO DATA'!BB24 -> 0 | AK28: ='BIO DATA'!BC24 -> 0 | AL28: ='BIO DATA'!BD24 -> 0 | AM28: ='BIO DATA'!BE24 -> 0 | AN28: ='BIO DATA'!BF24 -> 0 | AO28: ='BIO DATA'!BG24 -> 0 | AP28: ='BIO DATA'!BH24 -> Mohammad Sanusi, S.H.I.
A29: A | B29: 289 | C29: ='BIO DATA'!D25 -> 11810 | D29: ='BIO DATA'!E25 -> 0112840730 | E29: ='BIO DATA'!F25 -> Syabil Angkasa Putra Solissa | F29: ='BIO DATA'!M25 -> Laki-laki | G29: ='BIO DATA'!N25 -> Ambon | H29: ='BIO DATA'!P25 -> 40721 | I29: ='BIO DATA'!S25 -> Islam | J29: ='BIO DATA'!J25 -> 2 | K29: ='BIO DATA'!K25 -> 2 | L29: ='BIO DATA'!T25 -> Desa Lektama Namrole Buru Selatan Maluku | M29: ='BIO DATA'!V25 -> Lektama | N29: ='BIO DATA'!W25 -> Namrole | O29: ='BIO DATA'!X25 -> Buru Selatan | P29: ='BIO DATA'!Y25 -> Maluku | Q29: ='BIO DATA'!Z25 -> MTs Mu'allimin Muh Yogyakarta | R29: ='BIO DATA'!AA25 -> Jalan Suroto 5 Padukuhan Jl. Gn. Bulu, Bandut Lor, Argorejo, Kec. Sedayu, Kabupaten Bantul, Daerah Istimewa Yogyakarta 55780 | S29: ='BIO DATA'!AB25 -> 0 | T29: ='BIO DATA'!AC25 -> Yasir Arafat Solissa | ... AG29: ='BIO DATA'!AP25 -> 0 | AH29: ='BIO DATA'!AZ25 -> Abdul Basir Solissa | AI29: ='BIO DATA'!BA25 -> Islam | AJ29: ='BIO DATA'!BB25 -> S2 | AK29: ='BIO DATA'!BC25 -> Dosen | AL29: ='BIO DATA'!BD25 -> 0 | AM29: ='BIO DATA'!BE25 -> 0 | AN29: ='BIO DATA'!BF25 -> 082141317156 | AO29: ='BIO DATA'!BG25 -> 0 | AP29: ='BIO DATA'!BH25 -> Mohammad Sanusi, S.H.I.
A30: A | B30: 301 | C30: ='BIO DATA'!D27 -> 11823 | D30: ='BIO DATA'!E27 -> 0112852073 | E30: ='BIO DATA'!F27 -> Yusuf Aydin Hylmi Asadel | F30: ='BIO DATA'!M27 -> Laki-laki | G30: ='BIO DATA'!N27 -> Semarang | H30: ='BIO DATA'!P27 -> 40569 | I30: ='BIO DATA'!S27 -> Islam | J30: ='BIO DATA'!J27 -> 2 | K30: ='BIO DATA'!K27 -> 2 | L30: ='BIO DATA'!T27 -> Botton 1 472 RT 003 RW 005 Magelang Tengah Kota Magelang Jawa Tengah 56117 | M30: ='BIO DATA'!V27 -> Magelang | N30: ='BIO DATA'!W27 -> Magelang Tengah | O30: ='BIO DATA'!X27 -> Kota Magelang | P30: ='BIO DATA'!Y27 -> Jawa Tengah | Q30: ='BIO DATA'!Z27 -> MTs Mu'allimin Muh Yogyakarta | R30: ='BIO DATA'!AA27 -> Jalan Suroto 5 Padukuhan Jl. Gn. Bulu, Bandut Lor, Argorejo, Kec. Sedayu, Kabupaten Bantul, Daerah Istimewa Yogyakarta 55782 | S30: ='BIO DATA'!AB27 -> 0 | T30: ='BIO DATA'!AC27 -> Nanang Yudo Cahyono | ... AG30: ='BIO DATA'!AP27 -> 0 | AH30: ='BIO DATA'!AZ27 -> 0 | AI30: ='BIO DATA'!BA27 -> Islam | AJ30: ='BIO DATA'!BB27 -> 0 | AK30: ='BIO DATA'!BC27 -> 0 | AL30: ='BIO DATA'!BD27 -> 0 | AM30: ='BIO DATA'!BE27 -> 0 | AN30: ='BIO DATA'!BF27 -> 0 | AO30: ='BIO DATA'!BG27 -> 0 | AP30: ='BIO DATA'!BH27 -> Mohammad Sanusi, S.H.I.
A31: A | B31: 3 | C31: ='BIO DATA'!D28 -> 11535 | D31: ='BIO DATA'!E28 -> 0113563650 | E31: ='BIO DATA'!F28 -> Ahmad Azzam Huluq | F31: ='BIO DATA'!M28 -> Laki-laki | G31: ='BIO DATA'!N28 -> Serang | H31: ='BIO DATA'!P28 -> 40612 | I31: ='BIO DATA'!S28 -> Islam | J31: ='BIO DATA'!J28 -> 3 | K31: ='BIO DATA'!K28 -> 2 | L31: ='BIO DATA'!T28 -> Lingk Lebak Gempol RT 001 RW 010 Panancangan Cipocok Jaya Kota Serang Banten 42124 | M31: ='BIO DATA'!V28 -> Panancangan | N31: ='BIO DATA'!W28 -> Cipocok Jaya | O31: ='BIO DATA'!X28 -> Kota Serang | P31: ='BIO DATA'!Y28 -> Banten | Q31: ='BIO DATA'!Z28 -> MTs Mu'allimin Muh Yogyakarta | R31: ='BIO DATA'!AA28 -> Jalan Suroto 5 Padukuhan Jl. Gn. Bulu, Bandut Lor, Argorejo, Kec. Sedayu, Kabupaten Bantul, Daerah Istimewa Yogyakarta 55783 | S31: ='BIO DATA'!AB28 -> 0 | T31: ='BIO DATA'!AC28 -> H. Irfan Husnul Huluq, SE | ... AG31: ='BIO DATA'!AP28 -> 0 | AH31: ='BIO DATA'!AZ28 -> 0 | AI31: ='BIO DATA'!BA28 -> Islam | AJ31: ='BIO DATA'!BB28 -> 0 | AK31: ='BIO DATA'!BC28 -> 0 | AL31: ='BIO DATA'!BD28 -> 0 | AM31: ='BIO DATA'!BE28 -> 0 | AN31: ='BIO DATA'!BF28 -> 0 | AO31: ='BIO DATA'!BG28 -> 0 | AP31: ='BIO DATA'!BH28 -> Muhammad Taffani Kusumawardana, S.Si.
A32: B | B32: 20 | C32: ='BIO DATA'!D29 -> 11536 | D32: ='BIO DATA'!E29 -> 0106466461 | E32: ='BIO DATA'!F29 -> Ahmad Faith Aly Ishar | F32: ='BIO DATA'!M29 -> Laki-laki | G32: ='BIO DATA'!N29 -> Makassar | H32: ='BIO DATA'!P29 -> 40480 | I32: ='BIO DATA'!S29 -> Islam | J32: ='BIO DATA'!J29 -> 3 | K32: ='BIO DATA'!K29 -> 2 | L32: ='BIO DATA'!T29 -> BTN Minasa Upa Blok L 15 No 15 RT 005 RW 014 Minasa Upa Rappocini Kota Makassar Sulawesi Selatan 90221 | M32: ='BIO DATA'!V29 -> Minasa Upa | N32: ='BIO DATA'!W29 -> Rappocini | O32: ='BIO DATA'!X29 -> Kota Makassar | P32: ='BIO DATA'!Y29 -> Sulawesi Selatan | Q32: ='BIO DATA'!Z29 -> MTs Mu'allimin Muh Yogyakarta | R32: ='BIO DATA'!AA29 -> Jalan Suroto 5 Padukuhan Jl. Gn. Bulu, Bandut Lor, Argorejo, Kec. Sedayu, Kabupaten Bantul, Daerah Istimewa Yogyakarta 55784 | S32: ='BIO DATA'!AB29 -> 0 | T32: ='BIO DATA'!AC29 -> H. Hasbudi, ST | ... AG32: ='BIO DATA'!AP29 -> 0 | AH32: ='BIO DATA'!AZ29 -> 0 | AI32: ='BIO DATA'!BA29 -> Islam | AJ32: ='BIO DATA'!BB29 -> 0 | AK32: ='BIO DATA'!BC29 -> 0 | AL32: ='BIO DATA'!BD29 -> 0 | AM32: ='BIO DATA'!BE29 -> 0 | AN32: ='BIO DATA'!BF29 -> 0 | AO32: ='BIO DATA'!BG29 -> 0 | AP32: ='BIO DATA'!BH29 -> Muhammad Taffani Kusumawardana, S.Si.
A33: B | B33: 27 | C33: ='BIO DATA'!D30 -> 11540 | D33: ='BIO DATA'!E30 -> 0118001666 | E33: ='BIO DATA'!F30 -> Ahmad Syamil Zakaria | F33: ='BIO DATA'!M30 -> Laki-laki | G33: ='BIO DATA'!N30 -> Padang | H33: ='BIO DATA'!P30 -> 40630 | I33: ='BIO DATA'!S30 -> Islam | J33: ='BIO DATA'!J30 -> 3 | K33: ='BIO DATA'!K30 -> 2 | L33: ='BIO DATA'!T30 -> Jl. B. Zein Hamid Gg Kelaurga No. 14 A LK II Titi Kuning Medan Johor Kota Medan Sumatera Utara 20146 | M33: ='BIO DATA'!V30 -> Titi Kuning | N33: ='BIO DATA'!W30 -> Medan Johor | O33: ='BIO DATA'!X30 -> Kota Medan | P33: ='BIO DATA'!Y30 -> Sumatera Utara | Q33: ='BIO DATA'!Z30 -> MTs Mu'allimin Muh Yogyakarta | R33: ='BIO DATA'!AA30 -> Jalan Suroto 5 Padukuhan Jl. Gn. Bulu, Bandut Lor, Argorejo, Kec. Sedayu, Kabupaten Bantul, Daerah Istimewa Yogyakarta 55785 | S33: ='BIO DATA'!AB30 -> 0 | T33: ='BIO DATA'!AC30 -> Didik Darmadi | ... AG33: ='BIO DATA'!AP30 -> 0 | AH33: ='BIO DATA'!AZ30 -> 0 | AI33: ='BIO DATA'!BA30 -> Islam | AJ33: ='BIO DATA'!BB30 -> 0 | AK33: ='BIO DATA'!BC30 -> 0 | AL33: ='BIO DATA'!BD30 -> 0 | AM33: ='BIO DATA'!BE30 -> 0 | AN33: ='BIO DATA'!BF30 -> 0 | AO33: ='BIO DATA'!BG30 -> 0 | AP33: ='BIO DATA'!BH30 -> Muhammad Taffani Kusumawardana, S.Si.
A34: B | B34: 32 | C34: ='BIO DATA'!D31 -> 11549 | D34: ='BIO DATA'!E31 -> 0109732828 | E34: ='BIO DATA'!F31 -> Amar Maulana Ardani | F34: ='BIO DATA'!M31 -> Laki-laki | G34: ='BIO DATA'!N31 -> Wonosobo | H34: ='BIO DATA'!P31 -> 40320 | I34: ='BIO DATA'!S31 -> Islam | J34: ='BIO DATA'!J31 -> 4 | K34: ='BIO DATA'!K31 -> 3 | L34: ='BIO DATA'!T31 -> Mataraman RT 001 RW 005 Wonosobo Timur Wonosobo Jawa Tengah 56311 | M34: ='BIO DATA'!V31 -> Wonosobo Timur | N34: ='BIO DATA'!W31 -> Wonosobo | O34: ='BIO DATA'!X31 -> Wonosobo | P34: ='BIO DATA'!Y31 -> Jawa Tengah | Q34: ='BIO DATA'!Z31 -> MTs Mu'allimin Muh Yogyakarta | R34: ='BIO DATA'!AA31 -> Jalan Suroto 5 Padukuhan Jl. Gn. Bulu, Bandut Lor, Argorejo, Kec. Sedayu, Kabupaten Bantul, Daerah Istimewa Yogyakarta 55786 | S34: ='BIO DATA'!AB31 -> 0 | T34: ='BIO DATA'!AC31 -> Chamim Ardani | ... AG34: ='BIO DATA'!AP31 -> 0 | AH34: ='BIO DATA'!AZ31 -> 0 | AI34: ='BIO DATA'!BA31 -> Islam | AJ34: ='BIO DATA'!BB31 -> 0 | AK34: ='BIO DATA'!BC31 -> 0 | AL34: ='BIO DATA'!BD31 -> 0 | AM34: ='BIO DATA'!BE31 -> 0 | AN34: ='BIO DATA'!BF31 -> 0 | AO34: ='BIO DATA'!BG31 -> 0 | AP34: ='BIO DATA'!BH31 -> Muhammad Taffani Kusumawardana, S.Si.
A35: B | B35: 34 | C35: ='BIO DATA'!D32 -> 11550 | D35: ='BIO DATA'!E32 -> 0101109394 | E35: ='BIO DATA'!F32 -> Amaru Dimitar Seja Maharota | F35: ='BIO DATA'!M32 -> Laki-laki | G35: ='BIO DATA'!N32 -> Magetan | H35: ='BIO DATA'!P32 -> 40281 | I35: ='BIO DATA'!S32 -> Islam | J35: ='BIO DATA'!J32 -> 2 | K35: ='BIO DATA'!K32 -> 2 | L35: ='BIO DATA'!T32 -> Jln. Hasanudin RT 004 RW 005 Selosari Magetan Jawa Timur | M35: ='BIO DATA'!V32 -> Selosari | N35: ='BIO DATA'!W32 -> Magetan | O35: ='BIO DATA'!X32 -> Magetan | P35: ='BIO DATA'!Y32 -> Jawa Timur | Q35: ='BIO DATA'!Z32 -> MTs Mu'allimin Muh Yogyakarta | R35: ='BIO DATA'!AA32 -> Jalan Suroto 5 Padukuhan Jl. Gn. Bulu, Bandut Lor, Argorejo, Kec. Sedayu, Kabupaten Bantul, Daerah Istimewa Yogyakarta 55787 | S35: ='BIO DATA'!AB32 -> 0 | T35: ='BIO DATA'!AC32 -> Heru Riyanto | ... AG35: ='BIO DATA'!AP32 -> 0 | AH35: ='BIO DATA'!AZ32 -> 0 | AI35: ='BIO DATA'!BA32 -> Islam | AJ35: ='BIO DATA'!BB32 -> 0 | AK35: ='BIO DATA'!BC32 -> 0 | AL35: ='BIO DATA'!BD32 -> 0 | AM35: ='BIO DATA'!BE32 -> 0 | AN35: ='BIO DATA'!BF32 -> 0 | AO35: ='BIO DATA'!BG32 -> 0 | AP35: ='BIO DATA'!BH32 -> Muhammad Taffani Kusumawardana, S.Si.
A36: B | B36: 36 | C36: ='BIO DATA'!D33 -> 11557 | D36: ='BIO DATA'!E33 -> 3108936886 | E36: ='BIO DATA'!F33 -> Arman Maulana | F36: ='BIO DATA'!M33 -> Laki-laki | G36: ='BIO DATA'!N33 -> Jakarta | H36: ='BIO DATA'!P33 -> 40252 | I36: ='BIO DATA'!S33 -> Islam | J36: ='BIO DATA'!J33 -> 3 | K36: ='BIO DATA'!K33 -> 3 | L36: ='BIO DATA'!T33 -> Jl. Rawa Bebek RT 010 RW 013 Penjaringan Jakarta Utara DKI Jakarta 14440 | M36: ='BIO DATA'!V33 -> Penjaringan | N36: ='BIO DATA'!W33 -> Penjaringan | O36: ='BIO DATA'!X33 -> Jakarta Utara | P36: ='BIO DATA'!Y33 -> DKI Jakarta | Q36: ='BIO DATA'!Z33 -> MTs Mu'allimin Muh Yogyakarta | R36: ='BIO DATA'!AA33 -> Jalan Suroto 5 Padukuhan Jl. Gn. Bulu, Bandut Lor, Argorejo, Kec. Sedayu, Kabupaten Bantul, Daerah Istimewa Yogyakarta 55788 | S36: ='BIO DATA'!AB33 -> 0 | T36: ='BIO DATA'!AC33 -> Abdul Hamid | ... AG36: ='BIO DATA'!AP33 -> 0 | AH36: ='BIO DATA'!AZ33 -> 0 | AI36: ='BIO DATA'!BA33 -> Islam | AJ36: ='BIO DATA'!BB33 -> 0 | AK36: ='BIO DATA'!BC33 -> 0 | AL36: ='BIO DATA'!BD33 -> 0 | AM36: ='BIO DATA'!BE33 -> 0 | AN36: ='BIO DATA'!BF33 -> 0 | AO36: ='BIO DATA'!BG33 -> 0 | AP36: ='BIO DATA'!BH33 -> Muhammad Taffani Kusumawardana, S.Si.
A37: B | B37: 61 | C37: ='BIO DATA'!D34 -> 11559 | D37: ='BIO DATA'!E34 -> 0107749826 | E37: ='BIO DATA'!F34 -> Ashraf 'Ifathurrosydan | F37: ='BIO DATA'!M34 -> Laki-laki | G37: ='BIO DATA'!N34 -> Sragen | H37: ='BIO DATA'!P34 -> 40331 | I37: ='BIO DATA'!S34 -> Islam | J37: ='BIO DATA'!J34 -> 1 | K37: ='BIO DATA'!K34 -> 2 | L37: ='BIO DATA'!T34 -> Masaran Kulon RT 003 RW 002 Jati Masaran Sragen Jawa Tengah 57282 | M37: ='BIO DATA'!V34 -> Jati | N37: ='BIO DATA'!W34 -> Masaran | O37: ='BIO DATA'!X34 -> Sragen | P37: ='BIO DATA'!Y34 -> Jawa Tengah | Q37: ='BIO DATA'!Z34 -> MTs Mu'allimin Muh Yogyakarta | R37: ='BIO DATA'!AA34 -> Jalan Suroto 5 Padukuhan Jl. Gn. Bulu, Bandut Lor, Argorejo, Kec. Sedayu, Kabupaten Bantul, Daerah Istimewa Yogyakarta 55789 | S37: ='BIO DATA'!AB34 -> 0 | T37: ='BIO DATA'!AC34 -> Hasan Rustamaji, S.Sn. | ... AG37: ='BIO DATA'!AP34 -> 0 | AH37: ='BIO DATA'!AZ34 -> 0 | AI37: ='BIO DATA'!BA34 -> Islam | AJ37: ='BIO DATA'!BB34 -> 0 | AK37: ='BIO DATA'!BC34 -> 0 | AL37: ='BIO DATA'!BD34 -> 0 | AM37: ='BIO DATA'!BE34 -> 0 | AN37: ='BIO DATA'!BF34 -> 0 | AO37: ='BIO DATA'!BG34 -> 0 | AP37: ='BIO DATA'!BH34 -> Muhammad Taffani Kusumawardana, S.Si.
A38: B | B38: 62 | C38: ='BIO DATA'!D35 -> 11563 | D38: ='BIO DATA'!E35 -> 0109930189 | E38: ='BIO DATA'!F35 -> Aviciena Rafa Al Ghifari | F38: ='BIO DATA'!M35 -> Laki-laki | G38: ='BIO DATA'!N35 -> Yogyakarta | H38: ='BIO DATA'!P35 -> 40471 | I38: ='BIO DATA'!S35 -> Islam | J38: ='BIO DATA'!J35 -> 1 | K38: ='BIO DATA'!K35 -> 2 | L38: ='BIO DATA'!T35 -> Sorosutan UH 6/928 RT 019 RW 006 Umbulharjo Kota Yogyakarta DIY 55162 | M38: ='BIO DATA'!V35 -> Sorosutan | N38: ='BIO DATA'!W35 -> Umbulharjo | O38: ='BIO DATA'!X35 -> Kota Yogyakarta | P38: ='BIO DATA'!Y35 -> DI Yogyakarta | Q38: ='BIO DATA'!Z35 -> MTs Mu'allimin Muh Yogyakarta | R38: ='BIO DATA'!AA35 -> Jalan Suroto 5 Padukuhan Jl. Gn. Bulu, Bandut Lor, Argorejo, Kec. Sedayu, Kabupaten Bantul, Daerah Istimewa Yogyakarta 55790 | S38: ='BIO DATA'!AB35 -> 0 | T38: ='BIO DATA'!AC35 -> Hery Sukirno, S.H.I. | ... AG38: ='BIO DATA'!AP35 -> 0 | AH38: ='BIO DATA'!AZ35 -> 0 | AI38: ='BIO DATA'!BA35 -> Islam | AJ38: ='BIO DATA'!BB35 -> 0 | AK38: ='BIO DATA'!BC35 -> 0 | AL38: ='BIO DATA'!BD35 -> 0 | AM38: ='BIO DATA'!BE35 -> 0 | AN38: ='BIO DATA'!BF35 -> 0 | AO38: ='BIO DATA'!BG35 -> 0 | AP38: ='BIO DATA'!BH35 -> Muhammad Taffani Kusumawardana, S.Si.
A39: B | B39: 70 | C39: ='BIO DATA'!D36 -> 11568 | D39: ='BIO DATA'!E36 -> 0114695074 | E39: ='BIO DATA'!F36 -> Azharuddin Ahza Aprilian | F39: ='BIO DATA'!M36 -> Laki-laki | G39: ='BIO DATA'!N36 -> Yogyakarta | H39: ='BIO DATA'!P36 -> 40640 | I39: ='BIO DATA'!S36 -> Islam | J39: ='BIO DATA'!J36 -> 5 | K39: ='BIO DATA'!K36 -> 4 | L39: ='BIO DATA'!T36 -> Perum Baleasri Blok F-7 Pereng Dawe RT 013 RW 046 Balecatur Gamping Sleman Daerah Istimewa Yogyakarta | M39: ='BIO DATA'!V36 -> Balecatur | N39: ='BIO DATA'!W36 -> Gamping | O39: ='BIO DATA'!X36 -> Sleman | P39: ='BIO DATA'!Y36 -> Daerah Istimewa Yogyakarta | Q39: ='BIO DATA'!Z36 -> MTs Mu'allimin Muh Yogyakarta | R39: ='BIO DATA'!AA36 -> Jalan Suroto 5 Padukuhan Jl. Gn. Bulu, Bandut Lor, Argorejo, Kec. Sedayu, Kabupaten Bantul, Daerah Istimewa Yogyakarta 55791 | S39: ='BIO DATA'!AB36 -> 0 | T39: ='BIO DATA'!AC36 -> Drs. Muslih | ... AG39: ='BIO DATA'!AP36 -> 0 | AH39: ='BIO DATA'!AZ36 -> 0 | AI39: ='BIO DATA'!BA36 -> Islam | AJ39: ='BIO DATA'!BB36 -> 0 | AK39: ='BIO DATA'!BC36 -> 0 | AL39: ='BIO DATA'!BD36 -> 0 | AM39: ='BIO DATA'!BE36 -> 0 | AN39: ='BIO DATA'!BF36 -> 0 | AO39: ='BIO DATA'!BG36 -> 0 | AP39: ='BIO DATA'!BH36 -> Muhammad Taffani Kusumawardana, S.Si.
A40: B | B40: 113 | C40: ='BIO DATA'!D37 -> 11611 | D40: ='BIO DATA'!E37 -> 0115018402 | E40: ='BIO DATA'!F37 -> Gardadin Rusydian Muhammad | F40: ='BIO DATA'!M37 -> Laki-laki | G40: ='BIO DATA'!N37 -> Sleman | H40: ='BIO DATA'!P37 -> 40568 | I40: ='BIO DATA'!S37 -> Islam | J40: ='BIO DATA'!J37 -> 1 | K40: ='BIO DATA'!K37 -> 1 | L40: ='BIO DATA'!T37 -> Jl. Delima II/73 Perum jambusari Indah Krajan RT 008 RW 065 Wedomartani Ngemplak Sleman DIY 55584 | M40: ='BIO DATA'!V37 -> Wedomartani | N40: ='BIO DATA'!W37 -> Ngemplak | O40: ='BIO DATA'!X37 -> Sleman | P40: ='BIO DATA'!Y37 -> DI Yogyakarta | Q40: ='BIO DATA'!Z37 -> MTs Mu'allimin Muh Yogyakarta | R40: ='BIO DATA'!AA37 -> Jalan Suroto 5 Padukuhan Jl. Gn. Bulu, Bandut Lor, Argorejo, Kec. Sedayu, Kabupaten Bantul, Daerah Istimewa Yogyakarta 55792 | S40: ='BIO DATA'!AB37 -> 0 | T40: ='BIO DATA'!AC37 -> Muhammad Abduh | ... AG40: ='BIO DATA'!AP37 -> 0 | AH40: ='BIO DATA'!AZ37 -> 0 | AI40: ='BIO DATA'!BA37 -> Islam | AJ40: ='BIO DATA'!BB37 -> 0 | AK40: ='BIO DATA'!BC37 -> 0 | AL40: ='BIO DATA'!BD37 -> 0 | AM40: ='BIO DATA'!BE37 -> 0 | AN40: ='BIO DATA'!BF37 -> 0 | AO40: ='BIO DATA'!BG37 -> 0 | AP40: ='BIO DATA'!BH37 -> Muhammad Taffani Kusumawardana, S.Si.
A41: B | B41: 114 | C41: ='BIO DATA'!D38 -> 11613 | D41: ='BIO DATA'!E38 -> 0107481232 | E41: ='BIO DATA'!F38 -> Gilang Cahyo Candrawimba | F41: ='BIO DATA'!M38 -> Laki-laki | G41: ='BIO DATA'!N38 -> Magelang | H41: ='BIO DATA'!P38 -> 40394 | I41: ='BIO DATA'!S38 -> Islam | J41: ='BIO DATA'!J38 -> 1 | K41: ='BIO DATA'!K38 -> 1 | L41: ='BIO DATA'!T38 -> Dsn. Kuncen RT 001 RW 002 Ngablak Magelang Jawa Tengah 56194 | M41: ='BIO DATA'!V38 -> Ngablak | N41: ='BIO DATA'!W38 -> Ngablak | O41: ='BIO DATA'!X38 -> Magelang | P41: ='BIO DATA'!Y38 -> Jawa Tengah | Q41: ='BIO DATA'!Z38 -> MTs Mu'allimin Muh Yogyakarta | R41: ='BIO DATA'!AA38 -> Jalan Suroto 5 Padukuhan Jl. Gn. Bulu, Bandut Lor, Argorejo, Kec. Sedayu, Kabupaten Bantul, Daerah Istimewa Yogyakarta 55793 | S41: ='BIO DATA'!AB38 -> 0 | T41: ='BIO DATA'!AC38 -> Heri Cahyono | ... AG41: ='BIO DATA'!AP38 -> 0 | AH41: ='BIO DATA'!AZ38 -> 0 | AI41: ='BIO DATA'!BA38 -> Islam | AJ41: ='BIO DATA'!BB38 -> 0 | AK41: ='BIO DATA'!BC38 -> 0 | AL41: ='BIO DATA'!BD38 -> 0 | AM41: ='BIO DATA'!BE38 -> 0 | AN41: ='BIO DATA'!BF38 -> 0 | AO41: ='BIO DATA'!BG38 -> 0 | AP41: ='BIO DATA'!BH38 -> Muhammad Taffani Kusumawardana, S.Si.
... A51: B | B51: 224 | C51: ='BIO DATA'!D48 -> 11663 | D51: ='BIO DATA'!E48 -> 0104892948 | E51: ='BIO DATA'!F48 -> M. Yusuf Zhafran Islami | F51: ='BIO DATA'!M48 -> Laki-laki | G51: ='BIO DATA'!N48 -> Makassar | H51: ='BIO DATA'!P48 -> 40513 | I51: ='BIO DATA'!S48 -> Islam | J51: ='BIO DATA'!J48 -> 2 | K51: ='BIO DATA'!K48 -> 2 | L51: ='BIO DATA'!T48 -> Perumahan Gerhana Alauddin Blok B16 Mangasa Tamalate Makassar Sulawesi Selatan 90223 | M51: ='BIO DATA'!V48 -> Mangasa | N51: ='BIO DATA'!W48 -> Tamalate | O51: ='BIO DATA'!X48 -> Makassar | P51: ='BIO DATA'!Y48 -> Sulawesi Selatan | Q51: ='BIO DATA'!Z48 -> MTs Mu'allimin Muh Yogyakarta | R51: ='BIO DATA'!AA48 -> Jalan Suroto 5 Padukuhan Jl. Gn. Bulu, Bandut Lor, Argorejo, Kec. Sedayu, Kabupaten Bantul, Daerah Istimewa Yogyakarta 55803 | S51: ='BIO DATA'!AB48 -> 0 | T51: ='BIO DATA'!AC48 -> Wahyadi Syarifuddin | ... AG51: ='BIO DATA'!AP48 -> 0 | AH51: ='BIO DATA'!AZ48 -> 0 | AI51: ='BIO DATA'!BA48 -> Islam | AJ51: ='BIO DATA'!BB48 -> 0 | AK51: ='BIO DATA'!BC48 -> 0 | AL51: ='BIO DATA'!BD48 -> 0 | AM51: ='BIO DATA'!BE48 -> 0 | AN51: ='BIO DATA'!BF48 -> 0 | AO51: ='BIO DATA'!BG48 -> 0 | AP51: ='BIO DATA'!BH48 -> Muhammad Taffani Kusumawardana, S.Si.
A52: B | B52: 226 | C52: ='BIO DATA'!#REF! -> #REF! | D52: ='BIO DATA'!#REF! -> #REF! | E52: ='BIO DATA'!#REF! -> #REF! | F52: ='BIO DATA'!#REF! -> #REF! | G52: ='BIO DATA'!#REF! -> #REF! | H52: ='BIO DATA'!#REF! -> #REF! | I52: ='BIO DATA'!#REF! -> #REF! | J52: ='BIO DATA'!#REF! -> #REF! | ... AP52: ='BIO DATA'!#REF! -> #REF!
A53: B | B53: 232 | C53: ='BIO DATA'!#REF! -> #REF! | D53: ='BIO DATA'!#REF! -> #REF! | E53: ='BIO DATA'!#REF! -> #REF! | F53: ='BIO DATA'!#REF! -> #REF! | G53: ='BIO DATA'!#REF! -> #REF! | H53: ='BIO DATA'!#REF! -> #REF! | I53: ='BIO DATA'!#REF! -> #REF! | J53: ='BIO DATA'!#REF! -> #REF! | ... AP53: ='BIO DATA'!#REF! -> #REF!
A54: B | B54: 235 | C54: ='BIO DATA'!#REF! -> #REF! | D54: ='BIO DATA'!#REF! -> #REF! | E54: ='BIO DATA'!#REF! -> #REF! | F54: ='BIO DATA'!#REF! -> #REF! | G54: ='BIO DATA'!#REF! -> #REF! | H54: ='BIO DATA'!#REF! -> #REF! | I54: ='BIO DATA'!#REF! -> #REF! | J54: ='BIO DATA'!#REF! -> #REF! | ... AP54: ='BIO DATA'!#REF! -> #REF!
A55: B | B55: 241 | C55: ='BIO DATA'!#REF! -> #REF! | D55: ='BIO DATA'!#REF! -> #REF! | E55: ='BIO DATA'!#REF! -> #REF! | F55: ='BIO DATA'!#REF! -> #REF! | G55: ='BIO DATA'!#REF! -> #REF! | H55: ='BIO DATA'!#REF! -> #REF! | I55: ='BIO DATA'!#REF! -> #REF! | J55: ='BIO DATA'!#REF! -> #REF! | ... AP55: ='BIO DATA'!#REF! -> #REF!
A56: B | B56: 259 | C56: ='BIO DATA'!#REF! -> #REF! | D56: ='BIO DATA'!#REF! -> #REF! | E56: ='BIO DATA'!#REF! -> #REF! | F56: ='BIO DATA'!#REF! -> #REF! | G56: ='BIO DATA'!#REF! -> #REF! | H56: ='BIO DATA'!#REF! -> #REF! | I56: ='BIO DATA'!#REF! -> #REF! | J56: ='BIO DATA'!#REF! -> #REF! | ... AP56: ='BIO DATA'!#REF! -> #REF!
A57: B | B57: 270 | C57: ='BIO DATA'!#REF! -> #REF! | D57: ='BIO DATA'!#REF! -> #REF! | E57: ='BIO DATA'!#REF! -> #REF! | F57: ='BIO DATA'!#REF! -> #REF! | G57: ='BIO DATA'!#REF! -> #REF! | H57: ='BIO DATA'!#REF! -> #REF! | I57: ='BIO DATA'!#REF! -> #REF! | J57: ='BIO DATA'!#REF! -> #REF! | ... AP57: ='BIO DATA'!#REF! -> #REF!
A58: B | B58: 283 | C58: ='BIO DATA'!#REF! -> #REF! | D58: ='BIO DATA'!#REF! -> #REF! | E58: ='BIO DATA'!#REF! -> #REF! | F58: ='BIO DATA'!#REF! -> #REF! | G58: ='BIO DATA'!#REF! -> #REF! | H58: ='BIO DATA'!#REF! -> #REF! | I58: ='BIO DATA'!#REF! -> #REF! | J58: ='BIO DATA'!#REF! -> #REF! | ... AP58: ='BIO DATA'!#REF! -> #REF!
A59: B | B59: 290 | C59: ='BIO DATA'!#REF! -> #REF! | D59: ='BIO DATA'!#REF! -> #REF! | E59: ='BIO DATA'!#REF! -> #REF! | F59: ='BIO DATA'!#REF! -> #REF! | G59: ='BIO DATA'!#REF! -> #REF! | H59: ='BIO DATA'!#REF! -> #REF! | I59: ='BIO DATA'!#REF! -> #REF! | J59: ='BIO DATA'!#REF! -> #REF! | ... AP59: ='BIO DATA'!#REF! -> #REF!
A60: B | B60: 291 | C60: ='BIO DATA'!#REF! -> #REF! | D60: ='BIO DATA'!#REF! -> #REF! | E60: ='BIO DATA'!#REF! -> #REF! | F60: ='BIO DATA'!#REF! -> #REF! | G60: ='BIO DATA'!#REF! -> #REF! | H60: ='BIO DATA'!#REF! -> #REF! | I60: ='BIO DATA'!#REF! -> #REF! | J60: ='BIO DATA'!#REF! -> #REF! | ... AP60: ='BIO DATA'!#REF! -> #REF!
A61: B | B61: 299 | C61: ='BIO DATA'!#REF! -> #REF! | D61: ='BIO DATA'!#REF! -> #REF! | E61: ='BIO DATA'!#REF! -> #REF! | F61: ='BIO DATA'!#REF! -> #REF! | G61: ='BIO DATA'!#REF! -> #REF! | H61: ='BIO DATA'!#REF! -> #REF! | I61: ='BIO DATA'!#REF! -> #REF! | J61: ='BIO DATA'!#REF! -> #REF! | ... AP61: ='BIO DATA'!#REF! -> #REF!
A62: B | B62: 308 | C62: ='BIO DATA'!#REF! -> #REF! | D62: ='BIO DATA'!#REF! -> #REF! | E62: ='BIO DATA'!#REF! -> #REF! | F62: ='BIO DATA'!#REF! -> #REF! | G62: ='BIO DATA'!#REF! -> #REF! | H62: ='BIO DATA'!#REF! -> #REF! | I62: ='BIO DATA'!#REF! -> #REF! | J62: ='BIO DATA'!#REF! -> #REF! | ... AP62: ='BIO DATA'!#REF! -> #REF!
A63: B | B63: 21 | C63: ='BIO DATA'!#REF! -> #REF! | D63: ='BIO DATA'!#REF! -> #REF! | E63: ='BIO DATA'!#REF! -> #REF! | F63: ='BIO DATA'!#REF! -> #REF! | G63: ='BIO DATA'!#REF! -> #REF! | H63: ='BIO DATA'!#REF! -> #REF! | I63: ='BIO DATA'!#REF! -> #REF! | J63: ='BIO DATA'!#REF! -> #REF! | ... AP63: ='BIO DATA'!#REF! -> #REF!
... A103: D | B103: 84 | C103: ='BIO DATA'!#REF! -> #REF! | D103: ='BIO DATA'!#REF! -> #REF! | E103: ='BIO DATA'!#REF! -> #REF! | F103: ='BIO DATA'!#REF! -> #REF! | G103: ='BIO DATA'!#REF! -> #REF! | H103: ='BIO DATA'!#REF! -> #REF! | I103: ='BIO DATA'!#REF! -> #REF! | J103: ='BIO DATA'!#REF! -> #REF! | ... AP103: ='BIO DATA'!#REF! -> #REF!
A104: D | B104: 89 | C104: ='BIO DATA'!D103 -> 11605 | D104: ='BIO DATA'!E103 -> 0114491710 | E104: ='BIO DATA'!F103 -> Fawwaz Alvaro Putra Ashita | F104: ='BIO DATA'!M103 -> Laki-laki | G104: ='BIO DATA'!N103 -> Kudus | H104: ='BIO DATA'!P103 -> 40729 | I104: ='BIO DATA'!S103 -> Islam | J104: ='BIO DATA'!J103 -> 1 | K104: ='BIO DATA'!K103 -> 1 | L104: ='BIO DATA'!T103 -> Kaliwungu RT 001 RW 001 Kaliwungau Kudus Jawa Tengah | M104: ='BIO DATA'!V103 -> Kaliwungu | N104: ='BIO DATA'!W103 -> Kaliwungu | O104: ='BIO DATA'!X103 -> Kudus | P104: ='BIO DATA'!Y103 -> Jawa Tengah | Q104: ='BIO DATA'!Z103 -> MTs Mu'allimin Muh Yogyakarta | R104: ='BIO DATA'!AA103 -> Jalan Suroto 5 Padukuhan Jl. Gn. Bulu, Bandut Lor, Argorejo, Kec. Sedayu, Kabupaten Bantul, Daerah Istimewa Yogyakarta 55855 | S104: ='BIO DATA'!AB103 -> 0 | T104: ='BIO DATA'!AC103 -> Ashifuddin | ... AG104: ='BIO DATA'!AP103 -> 0 | AH104: ='BIO DATA'!AZ103 -> 0 | AI104: ='BIO DATA'!BA103 -> Islam | AJ104: ='BIO DATA'!BB103 -> 0 | AK104: ='BIO DATA'!BC103 -> 0 | AL104: ='BIO DATA'!BD103 -> 0 | AM104: ='BIO DATA'!BE103 -> 0 | AN104: ='BIO DATA'!BF103 -> 0 | AO104: ='BIO DATA'!BG103 -> 0 | AP104: ='BIO DATA'!BH103 -> Masrur Ridwan, M.Pd.
A105: D | B105: 105 | C105: ='BIO DATA'!#REF! -> #REF! | D105: ='BIO DATA'!#REF! -> #REF! | E105: ='BIO DATA'!#REF! -> #REF! | F105: ='BIO DATA'!#REF! -> #REF! | G105: ='BIO DATA'!#REF! -> #REF! | H105: ='BIO DATA'!#REF! -> #REF! | I105: ='BIO DATA'!#REF! -> #REF! | J105: ='BIO DATA'!#REF! -> #REF! | ... AP105: ='BIO DATA'!#REF! -> #REF!
A106: D | B106: 108 | C106: ='BIO DATA'!#REF! -> #REF! | D106: ='BIO DATA'!#REF! -> #REF! | E106: ='BIO DATA'!#REF! -> #REF! | F106: ='BIO DATA'!#REF! -> #REF! | G106: ='BIO DATA'!#REF! -> #REF! | H106: ='BIO DATA'!#REF! -> #REF! | I106: ='BIO DATA'!#REF! -> #REF! | J106: ='BIO DATA'!#REF! -> #REF! | ... AP106: ='BIO DATA'!#REF! -> #REF!
A107: D | B107: 112 | C107: ='BIO DATA'!#REF! -> #REF! | D107: ='BIO DATA'!#REF! -> #REF! | E107: ='BIO DATA'!#REF! -> #REF! | F107: ='BIO DATA'!#REF! -> #REF! | G107: ='BIO DATA'!#REF! -> #REF! | H107: ='BIO DATA'!#REF! -> #REF! | I107: ='BIO DATA'!#REF! -> #REF! | J107: ='BIO DATA'!#REF! -> #REF! | ... AP107: ='BIO DATA'!#REF! -> #REF!
A108: D | B108: 152 | C108: ='BIO DATA'!#REF! -> #REF! | D108: ='BIO DATA'!#REF! -> #REF! | E108: ='BIO DATA'!#REF! -> #REF! | F108: ='BIO DATA'!#REF! -> #REF! | G108: ='BIO DATA'!#REF! -> #REF! | H108: ='BIO DATA'!#REF! -> #REF! | I108: ='BIO DATA'!#REF! -> #REF! | J108: ='BIO DATA'!#REF! -> #REF! | ... AP108: ='BIO DATA'!#REF! -> #REF!
A109: D | B109: 172 | C109: ='BIO DATA'!#REF! -> #REF! | D109: ='BIO DATA'!#REF! -> #REF! | E109: ='BIO DATA'!#REF! -> #REF! | F109: ='BIO DATA'!#REF! -> #REF! | G109: ='BIO DATA'!#REF! -> #REF! | H109: ='BIO DATA'!#REF! -> #REF! | I109: ='BIO DATA'!#REF! -> #REF! | J109: ='BIO DATA'!#REF! -> #REF! | ... AP109: ='BIO DATA'!#REF! -> #REF!
A110: D | B110: 186 | C110: ='BIO DATA'!#REF! -> #REF! | D110: ='BIO DATA'!#REF! -> #REF! | E110: ='BIO DATA'!#REF! -> #REF! | F110: ='BIO DATA'!#REF! -> #REF! | G110: ='BIO DATA'!#REF! -> #REF! | H110: ='BIO DATA'!#REF! -> #REF! | I110: ='BIO DATA'!#REF! -> #REF! | J110: ='BIO DATA'!#REF! -> #REF! | ... AP110: ='BIO DATA'!#REF! -> #REF!
A111: D | B111: 209 | C111: ='BIO DATA'!#REF! -> #REF! | D111: ='BIO DATA'!#REF! -> #REF! | E111: ='BIO DATA'!#REF! -> #REF! | F111: ='BIO DATA'!#REF! -> #REF! | G111: ='BIO DATA'!#REF! -> #REF! | H111: ='BIO DATA'!#REF! -> #REF! | I111: ='BIO DATA'!#REF! -> #REF! | J111: ='BIO DATA'!#REF! -> #REF! | ... AP111: ='BIO DATA'!#REF! -> #REF!
A112: D | B112: 212 | C112: ='BIO DATA'!#REF! -> #REF! | D112: ='BIO DATA'!#REF! -> #REF! | E112: ='BIO DATA'!#REF! -> #REF! | F112: ='BIO DATA'!#REF! -> #REF! | G112: ='BIO DATA'!#REF! -> #REF! | H112: ='BIO DATA'!#REF! -> #REF! | I112: ='BIO DATA'!#REF! -> #REF! | J112: ='BIO DATA'!#REF! -> #REF! | ... AP112: ='BIO DATA'!#REF! -> #REF!
A113: D | B113: 219 | C113: ='BIO DATA'!#REF! -> #REF! | D113: ='BIO DATA'!#REF! -> #REF! | E113: ='BIO DATA'!#REF! -> #REF! | F113: ='BIO DATA'!#REF! -> #REF! | G113: ='BIO DATA'!#REF! -> #REF! | H113: ='BIO DATA'!#REF! -> #REF! | I113: ='BIO DATA'!#REF! -> #REF! | J113: ='BIO DATA'!#REF! -> #REF! | ... AP113: ='BIO DATA'!#REF! -> #REF!
A114: D | B114: 220 | C114: ='BIO DATA'!#REF! -> #REF! | D114: ='BIO DATA'!#REF! -> #REF! | E114: ='BIO DATA'!#REF! -> #REF! | F114: ='BIO DATA'!#REF! -> #REF! | G114: ='BIO DATA'!#REF! -> #REF! | H114: ='BIO DATA'!#REF! -> #REF! | I114: ='BIO DATA'!#REF! -> #REF! | J114: ='BIO DATA'!#REF! -> #REF! | ... AP114: ='BIO DATA'!#REF! -> #REF!
A115: D | B115: 221 | C115: ='BIO DATA'!#REF! -> #REF! | D115: ='BIO DATA'!#REF! -> #REF! | E115: ='BIO DATA'!#REF! -> #REF! | F115: ='BIO DATA'!#REF! -> #REF! | G115: ='BIO DATA'!#REF! -> #REF! | H115: ='BIO DATA'!#REF! -> #REF! | I115: ='BIO DATA'!#REF! -> #REF! | J115: ='BIO DATA'!#REF! -> #REF! | ... AP115: ='BIO DATA'!#REF! -> #REF!
A116: D | B116: 231 | C116: ='BIO DATA'!#REF! -> #REF! | D116: ='BIO DATA'!#REF! -> #REF! | E116: ='BIO DATA'!#REF! -> #REF! | F116: ='BIO DATA'!#REF! -> #REF! | G116: ='BIO DATA'!#REF! -> #REF! | H116: ='BIO DATA'!#REF! -> #REF! | I116: ='BIO DATA'!#REF! -> #REF! | J116: ='BIO DATA'!#REF! -> #REF! | ... AP116: ='BIO DATA'!#REF! -> #REF!
A117: D | B117: 240 | C117: ='BIO DATA'!D117 -> 11742 | D117: ='BIO DATA'!E117 -> 0103271743 | E117: ='BIO DATA'!F117 -> Muhammad Tsaqiif Faidh Abdillah | F117: ='BIO DATA'!M117 -> Laki-laki | G117: ='BIO DATA'!N117 -> Temanggung | H117: ='BIO DATA'!P117 -> 40435 | I117: ='BIO DATA'!S117 -> Islam | J117: ='BIO DATA'!J117 -> 1 | K117: ='BIO DATA'!K117 -> 1 | L117: ='BIO DATA'!T117 -> Krajan RT 001 RW 002 Ngaren Ngadirejo Temanggung Jawa Tengah 56255 | M117: ='BIO DATA'!V117 -> Ngaren | N117: ='BIO DATA'!W117 -> Ngadirejo | O117: ='BIO DATA'!X117 -> Temanggung | P117: ='BIO DATA'!Y117 -> Jawa Tengah | Q117: ='BIO DATA'!Z117 -> MTs Mu'allimin Muh Yogyakarta | R117: ='BIO DATA'!AA117 -> Jalan Suroto 5 Padukuhan Jl. Gn. Bulu, Bandut Lor, Argorejo, Kec. Sedayu, Kabupaten Bantul, Daerah Istimewa Yogyakarta 55868 | S117: ='BIO DATA'!AB117 -> 0 | T117: ='BIO DATA'!AC117 -> Majid Abdullah | ... AG117: ='BIO DATA'!AP117 -> 0 | AH117: ='BIO DATA'!AZ117 -> 0 | AI117: ='BIO DATA'!BA117 -> Islam | AJ117: ='BIO DATA'!BB117 -> 0 | AK117: ='BIO DATA'!BC117 -> 0 | AL117: ='BIO DATA'!BD117 -> 0 | AM117: ='BIO DATA'!BE117 -> 0 | AN117: ='BIO DATA'!BF117 -> 0 | AO117: ='BIO DATA'!BG117 -> 0 | AP117: ='BIO DATA'!BH117 -> Masrur Ridwan, M.Pd.
A118: D | B118: 243 | C118: ='BIO DATA'!#REF! -> #REF! | D118: ='BIO DATA'!#REF! -> #REF! | E118: ='BIO DATA'!#REF! -> #REF! | F118: ='BIO DATA'!#REF! -> #REF! | G118: ='BIO DATA'!#REF! -> #REF! | H118: ='BIO DATA'!#REF! -> #REF! | I118: ='BIO DATA'!#REF! -> #REF! | J118: ='BIO DATA'!#REF! -> #REF! | ... AP118: ='BIO DATA'!#REF! -> #REF!
A119: D | B119: 279 | C119: ='BIO DATA'!#REF! -> #REF! | D119: ='BIO DATA'!#REF! -> #REF! | E119: ='BIO DATA'!#REF! -> #REF! | F119: ='BIO DATA'!#REF! -> #REF! | G119: ='BIO DATA'!#REF! -> #REF! | H119: ='BIO DATA'!#REF! -> #REF! | I119: ='BIO DATA'!#REF! -> #REF! | J119: ='BIO DATA'!#REF! -> #REF! | ... AP119: ='BIO DATA'!#REF! -> #REF!
A120: D | B120: 280 | C120: ='BIO DATA'!#REF! -> #REF! | D120: ='BIO DATA'!#REF! -> #REF! | E120: ='BIO DATA'!#REF! -> #REF! | F120: ='BIO DATA'!#REF! -> #REF! | G120: ='BIO DATA'!#REF! -> #REF! | H120: ='BIO DATA'!#REF! -> #REF! | I120: ='BIO DATA'!#REF! -> #REF! | J120: ='BIO DATA'!#REF! -> #REF! | ... AP120: ='BIO DATA'!#REF! -> #REF!
A121: D | B121: 293 | C121: ='BIO DATA'!#REF! -> #REF! | D121: ='BIO DATA'!#REF! -> #REF! | E121: ='BIO DATA'!#REF! -> #REF! | F121: ='BIO DATA'!#REF! -> #REF! | G121: ='BIO DATA'!#REF! -> #REF! | H121: ='BIO DATA'!#REF! -> #REF! | I121: ='BIO DATA'!#REF! -> #REF! | J121: ='BIO DATA'!#REF! -> #REF! | ... AP121: ='BIO DATA'!#REF! -> #REF!
A122: D | B122: 305 | C122: ='BIO DATA'!#REF! -> #REF! | D122: ='BIO DATA'!#REF! -> #REF! | E122: ='BIO DATA'!#REF! -> #REF! | F122: ='BIO DATA'!#REF! -> #REF! | G122: ='BIO DATA'!#REF! -> #REF! | H122: ='BIO DATA'!#REF! -> #REF! | I122: ='BIO DATA'!#REF! -> #REF! | J122: ='BIO DATA'!#REF! -> #REF! | ... AP122: ='BIO DATA'!#REF! -> #REF!
A123: E | B123: 8 | C123: ='BIO DATA'!#REF! -> #REF! | D123: ='BIO DATA'!#REF! -> #REF! | E123: ='BIO DATA'!#REF! -> #REF! | F123: ='BIO DATA'!#REF! -> #REF! | G123: ='BIO DATA'!#REF! -> #REF! | H123: ='BIO DATA'!#REF! -> #REF! | I123: ='BIO DATA'!#REF! -> #REF! | J123: ='BIO DATA'!#REF! -> #REF! | ... AP123: ='BIO DATA'!#REF! -> #REF!
A124: E | B124: 9 | C124: ='BIO DATA'!#REF! -> #REF! | D124: ='BIO DATA'!#REF! -> #REF! | E124: ='BIO DATA'!#REF! -> #REF! | F124: ='BIO DATA'!#REF! -> #REF! | G124: ='BIO DATA'!#REF! -> #REF! | H124: ='BIO DATA'!#REF! -> #REF! | I124: ='BIO DATA'!#REF! -> #REF! | J124: ='BIO DATA'!#REF! -> #REF! | ... AP124: ='BIO DATA'!#REF! -> #REF!
A125: E | B125: 17 | C125: ='BIO DATA'!#REF! -> #REF! | D125: ='BIO DATA'!#REF! -> #REF! | E125: ='BIO DATA'!#REF! -> #REF! | F125: ='BIO DATA'!#REF! -> #REF! | G125: ='BIO DATA'!#REF! -> #REF! | H125: ='BIO DATA'!#REF! -> #REF! | I125: ='BIO DATA'!#REF! -> #REF! | J125: ='BIO DATA'!#REF! -> #REF! | ... AP125: ='BIO DATA'!#REF! -> #REF!
A126: E | B126: 24 | C126: ='BIO DATA'!#REF! -> #REF! | D126: ='BIO DATA'!#REF! -> #REF! | E126: ='BIO DATA'!#REF! -> #REF! | F126: ='BIO DATA'!#REF! -> #REF! | G126: ='BIO DATA'!#REF! -> #REF! | H126: ='BIO DATA'!#REF! -> #REF! | I126: ='BIO DATA'!#REF! -> #REF! | J126: ='BIO DATA'!#REF! -> #REF! | ... AP126: ='BIO DATA'!#REF! -> #REF!
A127: E | B127: 25 | C127: ='BIO DATA'!#REF! -> #REF! | D127: ='BIO DATA'!#REF! -> #REF! | E127: ='BIO DATA'!#REF! -> #REF! | F127: ='BIO DATA'!#REF! -> #REF! | G127: ='BIO DATA'!#REF! -> #REF! | H127: ='BIO DATA'!#REF! -> #REF! | I127: ='BIO DATA'!#REF! -> #REF! | J127: ='BIO DATA'!#REF! -> #REF! | ... AP127: ='BIO DATA'!#REF! -> #REF!
A128: E | B128: 45 | C128: ='BIO DATA'!#REF! -> #REF! | D128: ='BIO DATA'!#REF! -> #REF! | E128: ='BIO DATA'!#REF! -> #REF! | F128: ='BIO DATA'!#REF! -> #REF! | G128: ='BIO DATA'!#REF! -> #REF! | H128: ='BIO DATA'!#REF! -> #REF! | I128: ='BIO DATA'!#REF! -> #REF! | J128: ='BIO DATA'!#REF! -> #REF! | ... AP128: ='BIO DATA'!#REF! -> #REF!
A129: E | B129: 55 | C129: ='BIO DATA'!#REF! -> #REF! | D129: ='BIO DATA'!#REF! -> #REF! | E129: ='BIO DATA'!#REF! -> #REF! | F129: ='BIO DATA'!#REF! -> #REF! | G129: ='BIO DATA'!#REF! -> #REF! | H129: ='BIO DATA'!#REF! -> #REF! | I129: ='BIO DATA'!#REF! -> #REF! | J129: ='BIO DATA'!#REF! -> #REF! | ... AP129: ='BIO DATA'!#REF! -> #REF!
... A142: E | B142: 160 | C142: ='BIO DATA'!#REF! -> #REF! | D142: ='BIO DATA'!#REF! -> #REF! | E142: ='BIO DATA'!#REF! -> #REF! | F142: ='BIO DATA'!#REF! -> #REF! | G142: ='BIO DATA'!#REF! -> #REF! | H142: ='BIO DATA'!#REF! -> #REF! | I142: ='BIO DATA'!#REF! -> #REF! | J142: ='BIO DATA'!#REF! -> #REF! | ... AP142: ='BIO DATA'!#REF! -> #REF!
A143: E | B143: 196 | C143: ='BIO DATA'!D147 -> 11753 | D143: ='BIO DATA'!E147 -> 0115110102 | E143: ='BIO DATA'!F147 -> Muhammad Zuhdi Fathir Rahman | F143: ='BIO DATA'!M147 -> Laki-laki | G143: ='BIO DATA'!N147 -> Bantul | H143: ='BIO DATA'!P147 -> 40626 | I143: ='BIO DATA'!S147 -> Islam | J143: ='BIO DATA'!J147 -> 2 | K143: ='BIO DATA'!K147 -> 1 | L143: ='BIO DATA'!T147 -> Panjangan RT 005 Sendangsari Pajangan Bantul DIY 55751 | M143: ='BIO DATA'!V147 -> Sendangsari | N143: ='BIO DATA'!W147 -> Pajangan | O143: ='BIO DATA'!X147 -> Bantul | P143: ='BIO DATA'!Y147 -> DI Yogyakarta | Q143: ='BIO DATA'!Z147 -> MTs Mu'allimin Muh Yogyakarta | R143: ='BIO DATA'!AA147 -> Jalan Suroto 5 Padukuhan Jl. Gn. Bulu, Bandut Lor, Argorejo, Kec. Sedayu, Kabupaten Bantul, Daerah Istimewa Yogyakarta 55897 | S143: ='BIO DATA'!AB147 -> 0 | T143: ='BIO DATA'!AC147 -> Rahmanto | ... AG143: ='BIO DATA'!AP147 -> 0 | AH143: ='BIO DATA'!AZ147 -> 0 | AI143: ='BIO DATA'!BA147 -> Islam | AJ143: ='BIO DATA'!BB147 -> 0 | AK143: ='BIO DATA'!BC147 -> 0 | AL143: ='BIO DATA'!BD147 -> 0 | AM143: ='BIO DATA'!BE147 -> 0 | AN143: ='BIO DATA'!BF147 -> 0 | AO143: ='BIO DATA'!BG147 -> 0 | AP143: ='BIO DATA'!BH147 -> Aswin Prayogi Wijaya, S.H.
A144: E | B144: 201 | C144: ='BIO DATA'!#REF! -> #REF! | D144: ='BIO DATA'!#REF! -> #REF! | E144: ='BIO DATA'!#REF! -> #REF! | F144: ='BIO DATA'!#REF! -> #REF! | G144: ='BIO DATA'!#REF! -> #REF! | H144: ='BIO DATA'!#REF! -> #REF! | I144: ='BIO DATA'!#REF! -> #REF! | J144: ='BIO DATA'!#REF! -> #REF! | ... AP144: ='BIO DATA'!#REF! -> #REF!
A145: E | B145: 206 | C145: ='BIO DATA'!#REF! -> #REF! | D145: ='BIO DATA'!#REF! -> #REF! | E145: ='BIO DATA'!#REF! -> #REF! | F145: ='BIO DATA'!#REF! -> #REF! | G145: ='BIO DATA'!#REF! -> #REF! | H145: ='BIO DATA'!#REF! -> #REF! | I145: ='BIO DATA'!#REF! -> #REF! | J145: ='BIO DATA'!#REF! -> #REF! | ... AP145: ='BIO DATA'!#REF! -> #REF!
A146: E | B146: 236 | C146: ='BIO DATA'!#REF! -> #REF! | D146: ='BIO DATA'!#REF! -> #REF! | E146: ='BIO DATA'!#REF! -> #REF! | F146: ='BIO DATA'!#REF! -> #REF! | G146: ='BIO DATA'!#REF! -> #REF! | H146: ='BIO DATA'!#REF! -> #REF! | I146: ='BIO DATA'!#REF! -> #REF! | J146: ='BIO DATA'!#REF! -> #REF! | ... AP146: ='BIO DATA'!#REF! -> #REF!
A147: E | B147: 257 | C147: ='BIO DATA'!#REF! -> #REF! | D147: ='BIO DATA'!#REF! -> #REF! | E147: ='BIO DATA'!#REF! -> #REF! | F147: ='BIO DATA'!#REF! -> #REF! | G147: ='BIO DATA'!#REF! -> #REF! | H147: ='BIO DATA'!#REF! -> #REF! | I147: ='BIO DATA'!#REF! -> #REF! | J147: ='BIO DATA'!#REF! -> #REF! | ... AP147: ='BIO DATA'!#REF! -> #REF!
A148: E | B148: 269 | C148: ='BIO DATA'!#REF! -> #REF! | D148: ='BIO DATA'!#REF! -> #REF! | E148: ='BIO DATA'!#REF! -> #REF! | F148: ='BIO DATA'!#REF! -> #REF! | G148: ='BIO DATA'!#REF! -> #REF! | H148: ='BIO DATA'!#REF! -> #REF! | I148: ='BIO DATA'!#REF! -> #REF! | J148: ='BIO DATA'!#REF! -> #REF! | ... AP148: ='BIO DATA'!#REF! -> #REF!
A149: E | B149: 271 | C149: ='BIO DATA'!#REF! -> #REF! | D149: ='BIO DATA'!#REF! -> #REF! | E149: ='BIO DATA'!#REF! -> #REF! | F149: ='BIO DATA'!#REF! -> #REF! | G149: ='BIO DATA'!#REF! -> #REF! | H149: ='BIO DATA'!#REF! -> #REF! | I149: ='BIO DATA'!#REF! -> #REF! | J149: ='BIO DATA'!#REF! -> #REF! | ... AP149: ='BIO DATA'!#REF! -> #REF!
A150: E | B150: 285 | C150: ='BIO DATA'!#REF! -> #REF! | D150: ='BIO DATA'!#REF! -> #REF! | E150: ='BIO DATA'!#REF! -> #REF! | F150: ='BIO DATA'!#REF! -> #REF! | G150: ='BIO DATA'!#REF! -> #REF! | H150: ='BIO DATA'!#REF! -> #REF! | I150: ='BIO DATA'!#REF! -> #REF! | J150: ='BIO DATA'!#REF! -> #REF! | ... AP150: ='BIO DATA'!#REF! -> #REF!
A151: E | B151: 292 | C151: ='BIO DATA'!#REF! -> #REF! | D151: ='BIO DATA'!#REF! -> #REF! | E151: ='BIO DATA'!#REF! -> #REF! | F151: ='BIO DATA'!#REF! -> #REF! | G151: ='BIO DATA'!#REF! -> #REF! | H151: ='BIO DATA'!#REF! -> #REF! | I151: ='BIO DATA'!#REF! -> #REF! | J151: ='BIO DATA'!#REF! -> #REF! | ... AP151: ='BIO DATA'!#REF! -> #REF!
A152: E | B152: 296 | C152: ='BIO DATA'!#REF! -> #REF! | D152: ='BIO DATA'!#REF! -> #REF! | E152: ='BIO DATA'!#REF! -> #REF! | F152: ='BIO DATA'!#REF! -> #REF! | G152: ='BIO DATA'!#REF! -> #REF! | H152: ='BIO DATA'!#REF! -> #REF! | I152: ='BIO DATA'!#REF! -> #REF! | J152: ='BIO DATA'!#REF! -> #REF! | ... AP152: ='BIO DATA'!#REF! -> #REF!
A153: F | B153: 5 | C153: ='BIO DATA'!#REF! -> #REF! | D153: ='BIO DATA'!#REF! -> #REF! | E153: ='BIO DATA'!#REF! -> #REF! | F153: ='BIO DATA'!#REF! -> #REF! | G153: ='BIO DATA'!#REF! -> #REF! | H153: ='BIO DATA'!#REF! -> #REF! | I153: ='BIO DATA'!#REF! -> #REF! | J153: ='BIO DATA'!#REF! -> #REF! | ... AP153: ='BIO DATA'!#REF! -> #REF!
A154: F | B154: 19 | C154: ='BIO DATA'!#REF! -> #REF! | D154: ='BIO DATA'!#REF! -> #REF! | E154: ='BIO DATA'!#REF! -> #REF! | F154: ='BIO DATA'!#REF! -> #REF! | G154: ='BIO DATA'!#REF! -> #REF! | H154: ='BIO DATA'!#REF! -> #REF! | I154: ='BIO DATA'!#REF! -> #REF! | J154: ='BIO DATA'!#REF! -> #REF! | ... AP154: ='BIO DATA'!#REF! -> #REF!
A155: F | B155: 26 | C155: ='BIO DATA'!#REF! -> #REF! | D155: ='BIO DATA'!#REF! -> #REF! | E155: ='BIO DATA'!#REF! -> #REF! | F155: ='BIO DATA'!#REF! -> #REF! | G155: ='BIO DATA'!#REF! -> #REF! | H155: ='BIO DATA'!#REF! -> #REF! | I155: ='BIO DATA'!#REF! -> #REF! | J155: ='BIO DATA'!#REF! -> #REF! | ... AP155: ='BIO DATA'!#REF! -> #REF!
... A259: LSA | B259: 309 | C259: ='BIO DATA'!#REF! -> #REF! | D259: ='BIO DATA'!#REF! -> #REF! | E259: ='BIO DATA'!#REF! -> #REF! | F259: ='BIO DATA'!#REF! -> #REF! | G259: ='BIO DATA'!#REF! -> #REF! | H259: ='BIO DATA'!#REF! -> #REF! | I259: ='BIO DATA'!#REF! -> #REF! | J259: ='BIO DATA'!#REF! -> #REF! | ... AP259: ='BIO DATA'!#REF! -> #REF!
A260: LSA | C260: ='BIO DATA'!#REF! -> #REF! | D260: ='BIO DATA'!#REF! -> #REF! | E260: ='BIO DATA'!#REF! -> #REF! | F260: ='BIO DATA'!#REF! -> #REF! | G260: ='BIO DATA'!#REF! -> #REF! | H260: ='BIO DATA'!#REF! -> #REF! | I260: ='BIO DATA'!#REF! -> #REF! | J260: ='BIO DATA'!#REF! -> #REF! | ... AP260: ='BIO DATA'!#REF! -> #REF!
A261: LSA | C261: ='BIO DATA'!#REF! -> #REF! | D261: ='BIO DATA'!#REF! -> #REF! | E261: ='BIO DATA'!#REF! -> #REF! | F261: ='BIO DATA'!#REF! -> #REF! | G261: ='BIO DATA'!#REF! -> #REF! | H261: ='BIO DATA'!#REF! -> #REF! | I261: ='BIO DATA'!#REF! -> #REF! | J261: ='BIO DATA'!#REF! -> #REF! | ... AP261: ='BIO DATA'!#REF! -> #REF!
A262: LSA | C262: ='BIO DATA'!#REF! -> #REF! | D262: ='BIO DATA'!#REF! -> #REF! | E262: ='BIO DATA'!#REF! -> #REF! | F262: ='BIO DATA'!#REF! -> #REF! | G262: ='BIO DATA'!#REF! -> #REF! | H262: ='BIO DATA'!#REF! -> #REF! | I262: ='BIO DATA'!#REF! -> #REF! | J262: ='BIO DATA'!#REF! -> #REF! | ... AP262: ='BIO DATA'!#REF! -> #REF!
A263: LSB | C263: ='BIO DATA'!#REF! -> #REF! | D263: ='BIO DATA'!#REF! -> #REF! | E263: ='BIO DATA'!#REF! -> #REF! | F263: ='BIO DATA'!#REF! -> #REF! | G263: ='BIO DATA'!#REF! -> #REF! | H263: ='BIO DATA'!#REF! -> #REF! | I263: ='BIO DATA'!#REF! -> #REF! | J263: ='BIO DATA'!#REF! -> #REF! | ... AP263: ='BIO DATA'!#REF! -> #REF!
...

Sheet DATA PERKELAS
B1: DATA SISWA KELAS IV / X A
B2: MADRASAH MU'ALLIMIN MUHAMMADIYAH YOGYAKARTA
B3: TAHUN PELAJARAN 2026/2027
B4: No | C4: N I S | D4: NISN | E4: Nama | F4: Asal Sekolah | G4: Anak Ke | H4: KELAHIRAN | J4: Alamat | K4: NAMA ORANG TUA DAN NO TELP./HP | O4: PEKERJAAN | Q4: KET/NO. IJZH
H5: Tempat | I5: Tanggal | K5: Ayah | L5: Ayah | M5: Ibu | N5: HP Ibu | O5: Ayah | P5: Ibu
B6: 1 | C6: ='BIO DATA'!D2 -> 11543 | D6: ='BIO DATA'!E2 -> 3101049926 | E6: ='BIO DATA'!F2 -> Ainurrofiq Syamsudin | F6: ='BIO DATA'!Z2 -> MTs Mu'allimin Muh Yogyakarta | G6: ='BIO DATA'!J2 -> 1 | H6: ='BIO DATA'!N2 -> Baranusa | I6: ='BIO DATA'!Q2 -> 1 Juni 2010 | J6: ='BIO DATA'!T2 -> Jl. Imam Bonjol No. 143 RT 002 RW 001 Adang Buom Teluk Mutiara Alor Nusa Tenggara Timur | K6: ='BIO DATA'!AC2 -> Muhammad H. Sjamsuddin | L6: ='BIO DATA'!AH2 -> 085238964122 | M6: ='BIO DATA'!AJ2 -> Selfiah Harlina | N6: - | O6: ='BIO DATA'!AF2 -> PNS | P6: ='BIO DATA'!AM2 -> Ibu Rumah Tangga | Q6: -
B7: 2 | C7: ='BIO DATA'!D3 -> 11586 | D7: ='BIO DATA'!E3 -> 0105875288 | E7: ='BIO DATA'!F3 -> Elka Maulana Iskandar | F7: ='BIO DATA'!Z3 -> MTs Mu'allimin Muh Yogyakarta | G7: ='BIO DATA'!J3 -> 1 | H7: ='BIO DATA'!N3 -> Kudus | I7: ='BIO DATA'!Q3 -> 18 Desember 2010 | J7: ='BIO DATA'!T3 -> Bae RT 001 RW 001 Bae Kudus Jawa Tengah | K7: ='BIO DATA'!AC3 -> Heri Iskandar | L7: ='BIO DATA'!AH3 -> 0 | M7: ='BIO DATA'!AJ3 -> Deka Ayu Khotima | N7: - | O7: ='BIO DATA'!AF3 -> Wiraswasta | P7: ='BIO DATA'!AM3 -> Guru | Q7: -
B8: 3 | C8: ='BIO DATA'!D4 -> 11589 | D8: ='BIO DATA'!E4 -> 3111141420 | E8: ='BIO DATA'!F4 -> Fahma Akhsananda Hidayat | F8: ='BIO DATA'!Z4 -> MTs Mu'allimin Muh Yogyakarta | G8: ='BIO DATA'!J4 -> 3 | H8: ='BIO DATA'!N4 -> Cilacap | I8: ='BIO DATA'!Q4 -> 26 April 2011 | J8: ='BIO DATA'!T4 -> Jl. Hadiwisastro RT 004 RW 002 Pesawahan Binangun Cilacap Jawa Tengah 53281 | K8: ='BIO DATA'!AC4 -> Nur Hidayat, S.Ag. | L8: ='BIO DATA'!AH4 -> 081329062822 | M8: ='BIO DATA'!AJ4 -> Tarwiyah, S.Ag. | N8: - | O8: ='BIO DATA'!AF4 -> Guru | P8: ='BIO DATA'!AM4 -> Guru | Q8: -
B9: 4 | C9: ='BIO DATA'!D5 -> 11607 | D9: ='BIO DATA'!E5 -> 010502043 | E9: ='BIO DATA'!F5 -> Feris Lutfi Hilal Mahadi | F9: ='BIO DATA'!Z5 -> MTs Mu'allimin Muh Yogyakarta | G9: ='BIO DATA'!J5 -> 1 | H9: ='BIO DATA'!N5 -> Magelang | I9: ='BIO DATA'!Q5 -> 8 November 2010 | J9: ='BIO DATA'!T5 -> Mergangsan Lor MG II/1098 YK RT 045 RW 014 Wirogunan Mergangsan Kota Yogyakarta DIY 55151 | K9: ='BIO DATA'!AC5 -> Samsu Hartanto | L9: ='BIO DATA'!AH5 -> 08179440384 | M9: ='BIO DATA'!AJ5 -> Rohmiyatun | N9: - | O9: ='BIO DATA'!AF5 -> Karyawan Swasta | P9: ='BIO DATA'!AM5 -> Ibu Rumah Tangga | Q9: -
B10: 5 | C10: ='BIO DATA'!D6 -> 11608 | D10: ='BIO DATA'!E6 -> 3112084736 | E10: ='BIO DATA'!F6 -> Firaz Tsaqeffano | F10: ='BIO DATA'!Z6 -> MTs Mu'allimin Muh Yogyakarta | G10: ='BIO DATA'!J6 -> 2 | H10: ='BIO DATA'!N6 -> Banyumas | I10: ='BIO DATA'!Q6 -> 12 Juli 2011 | J10: ='BIO DATA'!T6 -> Perumahan Pabuaran Indah no 24 Grendeng Purwokerto Utara Banyumas Jawa Tengah 53122 | K10: ='BIO DATA'!AC6 -> Prastowo Tri Witono | L10: ='BIO DATA'!AH6 -> 081227883901 | M10: ='BIO DATA'!AJ6 -> Fitri Hapsari Yuniarti | N10: - | O10: ='BIO DATA'!AF6 -> Pegawai BUMN | P10: ='BIO DATA'!AM6 -> Wiraswasta | Q10: -
B11: 6 | C11: ='BIO DATA'!D7 -> 11609 | D11: ='BIO DATA'!E7 -> 0111152815 | E11: ='BIO DATA'!F7 -> Fuad Imtiyaz Mubarok | F11: ='BIO DATA'!Z7 -> MTs Mu'allimin Muh Yogyakarta | G11: ='BIO DATA'!J7 -> 1 | H11: ='BIO DATA'!N7 -> Jakarta | I11: ='BIO DATA'!Q7 -> 2 Maret 2011 | J11: ='BIO DATA'!T7 -> Jalan Basuki No. 2G R T 006 RW 006 Cilangkap Cipayung Jakarta Timur DKI Jakarta 13870 | K11: ='BIO DATA'!AC7 -> Achmad Mubarok | L11: ='BIO DATA'!AH7 -> 081384815108 | M11: ='BIO DATA'!AJ7 -> Siti Fatimah | N11: - | O11: ='BIO DATA'!AF7 -> PNS | P11: ='BIO DATA'!AM7 -> Ibu Rumah Tangga | Q11: -
B12: 7 | C12: ='BIO DATA'!D8 -> 11616 | D12: ='BIO DATA'!E8 -> 0112858971 | E12: ='BIO DATA'!F8 -> Habiburrahman Al Azizi | F12: ='BIO DATA'!Z8 -> MTs Mu'allimin Muh Yogyakarta | G12: ='BIO DATA'!J8 -> 1 | H12: ='BIO DATA'!N8 -> Boyolali | I12: ='BIO DATA'!Q8 -> 29 Januari 2011 | J12: ='BIO DATA'!T8 -> Dk VII Dukuh Puron RT 048 Trimurti Srandakan Bantul DIY 55762 | K12: ='BIO DATA'!AC8 -> (Alm.) Abdul Razaq | L12: ='BIO DATA'!AH8 -> 0 | M12: ='BIO DATA'!AJ8 -> Ani Widyaningsih | N12: - | O12: ='BIO DATA'!AF8 -> 0 | P12: ='BIO DATA'!AM8 -> Lainnya | Q12: -
B13: 8 | C13: ='BIO DATA'!D9 -> 11624 | D13: ='BIO DATA'!E9 -> 0112825165 | E13: ='BIO DATA'!F9 -> Hail Kaisan Izzati | F13: ='BIO DATA'!Z9 -> MTs Mu'allimin Muh Yogyakarta | G13: ='BIO DATA'!J9 -> 1 | H13: ='BIO DATA'!N9 -> Cilacap | I13: ='BIO DATA'!Q9 -> 19 Juli 2011 | J13: ='BIO DATA'!T9 -> Jenang RT 003/019 Majenang Cilacap Jawa Tengah 53257 | K13: ='BIO DATA'!AC9 -> Arif Budi Santosa | L13: ='BIO DATA'!AH9 -> 0856013016310 | M13: ='BIO DATA'!AJ9 -> Irma Yuliastuti | N13: - | O13: ='BIO DATA'!AF9 -> Karyawan Swasta | P13: ='BIO DATA'!AM9 -> Guru | Q13: -
B14: 9 | C14: ='BIO DATA'!D10 -> 11625 | D14: ='BIO DATA'!E10 -> 0112205063 | E14: ='BIO DATA'!F10 -> Haiz Elhaq Rahman | F14: ='BIO DATA'!Z10 -> MTs Mu'allimin Muh Yogyakarta | G14: ='BIO DATA'!J10 -> 3 | H14: ='BIO DATA'!N10 -> Cairo | I14: ='BIO DATA'!Q10 -> 12 Juli 2011 | J14: ='BIO DATA'!T10 -> Jl. Caringin Komplek Fizhilala Al Quran RT 004 RW 012 Sayang Jatinangor Sumedang Jawa Barat 45363 | K14: ='BIO DATA'!AC10 -> Cecep Taufikurrohman | L14: ='BIO DATA'!AH10 -> 081394765323 | M14: ='BIO DATA'!AJ10 -> Nurjanah Sholihah | N14: - | O14: ='BIO DATA'!AF10 -> Wiraswasta | P14: ='BIO DATA'!AM10 -> Ibu Rumah Tangga | Q14: -
B15: 10 | C15: ='BIO DATA'!D11 -> 11626 | D15: ='BIO DATA'!E11 -> 0119197225 | E15: ='BIO DATA'!F11 -> Hamzah Fatih Almubarok | F15: ='BIO DATA'!Z11 -> MTs Mu'allimin Muh Yogyakarta | G15: ='BIO DATA'!J11 -> 1 | H15: ='BIO DATA'!N11 -> Yogyakarta | I15: ='BIO DATA'!Q11 -> 22 Februari 2011 | J15: ='BIO DATA'!T11 -> Sembungan RT 003 Bangunjiwo Kasihan Bantul DIY 55184 | K15: ='BIO DATA'!AC11 -> Yudhi Wiyoko | L15: ='BIO DATA'!AH11 -> +62 895-2732-8954 | M15: ='BIO DATA'!AJ11 -> Muslihah | N15: - | O15: ='BIO DATA'!AF11 -> Guru | P15: ='BIO DATA'!AM11 -> Guru | Q15: -
B16: 11 | C16: ='BIO DATA'!D12 -> 11660 | D16: ='BIO DATA'!E12 -> 0109202081 | E16: ='BIO DATA'!F12 -> M.Dafa Wafiqul Azhar | F16: ='BIO DATA'!Z12 -> MTs Mu'allimin Muh Yogyakarta | G16: ='BIO DATA'!J12 -> 1 | H16: ='BIO DATA'!N12 -> Lamongan | I16: ='BIO DATA'!Q12 -> 16 April 2010 | J16: ='BIO DATA'!T12 -> Dsn. Bancak Wetan RT 001 RW 010 Krogowanan Sawangan Magelang Jawa Tengah 55481 | K16: ='BIO DATA'!AC12 -> Anwarudin | L16: ='BIO DATA'!AH12 -> 0 | M16: ='BIO DATA'!AJ12 -> Nur Chayati | N16: - | O16: ='BIO DATA'!AF12 -> Karyawan Swasta | P16: ='BIO DATA'!AM12 -> Karyawan Swasta | Q16: -
B17: 12 | C17: ='BIO DATA'!D13 -> 11677 | D17: ='BIO DATA'!E13 -> 0104224489 | E17: ='BIO DATA'!F13 -> Muhamad Azriel Akbar Setya Putra | F17: ='BIO DATA'!Z13 -> MTs Mu'allimin Muh Yogyakarta | G17: ='BIO DATA'!J13 -> 1 | H17: ='BIO DATA'!N13 -> Grobogan | I17: ='BIO DATA'!Q13 -> 17 Oktober 2010 | J17: ='BIO DATA'!T13 -> Getaspejaten RT 010 RW 004 Jati Kudus Jawa Tengah 59343 | K17: ='BIO DATA'!AC13 -> Iwan Setiawan | L17: ='BIO DATA'!AH13 -> 0 | M17: ='BIO DATA'!AJ13 -> Tutik | N17: - | O17: ='BIO DATA'!AF13 -> Lainnya | P17: ='BIO DATA'!AM13 -> PNS | Q17: -
... B25: 20 | C25: ='BIO DATA'!D21 -> 11731 | D25: ='BIO DATA'!E21 -> 3103569331 | E25: ='BIO DATA'!F21 -> Muhammad Rafa Arrayyan | F25: ='BIO DATA'!Z21 -> MTs Mu'allimin Muh Yogyakarta | G25: ='BIO DATA'!J21 -> 1 | H25: ='BIO DATA'!N21 -> Jakarta | I25: ='BIO DATA'!Q21 -> 23 Juli 2010 | J25: ='BIO DATA'!T21 -> Jl. Swadaya PLN Klender RT 003 RW 002 Jatinegara Cakung Jakarta Timur DKI Jakarta 13930 | K25: ='BIO DATA'!AC21 -> Trinanda Munfaji (alm.) | L25: ='BIO DATA'!AH21 -> 0 | M25: ='BIO DATA'!AJ21 -> Nur Robiatul Adawiyah | N25: - | O25: ='BIO DATA'!AF21 -> 0 | P25: ='BIO DATA'!AM21 -> Guru | Q25: -
M26: KELAS IV / X A
B27: No | C27: N I S | D27: NISN | E27: Nama | F27: Asal Sekolah | G27: Anak Ke | H27: KELAHIRAN | J27: Alamat | K27: NAMA ORANG TUA DAN NO TELP./HP | O27: PEKERJAAN | Q27: KET/NO. IJZH
H28: Tempat | I28: Tanggal | K28: Ayah | L28: Ayah | M28: Ibu | N28: HP Ibu | O28: Ayah | P28: Ibu
B29: 21 | C29: ='BIO DATA'!D22 -> 11735 | D29: ='BIO DATA'!E22 -> 0119936984 | E29: ='BIO DATA'!F22 -> Muhammad Razan Al Azka Panglimunan | F29: ='BIO DATA'!Z22 -> MTs Mu'allimin Muh Yogyakarta | G29: ='BIO DATA'!J22 -> 1 | H29: ='BIO DATA'!N22 -> Solo | I29: ='BIO DATA'!Q22 -> 31 Mei 2011 | J29: ='BIO DATA'!T22 -> Jl. Sekar Jagad 1 No. 21A RT 004 RW 001 Pajang Laweyan Surakarta Jawa Tengah 57146 | K29: ='BIO DATA'!AC22 -> Muhammad Iqbal | L29: ='BIO DATA'!AH22 -> 0 | M29: ='BIO DATA'!AJ22 -> Siti Amirul Ulfah | N29: - | O29: ='BIO DATA'!AF22 -> 0 | P29: ='BIO DATA'!AM22 -> Ibu Rumah Tangga | Q29: -
B30: 22 | C30: ='BIO DATA'!D23 -> 11762 | D30: ='BIO DATA'!E23 -> 0103659765 | E30: ='BIO DATA'!F23 -> Nizham Ziyad Ar Rasyiediin | F30: ='BIO DATA'!Z23 -> MTs Mu'allimin Muh Yogyakarta | G30: ='BIO DATA'!J23 -> 1 | H30: ='BIO DATA'!N23 -> Taman Sari | I30: ='BIO DATA'!Q23 -> 6 September 2010 | J30: ='BIO DATA'!T23 -> Jl. Tani RT 006 RW 004 Pringsewu Barat Pringsewu Lampung 35373 | K30: ='BIO DATA'!AC23 -> Edi Susanto, SE | L30: ='BIO DATA'!AH23 -> 085269569197 | M30: ='BIO DATA'!AJ23 -> Indarti Suryaningsih, SE | N30: - | O30: ='BIO DATA'!AF23 -> Wiraswasta | P30: ='BIO DATA'!AM23 -> Karyawan Swasta | Q30: -
B31: 23 | C31: ='BIO DATA'!D24 -> 11800 | D31: ='BIO DATA'!E24 -> 0116601897 | E31: ='BIO DATA'!F24 -> Rohman Qolbi Salim | F31: ='BIO DATA'!Z24 -> MTs Mu'allimin Muh Yogyakarta | G31: ='BIO DATA'!J24 -> 3 | H31: ='BIO DATA'!N24 -> Rimbo Bujang | I31: ='BIO DATA'!Q24 -> 27 Januari 2011 | J31: ='BIO DATA'!T24 -> Jl. Jendral Sudirman RT 001 RW 004 Mandiri Agung Rimbo Bujang Tebo Jambi 37551 | K31: ='BIO DATA'!AC24 -> Busri, S.Pd. | L31: ='BIO DATA'!AH24 -> 082374722650 | M31: ='BIO DATA'!AJ24 -> Nurul Hidayah | N31: - | O31: ='BIO DATA'!AF24 -> PNS | P31: ='BIO DATA'!AM24 -> Ibu Rumah Tangga | Q31: -
B32: 24 | C32: ='BIO DATA'!D25 -> 11810 | D32: ='BIO DATA'!E25 -> 0112840730 | E32: ='BIO DATA'!F25 -> Syabil Angkasa Putra Solissa | F32: ='BIO DATA'!Z25 -> MTs Mu'allimin Muh Yogyakarta | G32: ='BIO DATA'!J25 -> 2 | H32: ='BIO DATA'!N25 -> Ambon | I32: ='BIO DATA'!Q25 -> 27 Juni 2011 | J32: ='BIO DATA'!T25 -> Desa Lektama Namrole Buru Selatan Maluku | K32: ='BIO DATA'!AC25 -> Yasir Arafat Solissa | L32: ='BIO DATA'!AH25 -> 0 | M32: ='BIO DATA'!AJ25 -> Miram Hitimala | N32: - | O32: ='BIO DATA'!AF25 -> POLRI | P32: ='BIO DATA'!AM25 -> Ibu Rumah Tangga | Q32: -
B33: 25 | C33: ='BIO DATA'!D26 -> 11819 | D33: ='BIO DATA'!E26 -> 0112861218 | E33: ='BIO DATA'!F26 -> Wazni Nawaf Al-Farras | F33: ='BIO DATA'!Z26 -> MTs Mu'allimin Muh Yogyakarta | G33: ='BIO DATA'!J26 -> 1 | H33: ='BIO DATA'!N26 -> Sleman | I33: ='BIO DATA'!Q26 -> 14 April 2011 | J33: ='BIO DATA'!T26 -> Ngentak RT 066 Argorejo Sedayu Bantul DIY 55752 | K33: ='BIO DATA'!AC26 -> Agus Suprianto | L33: ='BIO DATA'!AH26 -> 0 | M33: ='BIO DATA'!AJ26 -> Alif Maziyah | N33: - | O33: ='BIO DATA'!AF26 -> Karyawan Swasta | P33: ='BIO DATA'!AM26 -> Wiraswasta | Q33: -
B34: 26 | C34: ='BIO DATA'!D27 -> 11823 | D34: ='BIO DATA'!E27 -> 0112852073 | E34: ='BIO DATA'!F27 -> Yusuf Aydin Hylmi Asadel | F34: ='BIO DATA'!Z27 -> MTs Mu'allimin Muh Yogyakarta | G34: ='BIO DATA'!J27 -> 2 | H34: ='BIO DATA'!N27 -> Semarang | I34: ='BIO DATA'!Q27 -> 26 Januari 2011 | J34: ='BIO DATA'!T27 -> Botton 1 472 RT 003 RW 005 Magelang Tengah Kota Magelang Jawa Tengah 56117 | K34: ='BIO DATA'!AC27 -> Nanang Yudo Cahyono | L34: ='BIO DATA'!AH27 -> 085647639364 | M34: ='BIO DATA'!AJ27 -> Maftuhah | N34: - | O34: ='BIO DATA'!AF27 -> PNS | P34: ='BIO DATA'!AM27 -> Ibu Rumah Tangga | Q34: -
B78: DATA SISWA KELAS IV / X B
B79: MADRASAH MU'ALLIMIN MUHAMMADIYAH YOGYAKARTA
B80: TAHUN PELAJARAN 2026/2027
B81: No | C81: N I S | D81: NISN | E81: Nama | F81: Asal Sekolah | G81: Anak Ke | H81: KELAHIRAN | J81: Alamat | K81: NAMA ORANG TUA DAN NO TELP./HP | O81: PEKERJAAN | Q81: NO. IJZH
H82: Tempat | I82: Tanggal | K82: Ayah | L82: Ayah | M82: Ibu | N82: HP Ibu | O82: Ayah | P82: Ibu
B83: 1 | C83: ='BIO DATA'!D28 -> 11535 | D83: ='BIO DATA'!E28 -> 0113563650 | E83: ='BIO DATA'!F28 -> Ahmad Azzam Huluq | F83: ='BIO DATA'!Z28 -> MTs Mu'allimin Muh Yogyakarta | G83: ='BIO DATA'!J28 -> 3 | H83: ='BIO DATA'!N28 -> Serang | I83: ='BIO DATA'!Q28 -> 10 Maret 2011 | J83: ='BIO DATA'!T28 -> Lingk Lebak Gempol RT 001 RW 010 Panancangan Cipocok Jaya Kota Serang Banten 42124 | K83: ='BIO DATA'!AC28 -> H. Irfan Husnul Huluq, SE | L83: ='BIO DATA'!AH28 -> 0 | M83: ='BIO DATA'!AJ28 -> Yuliawati | N83: - | O83: ='BIO DATA'!AF28 -> PNS | P83: ='BIO DATA'!AM28 -> Ibu Rumah Tangga | Q83: -
B84: 2 | C84: ='BIO DATA'!D29 -> 11536 | D84: ='BIO DATA'!E29 -> 0106466461 | E84: ='BIO DATA'!F29 -> Ahmad Faith Aly Ishar | F84: ='BIO DATA'!Z29 -> MTs Mu'allimin Muh Yogyakarta | G84: ='BIO DATA'!J29 -> 3 | H84: ='BIO DATA'!N29 -> Makassar | I84: ='BIO DATA'!Q29 -> 29 Oktober 2010 | J84: ='BIO DATA'!T29 -> BTN Minasa Upa Blok L 15 No 15 RT 005 RW 014 Minasa Upa Rappocini Kota Makassar Sulawesi Selatan 90221 | K84: ='BIO DATA'!AC29 -> H. Hasbudi, ST | L84: ='BIO DATA'!AH29 -> 0 | M84: ='BIO DATA'!AJ29 -> Ramlah Mustara | N84: - | O84: ='BIO DATA'!AF29 -> Karyawan Swasta | P84: ='BIO DATA'!AM29 -> PNS | Q84: -
B85: 3 | C85: ='BIO DATA'!D30 -> 11540 | D85: ='BIO DATA'!E30 -> 0118001666 | E85: ='BIO DATA'!F30 -> Ahmad Syamil Zakaria | F85: ='BIO DATA'!Z30 -> MTs Mu'allimin Muh Yogyakarta | G85: ='BIO DATA'!J30 -> 3 | H85: ='BIO DATA'!N30 -> Padang | I85: ='BIO DATA'!Q30 -> 28 Maret 2011 | J85: ='BIO DATA'!T30 -> Jl. B. Zein Hamid Gg Kelaurga No. 14 A LK II Titi Kuning Medan Johor Kota Medan Sumatera Utara 20146 | K85: ='BIO DATA'!AC30 -> Didik Darmadi | L85: ='BIO DATA'!AH30 -> 081319303814 | M85: ='BIO DATA'!AJ30 -> Annisah Husni Daulay | N85: - | O85: ='BIO DATA'!AF30 -> PNS | P85: ='BIO DATA'!AM30 -> PNS | Q85: -
B86: 4 | C86: ='BIO DATA'!D31 -> 11549 | D86: ='BIO DATA'!E31 -> 0109732828 | E86: ='BIO DATA'!F31 -> Amar Maulana Ardani | F86: ='BIO DATA'!Z31 -> MTs Mu'allimin Muh Yogyakarta | G86: ='BIO DATA'!J31 -> 4 | H86: ='BIO DATA'!N31 -> Wonosobo | I86: ='BIO DATA'!Q31 -> 22 Mei 2010 | J86: ='BIO DATA'!T31 -> Mataraman RT 001 RW 005 Wonosobo Timur Wonosobo Jawa Tengah 56311 | K86: ='BIO DATA'!AC31 -> Chamim Ardani | L86: ='BIO DATA'!AH31 -> 085290670867 | M86: ='BIO DATA'!AJ31 -> Nuryanti | N86: - | O86: ='BIO DATA'!AF31 -> Pedagang | P86: ='BIO DATA'!AM31 -> 0 | Q86: -
B87: 5 | C87: ='BIO DATA'!D32 -> 11550 | D87: ='BIO DATA'!E32 -> 0101109394 | E87: ='BIO DATA'!F32 -> Amaru Dimitar Seja Maharota | F87: ='BIO DATA'!Z32 -> MTs Mu'allimin Muh Yogyakarta | G87: ='BIO DATA'!J32 -> 2 | H87: ='BIO DATA'!N32 -> Magetan | I87: ='BIO DATA'!Q32 -> 13 April 2010 | J87: ='BIO DATA'!T32 -> Jln. Hasanudin RT 004 RW 005 Selosari Magetan Jawa Timur | K87: ='BIO DATA'!AC32 -> Heru Riyanto | L87: ='BIO DATA'!AH32 -> 081336742400 | M87: ='BIO DATA'!AJ32 -> Amaliya Nur Hasanah | N87: - | O87: ='BIO DATA'!AF32 -> PNS | P87: ='BIO DATA'!AM32 -> Ibu Rumah Tangga | Q87: -
B88: 6 | C88: ='BIO DATA'!D33 -> 11557 | D88: ='BIO DATA'!E33 -> 3108936886 | E88: ='BIO DATA'!F33 -> Arman Maulana | F88: ='BIO DATA'!Z33 -> MTs Mu'allimin Muh Yogyakarta | G88: ='BIO DATA'!J33 -> 3 | H88: ='BIO DATA'!N33 -> Jakarta | I88: ='BIO DATA'!Q33 -> 15 Maret 2010 | J88: ='BIO DATA'!T33 -> Jl. Rawa Bebek RT 010 RW 013 Penjaringan Jakarta Utara DKI Jakarta 14440 | K88: ='BIO DATA'!AC33 -> Abdul Hamid | L88: ='BIO DATA'!AH33 -> 0 | M88: ='BIO DATA'!AJ33 -> Rubiyanti | N88: - | O88: ='BIO DATA'!AF33 -> Karyawan Swasta | P88: ='BIO DATA'!AM33 -> Ibu Rumah Tangga | Q88: -
B89: 7 | C89: ='BIO DATA'!D34 -> 11559 | D89: ='BIO DATA'!E34 -> 0107749826 | E89: ='BIO DATA'!F34 -> Ashraf 'Ifathurrosydan | F89: ='BIO DATA'!Z34 -> MTs Mu'allimin Muh Yogyakarta | G89: ='BIO DATA'!J34 -> 1 | H89: ='BIO DATA'!N34 -> Sragen | I89: ='BIO DATA'!Q34 -> 2 Juni 2010 | J89: ='BIO DATA'!T34 -> Masaran Kulon RT 003 RW 002 Jati Masaran Sragen Jawa Tengah 57282 | K89: ='BIO DATA'!AC34 -> Hasan Rustamaji, S.Sn. | L89: ='BIO DATA'!AH34 -> 0 | M89: ='BIO DATA'!AJ34 -> Ida Rodliyah | N89: - | O89: ='BIO DATA'!AF34 -> PNS | P89: ='BIO DATA'!AM34 -> Wiraswasta | Q89: -
B90: 8 | C90: ='BIO DATA'!D35 -> 11563 | D90: ='BIO DATA'!E35 -> 0109930189 | E90: ='BIO DATA'!F35 -> Aviciena Rafa Al Ghifari | F90: ='BIO DATA'!Z35 -> MTs Mu'allimin Muh Yogyakarta | G90: ='BIO DATA'!J35 -> 1 | H90: ='BIO DATA'!N35 -> Yogyakarta | I90: ='BIO DATA'!Q35 -> 20 Oktober 2010 | J90: ='BIO DATA'!T35 -> Sorosutan UH 6/928 RT 019 RW 006 Umbulharjo Kota Yogyakarta DIY 55162 | K90: ='BIO DATA'!AC35 -> Hery Sukirno, S.H.I. | L90: ='BIO DATA'!AH35 -> 081904086099 | M90: ='BIO DATA'!AJ35 -> Martha Setyawati | N90: - | O90: ='BIO DATA'!AF35 -> Karyawan Swasta | P90: ='BIO DATA'!AM35 -> Guru | Q90: -
B91: 9 | C91: ='BIO DATA'!D36 -> 11568 | D91: ='BIO DATA'!E36 -> 0114695074 | E91: ='BIO DATA'!F36 -> Azharuddin Ahza Aprilian | F91: ='BIO DATA'!Z36 -> MTs Mu'allimin Muh Yogyakarta | G91: ='BIO DATA'!J36 -> 5 | H91: ='BIO DATA'!N36 -> Yogyakarta | I91: ='BIO DATA'!Q36 -> 7 April 2011 | J91: ='BIO DATA'!T36 -> Perum Baleasri Blok F-7 Pereng Dawe RT 013 RW 046 Balecatur Gamping Sleman Daerah Istimewa Yogyakarta | K91: ='BIO DATA'!AC36 -> Drs. Muslih | L91: ='BIO DATA'!AH36 -> 0 | M91: ='BIO DATA'!AJ36 -> Siti Khalimah | N91: - | O91: ='BIO DATA'!AF36 -> PNS | P91: ='BIO DATA'!AM36 -> Ibu Rumah Tangga | Q91: -
B92: 10 | C92: ='BIO DATA'!D37 -> 11611 | D92: ='BIO DATA'!E37 -> 0115018402 | E92: ='BIO DATA'!F37 -> Gardadin Rusydian Muhammad | F92: ='BIO DATA'!Z37 -> MTs Mu'allimin Muh Yogyakarta | G92: ='BIO DATA'!J37 -> 1 | H92: ='BIO DATA'!N37 -> Sleman | I92: ='BIO DATA'!Q37 -> 25 Januari 2011 | J92: ='BIO DATA'!T37 -> Jl. Delima II/73 Perum jambusari Indah Krajan RT 008 RW 065 Wedomartani Ngemplak Sleman DIY 55584 | K92: ='BIO DATA'!AC37 -> Muhammad Abduh | L92: ='BIO DATA'!AH37 -> 083840005060 | M92: ='BIO DATA'!AJ37 -> Bertalisa | N92: - | O92: ='BIO DATA'!AF37 -> Wiraswasta | P92: ='BIO DATA'!AM37 -> Ibu Rumah Tangga | Q92: -
B93: 11 | C93: ='BIO DATA'!D38 -> 11613 | D93: ='BIO DATA'!E38 -> 0107481232 | E93: ='BIO DATA'!F38 -> Gilang Cahyo Candrawimba | F93: ='BIO DATA'!Z38 -> MTs Mu'allimin Muh Yogyakarta | G93: ='BIO DATA'!J38 -> 1 | H93: ='BIO DATA'!N38 -> Magelang | I93: ='BIO DATA'!Q38 -> 4 Agustus 2010 | J93: ='BIO DATA'!T38 -> Dsn. Kuncen RT 001 RW 002 Ngablak Magelang Jawa Tengah 56194 | K93: ='BIO DATA'!AC38 -> Heri Cahyono | L93: ='BIO DATA'!AH38 -> 085292277795 | M93: ='BIO DATA'!AJ38 -> Siti Mahmudah | N93: - | O93: ='BIO DATA'!AF38 -> Wiraswasta | P93: ='BIO DATA'!AM38 -> Wiraswasta | Q93: -
B94: 12 | C94: ='BIO DATA'!D39 -> 11620 | D94: ='BIO DATA'!E39 -> 0109439388 | E94: ='BIO DATA'!F39 -> Haidar Iftikarullah Aszuhdi | F94: ='BIO DATA'!Z39 -> MTs Mu'allimin Muh Yogyakarta | G94: ='BIO DATA'!J39 -> 2 | H94: ='BIO DATA'!N39 -> Yogyakarta | I94: ='BIO DATA'!Q39 -> 22 Agustus 2010 | J94: ='BIO DATA'!T39 -> Perum Griya Mandiri No. 1 RT 054 RW 015 Suryodiningratan Mantrijeron Kota Yogyakarta DIY 55141 | K94: ='BIO DATA'!AC39 -> Alwansyah, ST | L94: ='BIO DATA'!AH39 -> 08123488283 | M94: ='BIO DATA'!AJ39 -> Anggarakasih Ardianto, SH | N94: - | O94: ='BIO DATA'!AF39 -> Karyawan Swasta | P94: ='BIO DATA'!AM39 -> Karyawan Swasta | Q94: -
... B99: 17 | C99: ='BIO DATA'!D44 -> 11649 | D99: ='BIO DATA'!E44 -> 0114153195 | E99: ='BIO DATA'!F44 -> Kashka Fathan Magani | F99: ='BIO DATA'!Z44 -> MTs Mu'allimin Muh Yogyakarta | G99: ='BIO DATA'!J44 -> 1 | H99: ='BIO DATA'!N44 -> Sleman | I99: ='BIO DATA'!Q44 -> 5 Mei 2011 | J99: ='BIO DATA'!T44 -> Ngawonggo RT 017 RW 008 Ngawonggo Ceper Klaten Jawa Tengah 57465 | K99: ='BIO DATA'!AC44 -> Agusti Riyantoni, Amk | L99: ='BIO DATA'!AH44 -> 085291122456 | M99: ='BIO DATA'!AJ44 -> Zuhrifa Lutfi Fadlilah | N99: - | O99: ='BIO DATA'!AF44 -> Perawat | P99: ='BIO DATA'!AM44 -> Bidan | Q99: -
B100: 18 | C100: ='BIO DATA'!D45 -> 11653 | D100: ='BIO DATA'!E45 -> 0116088239 | E100: ='BIO DATA'!F45 -> Kevin Zahran Firdaus | F100: ='BIO DATA'!Z45 -> MTs Mu'allimin Muh Yogyakarta | G100: ='BIO DATA'!J45 -> 2 | H100: ='BIO DATA'!N45 -> Banjarnegara | I100: ='BIO DATA'!Q45 -> 27 Mei 2011 | J100: ='BIO DATA'!T45 -> Kutabanjarnegara RT 001 RW 005 Banjarnegara Jawa Tengah 53415 | K100: ='BIO DATA'!AC45 -> Imam Khurmen Hidayat | L100: - | M100: ='BIO DATA'!AJ45 -> Hilda Irtanti | N100: ='BIO DATA'!AO45 -> 0 | O100: ='BIO DATA'!AF45 -> Karyawan BUMN | P100: ='BIO DATA'!AM45 -> PNS | Q100: -
B101: 19 | C101: ='BIO DATA'!D46 -> 11655 | D101: ='BIO DATA'!E46 -> 0116887713 | E101: ='BIO DATA'!F46 -> Kiano Arshad Wicaksono | F101: ='BIO DATA'!Z46 -> MTs Mu'allimin Muh Yogyakarta | G101: ='BIO DATA'!J46 -> 1 | H101: ='BIO DATA'!N46 -> Yogyakarta | I101: ='BIO DATA'!Q46 -> 18 Mei 2011 | J101: ='BIO DATA'!T46 -> Perum Tiara B-7.A RT 014 RW 025 Sariharjo Ngaglik Sleman DIY 55581 | K101: ='BIO DATA'!AC46 -> Yogie Wicaksono | L101: - | M101: ='BIO DATA'!AJ46 -> Wulan Suranti | N101: ='BIO DATA'!AO46 -> 0 | O101: ='BIO DATA'!AF46 -> Karyawan Swasta | P101: ='BIO DATA'!AM46 -> Ibu Rumah Tangga | Q101: -
B102: 20 | C102: ='BIO DATA'!D47 -> 11658 | D102: ='BIO DATA'!E47 -> 0103949315 | E102: ='BIO DATA'!F47 -> Lukman Husain Assalim | F102: ='BIO DATA'!Z47 -> MTs Mu'allimin Muh Yogyakarta | G102: ='BIO DATA'!J47 -> 1 | H102: ='BIO DATA'!N47 -> Sleman | I102: ='BIO DATA'!Q47 -> 10 September 2010 | J102: ='BIO DATA'!T47 -> Depokan KG II/210 RT 008 RW 002 Prenggan Kotagede Kota Yogyakarta DIY 56172 | K102: ='BIO DATA'!AC47 -> Tri Wahyono | L102: - | M102: ='BIO DATA'!AJ47 -> Rahayu Dwi Anggraini, S.Pd. | N102: ='BIO DATA'!AO47 -> 0 | O102: ='BIO DATA'!AF47 -> Wiraswasta | P102: ='BIO DATA'!AM47 -> Karyawan Swasta | Q102: -
B103: 21 | C103: ='BIO DATA'!D48 -> 11663 | D103: ='BIO DATA'!E48 -> 0104892948 | E103: ='BIO DATA'!F48 -> M. Yusuf Zhafran Islami | F103: ='BIO DATA'!Z48 -> MTs Mu'allimin Muh Yogyakarta | G103: ='BIO DATA'!J48 -> 2 | H103: ='BIO DATA'!N48 -> Makassar | I103: ='BIO DATA'!Q48 -> 1 Desember 2010 | J103: ='BIO DATA'!T48 -> Perumahan Gerhana Alauddin Blok B16 Mangasa Tamalate Makassar Sulawesi Selatan 90223 | K103: ='BIO DATA'!AC48 -> Wahyadi Syarifuddin | L103: - | M103: ='BIO DATA'!AJ48 -> Hemawati | N103: ='BIO DATA'!AO48 -> 085242005928 | O103: ='BIO DATA'!AF48 -> PNS | P103: ='BIO DATA'!AM48 -> PNS | Q103: -
M105: KELAS IV / X B
B106: No | C106: N I S | D106: NISN | E106: Nama | F106: Asal Sekolah | G106: Anak Ke | H106: KELAHIRAN | J106: Alamat | K106: NAMA ORANG TUA DAN NO TELP./HP | O106: PEKERJAAN | Q106: KET/NO. IJZH
H107: Tempat | I107: Tanggal | K107: Ayah | L107: Ayah | M107: Ibu | N107: HP Ibu | O107: Ayah | P107: Ibu
B108: 22 | C108: ='BIO DATA'!D49 -> 11675 | D108: ='BIO DATA'!E49 -> 0115093846 | E108: ='BIO DATA'!F49 -> Mohammad Ihsan Kamil | F108: ='BIO DATA'!Z49 -> MTs Mu'allimin Muh Yogyakarta | G108: ='BIO DATA'!J49 -> 2 | H108: ='BIO DATA'!N49 -> Denpasar | I108: ='BIO DATA'!Q49 -> 7 April 2011 | J108: ='BIO DATA'!T49 -> Lingk Celuk Benda Benoa Kuta Selatan Badung Bali | K108: ='BIO DATA'!AC49 -> Drs. H. Sholahuddin | L108: - | M108: ='BIO DATA'!AJ49 -> Iswati, S.Sos. | N108: ='BIO DATA'!AO49 -> 0 | O108: ='BIO DATA'!AF49 -> PNS | P108: ='BIO DATA'!AM49 -> Ibu Rumah Tangga | Q108: -
B109: 23 | C109: ='BIO DATA'!D50 -> 11676 | D109: ='BIO DATA'!E50 -> 0113504032 | E109: ='BIO DATA'!F50 -> Muhamad Abdurrahman Tsaqif | F109: ='BIO DATA'!Z50 -> MTs Mu'allimin Muh Yogyakarta | G109: ='BIO DATA'!J50 -> 2 | H109: ='BIO DATA'!N50 -> Bandung | I109: ='BIO DATA'!Q50 -> 26 Januari 2011 | J109: ='BIO DATA'!T50 -> Perumahan Sarimas Jl. Sarimas 3 No. 42 RT 003 RW 017 Sukamiskin Arcamanik Kota Bandung Jawa Barat 40293 | K109: ='BIO DATA'!AC50 -> Muhamad Nurul Huda | L109: - | M109: ='BIO DATA'!AJ50 -> Henny Sudibyo | N109: ='BIO DATA'!AO50 -> 0 | O109: ='BIO DATA'!AF50 -> Karyawan Swasta | P109: ='BIO DATA'!AM50 -> PNS | Q109: -
B110: 24 | C110: ='BIO DATA'!D51 -> 11700 | D110: ='BIO DATA'!E51 -> 0101705853 | E110: ='BIO DATA'!F51 -> Muhammad Dhabit Azka | F110: ='BIO DATA'!Z51 -> MTs Mu'allimin Muh Yogyakarta | G110: ='BIO DATA'!J51 -> 2 | H110: ='BIO DATA'!N51 -> Sleman | I110: ='BIO DATA'!Q51 -> 21 September 2010 | J110: ='BIO DATA'!T51 -> Tangkilan RT 005 RW 023 Sidoarum Godean Sleman DIY 55564 | K110: ='BIO DATA'!AC51 -> Suparyanto | L110: - | M110: ='BIO DATA'!AJ51 -> Kustiyanti | N110: ='BIO DATA'!AO51 -> 0 | O110: ='BIO DATA'!AF51 -> Guru | P110: ='BIO DATA'!AM51 -> PNS | Q110: -
B111: 25 | C111: ='BIO DATA'!D52 -> 11702 | D111: ='BIO DATA'!E52 -> 0103590544 | E111: ='BIO DATA'!F52 -> Muhammad Dzaki Rian Putra | F111: ='BIO DATA'!Z52 -> MTs Mu'allimin Muh Yogyakarta | G111: ='BIO DATA'!J52 -> 2 | H111: ='BIO DATA'!N52 -> Ngawi | I111: ='BIO DATA'!Q52 -> 16 Juni 2010 | J111: ='BIO DATA'!T52 -> Dusun Dungus RT 001 RW 003 Karangasri Ngawi Jawa Timur 63218 | K111: ='BIO DATA'!AC52 -> Murdiyanto | L111: - | M111: ='BIO DATA'!AJ52 -> Qusnul Fitria | N111: ='BIO DATA'!AO52 -> 0 | O111: ='BIO DATA'!AF52 -> Karyawan BUMN | P111: ='BIO DATA'!AM52 -> PNS | Q111: -
B112: 26 | C112: ='BIO DATA'!D53 -> 11708 | D112: ='BIO DATA'!E53 -> 0106315282 | E112: ='BIO DATA'!F53 -> Muhammad Fakhri Akbar Sasongko | F112: ='BIO DATA'!Z53 -> MTs Mu'allimin Muh Yogyakarta | G112: ='BIO DATA'!J53 -> 2 | H112: ='BIO DATA'!N53 -> Sleman | I112: ='BIO DATA'!Q53 -> 26 November 2010 | J112: ='BIO DATA'!T53 -> Gedongkuning KG I/158 A RT 009 RW 003 Rejowinangun Kotagede Kota Yogyakarta DIY 55171 | K112: ='BIO DATA'!AC53 -> Triyoga Bayu Sasongko, SP | L112: - | M112: ='BIO DATA'!AJ53 -> Nunung Nurhayati, SE | N112: ='BIO DATA'!AO53 -> 081392336455 | O112: ='BIO DATA'!AF53 -> Karyawan Swasta | P112: ='BIO DATA'!AM53 -> Wiraswasta | Q112: -
B113: 27 | C113: ='BIO DATA'!D54 -> 11711 | D113: ='BIO DATA'!E54 -> 0118189770 | E113: ='BIO DATA'!F54 -> Muhammad Farhan Habibie | F113: ='BIO DATA'!Z54 -> MTs Mu'allimin Muh Yogyakarta | G113: ='BIO DATA'!J54 -> 1 | H113: ='BIO DATA'!N54 -> Purbalingga | I113: ='BIO DATA'!Q54 -> 20 April 2011 | J113: ='BIO DATA'!T54 -> Wirasaba RT 005 RW 005 Bukateja Purbalingga Jawa Tengah 55362 | K113: ='BIO DATA'!AC54 -> Agus Wahyudi | L113: - | M113: ='BIO DATA'!AJ54 -> Wardia Ningsih | N113: ='BIO DATA'!AO54 -> 0 | O113: ='BIO DATA'!AF54 -> TNI | P113: ='BIO DATA'!AM54 -> PNS | Q113: -
B114: 28 | C114: ='BIO DATA'!D55 -> 11716 | D114: ='BIO DATA'!E55 -> 0119143797 | E114: ='BIO DATA'!F55 -> Muhammad Hafiz Ziyad | F114: ='BIO DATA'!Z55 -> MTs Mu'allimin Muh Yogyakarta | G114: ='BIO DATA'!J55 -> 3 | H114: ='BIO DATA'!N55 -> Tangerang | I114: ='BIO DATA'!Q55 -> 26 Maret 2010 | J114: ='BIO DATA'!T55 -> Gg. Lecang 77/8 RT 003 RW 006 Sudimara Barat Ciledug Kota Tangerang Banten 15151 | K114: ='BIO DATA'!AC55 -> Syarief Hikmat | L114: - | M114: ='BIO DATA'!AJ55 -> Ina Hudiningsih | N114: ='BIO DATA'!AO55 -> 085282616664 | O114: ='BIO DATA'!AF55 -> Karyawan BUMN | P114: ='BIO DATA'!AM55 -> Ibu Rumah Tangga | Q114: -
B115: 29 | C115: ='BIO DATA'!D56 -> 11740 | D115: ='BIO DATA'!E56 -> 0117508881 | E115: ='BIO DATA'!F56 -> Muhammad Syauqi Ulin Nuha | F115: ='BIO DATA'!Z56 -> MTs Mu'allimin Muh Yogyakarta | G115: ='BIO DATA'!J56 -> 3 | H115: ='BIO DATA'!N56 -> Yogyakarta | I115: ='BIO DATA'!Q56 -> 25 September 2011 | J115: ='BIO DATA'!T56 -> Jlamprang Kidul RT 002 Jambidan Banguntapan Bantul DIY 55195 | K115: ='BIO DATA'!AC56 -> Muhammad Munawir, SH | L115: - | M115: ='BIO DATA'!AJ56 -> Eni Zuliawati | N115: ='BIO DATA'!AO56 -> 0 | O115: ='BIO DATA'!AF56 -> Wiraswasta | P115: ='BIO DATA'!AM56 -> Wiraswasta | Q115: -
B116: 30 | C116: ='BIO DATA'!D57 -> 11763 | D116: ='BIO DATA'!E57 -> 0106492980 | E116: ='BIO DATA'!F57 -> Noersy Arkana Mahammada | F116: ='BIO DATA'!Z57 -> MTs Mu'allimin Muh Yogyakarta | G116: ='BIO DATA'!J57 -> 1 | H116: ='BIO DATA'!N57 -> Kulon Progo | I116: ='BIO DATA'!Q57 -> 14 Februari 2010 | J116: ='BIO DATA'!T57 -> Graulan RT 005 RW 003 Giripeni Wates Kulon Progo DIY 55612 | K116: ='BIO DATA'!AC57 -> Eko Alaudin, S.Pd.I. | L116: - | M116: ='BIO DATA'!AJ57 -> Tiis Cholifah, SP | N116: ='BIO DATA'!AO57 -> 0 | O116: ='BIO DATA'!AF57 -> Wiraswasta | P116: ='BIO DATA'!AM57 -> Ibu Rumah Tangga | Q116: -
B117: 31 | C117: ='BIO DATA'!D58 -> 11821 | D117: ='BIO DATA'!E58 -> 0114364291 | E117: ='BIO DATA'!F58 -> Yudha Rasyid Aulia | F117: ='BIO DATA'!Z58 -> MTs Mu'allimin Muh Yogyakarta | G117: ='BIO DATA'!J58 -> 1 | H117: ='BIO DATA'!N58 -> Magelang | I117: ='BIO DATA'!Q58 -> 17 April 2011 | J117: ='BIO DATA'!T58 -> Drojogan RT 003 RW 007Sidomulyo Salaman Magelang Jawa Tengah 56562 | K117: ='BIO DATA'!AC58 -> Hasim Asngari | L117: - | M117: ='BIO DATA'!AJ58 -> Yuni Arifah Khusna | N117: ='BIO DATA'!AO58 -> 0 | O117: ='BIO DATA'!AF58 -> PNS | P117: ='BIO DATA'!AM58 -> Karyawan Swasta | Q117: -
B118: 32 | C118: ='BIO DATA'!D59 -> 11825 | D118: ='BIO DATA'!E59 -> 0104936159 | E118: ='BIO DATA'!F59 -> Yusuf Fachrizal Haris | F118: ='BIO DATA'!Z59 -> MTs Mu'allimin Muh Yogyakarta | G118: ='BIO DATA'!J59 -> 2 | H118: ='BIO DATA'!N59 -> Sleman | I118: ='BIO DATA'!Q59 -> 16 Juni 2010 | J118: ='BIO DATA'!T59 -> Bangunsari RT 002 RW 008 Bangunkerto Turi Sleman DIY 55551 | K118: ='BIO DATA'!AC59 -> Anis Aslam Haris | L118: - | M118: ='BIO DATA'!AJ59 -> Titi Kusumawardhani | N118: ='BIO DATA'!AO59 -> 0 | O118: ='BIO DATA'!AF59 -> Karyawan Swasta | P118: ='BIO DATA'!AM59 -> Ibu Rumah Tangga | Q118: -
B146: DATA SISWA KELAS IV / X C
B147: MADRASAH MU'ALLIMIN MUHAMMADIYAH YOGYAKARTA
B148: TAHUN PELAJARAN 2026/2027
B149: No | C149: N I S | D149: NISN | E149: Nama | F149: Asal Sekolah | G149: Anak Ke | H149: KELAHIRAN | J149: Alamat | K149: NAMA ORANG TUA DAN NO TELP./HP | O149: PEKERJAAN | Q149: NO. IJZH
H150: Tempat | I150: Tanggal | K150: Ayah | L150: Ayah | M150: Ibu | N150: HP Ibu | O150: Ayah | P150: Ibu
B151: 1 | C151: ='BIO DATA'!D60 -> 11522 | D151: ='BIO DATA'!E60 -> 0119585759 | E151: ='BIO DATA'!F60 -> Abdurrahman Taqiy | F151: ='BIO DATA'!Z60 -> MTs Mu'allimin Muh Yogyakarta | G151: ='BIO DATA'!J60 -> 1 | H151: ='BIO DATA'!N60 -> Serang | I151: ='BIO DATA'!Q60 -> 18 April 2010 | J151: ='BIO DATA'!T60 -> Komp. BPP Blok G5 No. 07 RT 014 RW 003 Pelamunan Kramatwatu Serang Banten 42161 | K151: ='BIO DATA'!AC60 -> Moh. Natsir Anshory | L151: - | M151: ='BIO DATA'!AJ60 -> Dwi Sriani | N151: ='BIO DATA'!AO60 -> 0 | O151: ='BIO DATA'!AF60 -> Wiraswasta | P151: ='BIO DATA'!AM60 -> Ibu Rumah Tangga | Q151: -
B152: 2 | C152: ='BIO DATA'!D61 -> 11526 | D152: ='BIO DATA'!E61 -> 0103717427 | E152: ='BIO DATA'!F61 -> Achmad Muhajir Dzul Jalali | F152: ='BIO DATA'!Z61 -> MTs Mu'allimin Muh Yogyakarta | G152: ='BIO DATA'!J61 -> 1 | H152: ='BIO DATA'!N61 -> Magetan | I152: ='BIO DATA'!Q61 -> 7 Desembr 2010 | J152: ='BIO DATA'!T61 -> Dukuh 3 Jl. Tanjung RT 002 RW 006 Tanjungsepreh Maospati Magetan Jawa Timur 63392 | K152: ='BIO DATA'!AC61 -> Narto | L152: - | M152: ='BIO DATA'!AJ61 -> Atik Nuryanti | N152: ='BIO DATA'!AO61 -> 0 | O152: ='BIO DATA'!AF61 -> PNS | P152: ='BIO DATA'!AM61 -> PNS | Q152: -
B153: 3 | C153: ='BIO DATA'!D62 -> 11544 | D153: ='BIO DATA'!E62 -> 0112605232 | E153: ='BIO DATA'!F62 -> Ajnata Haziq Abisatya Hayu Wardana | F153: ='BIO DATA'!Z62 -> MTs Mu'allimin Muh Yogyakarta | G153: ='BIO DATA'!J62 -> 2 | H153: ='BIO DATA'!N62 -> Sleman | I153: ='BIO DATA'!Q62 -> 5 April 2011 | J153: ='BIO DATA'!T62 -> Dabag Jln. Ace No. 64 RT 004 RW 027 Condongcatur Depok Sleman DIY 55283 | K153: ='BIO DATA'!AC62 -> Pardiyono | L153: - | M153: ='BIO DATA'!AJ62 -> Maryuni | N153: ='BIO DATA'!AO62 -> 083867292398 | O153: ='BIO DATA'!AF62 -> Wiraswasta | P153: ='BIO DATA'!AM62 -> Apoteker | Q153: -
B154: 4 | C154: ='BIO DATA'!D63 -> 11569 | D154: ='BIO DATA'!E63 -> 0118006448 | E154: ='BIO DATA'!F63 -> Azka Syamil Fasya | F154: ='BIO DATA'!Z63 -> MTs Mu'allimin Muh Yogyakarta | G154: ='BIO DATA'!J63 -> 1 | H154: ='BIO DATA'!N63 -> Kutacane | I154: ='BIO DATA'!Q63 -> 3 Januari 2011 | J154: ='BIO DATA'!T63 -> Ling I Strak Pisang Kota Kutacane Babussalam Aceh Tenggara Aceh | K154: ='BIO DATA'!AC63 -> Rinaldi Dinar | L154: - | M154: ='BIO DATA'!AJ63 -> Siti Rohmah | N154: ='BIO DATA'!AO63 -> 081265498333 | O154: ='BIO DATA'!AF63 -> Wiraswasta | P154: ='BIO DATA'!AM63 -> Ibu Rumah Tangga | Q154: -
B155: 5 | C155: ='BIO DATA'!D64 -> 11573 | D155: ='BIO DATA'!E64 -> 0113665179 | E155: ='BIO DATA'!F64 -> Bilal Jibril | F155: ='BIO DATA'!Z64 -> MTs Mu'allimin Muh Yogyakarta | G155: ='BIO DATA'!J64 -> 3 | H155: ='BIO DATA'!N64 -> Denpasar | I155: ='BIO DATA'!Q64 -> 20 Juni 2011 | J155: ='BIO DATA'!T64 -> Jl. Gn. Patas Perum Griya Abasan No. 7 Br. Tegal Buah Padangsambian Kelod Denapsar Barat Kota Denpasar Bali 80117 | K155: ='BIO DATA'!AC64 -> Ahmad Syarif Muhtarom, SH | L155: - | M155: ='BIO DATA'!AJ64 -> Septy Rosiana | N155: ='BIO DATA'!AO64 -> 081238094102 | O155: ='BIO DATA'!AF64 -> Wiraswasta | P155: ='BIO DATA'!AM64 -> Ibu Rumah Tangga | Q155: -
B156: 6 | C156: ='BIO DATA'!D65 -> 11574 | D156: ='BIO DATA'!E65 -> 0109224955 | E156: ='BIO DATA'!F65 -> Bintang Revoluna Al Mahdi | F156: ='BIO DATA'!Z65 -> MTs Mu'allimin Muh Yogyakarta | G156: ='BIO DATA'!J65 -> 1 | H156: ='BIO DATA'!N65 -> Magelang | I156: ='BIO DATA'!Q65 -> 11 September 2010 | J156: ='BIO DATA'!T65 -> Jl. Cendrawasih Gg. Suharjo Wonocatur RT 011 Banguntapan Bantul DIY 55198 | K156: ='BIO DATA'!AC65 -> Dr. Mutiullah, M.Hum. | L156: - | M156: ='BIO DATA'!AJ65 -> Rofi Mufidati | N156: ='BIO DATA'!AO65 -> 0 | O156: ='BIO DATA'!AF65 -> Dosen | P156: ='BIO DATA'!AM65 -> Pelajar/Mahasiswa | Q156: -
B157: 7 | C157: ='BIO DATA'!D66 -> 11582 | D157: ='BIO DATA'!E66 -> 0109386249 | E157: ='BIO DATA'!F66 -> Devga Aulia | F157: ='BIO DATA'!Z66 -> MTs Mu'allimin Muh Yogyakarta | G157: ='BIO DATA'!J66 -> 1 | H157: ='BIO DATA'!N66 -> Kulon Progo | I157: ='BIO DATA'!Q66 -> 25 Agustus 2010 | J157: ='BIO DATA'!T66 -> Plumbon RT 010 RW 005 Temon Kulon Progo DIY 55654 | K157: ='BIO DATA'!AC66 -> Aly Aulia | L157: - | M157: ='BIO DATA'!AJ66 -> Tri Wijayanti | N157: ='BIO DATA'!AO66 -> 0 | O157: ='BIO DATA'!AF66 -> Dosen | P157: ='BIO DATA'!AM66 -> Ibu Rumah Tangga | Q157: -
B158: 8 | C158: ='BIO DATA'!D67 -> 11588 | D158: ='BIO DATA'!E67 -> 0107703483 | E158: ='BIO DATA'!F67 -> Fadhil Okta Pramana | F158: ='BIO DATA'!Z67 -> MTs Mu'allimin Muh Yogyakarta | G158: ='BIO DATA'!J67 -> 2 | H158: ='BIO DATA'!N67 -> Batam | I158: ='BIO DATA'!Q67 -> 13 Oktober 2010 | J158: ='BIO DATA'!T67 -> Cendana Blok C-7 No. 3 RT 001 RW 023 Belian Batam Kota Kota Batam Kepulauan Riau 29464 | K158: ='BIO DATA'!AC67 -> Agus Darmoko | L158: - | M158: ='BIO DATA'!AJ67 -> Wiji Hastuti | N158: ='BIO DATA'!AO67 -> 0 | O158: ='BIO DATA'!AF67 -> Karyawan Swasta | P158: ='BIO DATA'!AM67 -> Ibu Rumah Tangga | Q158: -
B159: 9 | C159: ='BIO DATA'!D68 -> 11600 | D159: ='BIO DATA'!E68 -> 3110490065 | E159: ='BIO DATA'!F68 -> Farzan Naufal Hakam | F159: ='BIO DATA'!Z68 -> MTs Mu'allimin Muh Yogyakarta | G159: ='BIO DATA'!J68 -> 1 | H159: ='BIO DATA'!N68 -> Pangkalpinang | I159: ='BIO DATA'!Q68 -> 16 April 2011 | J159: ='BIO DATA'!T68 -> Jl. Imam Bonjol No. 74 RT 001 Bukit Betung Sungailiat Bangka Kepulauan Bangka Belitung 33215 | K159: ='BIO DATA'!AC68 -> Dedek Agus Kurniawan, SH., M. | L159: - | M159: ='BIO DATA'!AJ68 -> Nofa Yasibel FN | N159: ='BIO DATA'!AO68 -> 081279356726 | O159: ='BIO DATA'!AF68 -> PNS | P159: ='BIO DATA'!AM68 -> PNS | Q159: -
B160: 10 | C160: ='BIO DATA'!D69 -> 11604 | D160: ='BIO DATA'!E69 -> 0112667495 | E160: ='BIO DATA'!F69 -> Favian Raditya Muhammad | F160: ='BIO DATA'!Z69 -> MTs Mu'allimin Muh Yogyakarta | G160: ='BIO DATA'!J69 -> 2 | H160: ='BIO DATA'!N69 -> Solok | I160: ='BIO DATA'!Q69 -> 14 Februari 2011 | J160: ='BIO DATA'!T69 -> Jl. Puti Bungsu RT 003 RW 002 Nan Balimo Tanjung Harapan Kota Solok Sumatera Barat 27326 | K160: ='BIO DATA'!AC69 -> Armien Agus | L160: - | M160: ='BIO DATA'!AJ69 -> Armina | N160: ='BIO DATA'!AO69 -> 0 | O160: ='BIO DATA'!AF69 -> PNS | P160: ='BIO DATA'!AM69 -> PNS | Q160: -
B161: 11 | C161: ='BIO DATA'!D70 -> 11629 | D161: ='BIO DATA'!E70 -> 0114974224 | E161: ='BIO DATA'!F70 -> Hasbi Arfan Nicho Al Farisi | F161: ='BIO DATA'!Z70 -> MTs Mu'allimin Muh Yogyakarta | G161: ='BIO DATA'!J70 -> 1 | H161: ='BIO DATA'!N70 -> Lamongan | I161: ='BIO DATA'!Q70 -> 15 September 2011 | J161: ='BIO DATA'!T70 -> Lingkungan Gowah RT 001 RW 001 Blimbing Paciran Lamongan Jawa Timur 62264 | K161: ='BIO DATA'!AC70 -> Khoirul Anam | L161: - | M161: ='BIO DATA'!AJ70 -> Anita April Yani | N161: ='BIO DATA'!AO70 -> 0 | O161: ='BIO DATA'!AF70 -> Wiraswasta | P161: ='BIO DATA'!AM70 -> Guru | Q161: -
B162: 12 | C162: ='BIO DATA'!D71 -> 11640 | D162: ='BIO DATA'!E71 -> 3115043343 | E162: ='BIO DATA'!F71 -> Jibran Arga Hendraputra | F162: ='BIO DATA'!Z71 -> MTs Mu'allimin Muh Yogyakarta | G162: ='BIO DATA'!J71 -> 1 | H162: ='BIO DATA'!N71 -> Jakarta | I162: ='BIO DATA'!Q71 -> 3 Januari 2011 | J162: ='BIO DATA'!T71 -> Jl. KH. M. Usman Gg. Rawa Pule IV No. 6 RT 003 RW 002 Kukusan Beji Kota Depok Jawa Barat 16425 | K162: ='BIO DATA'!AC71 -> Muhammad Fadli Suhendra | L162: - | M162: ='BIO DATA'!AJ71 -> Annisa Waharyudisti | N162: ='BIO DATA'!AO71 -> 0 | O162: ='BIO DATA'!AF71 -> PNS | P162: ='BIO DATA'!AM71 -> Karyawan Swasta | Q162: -
... B169: 19 | C169: ='BIO DATA'!D78 -> 11707 | D169: ='BIO DATA'!E78 -> 0119240222 | E169: ='BIO DATA'!F78 -> Muhammad Fakhri Ahnaf | F169: ='BIO DATA'!Z78 -> MTs Mu'allimin Muh Yogyakarta | G169: ='BIO DATA'!J78 -> 2 | H169: ='BIO DATA'!N78 -> Gresik | I169: ='BIO DATA'!Q78 -> 22 Agustus 2011 | J169: ='BIO DATA'!T78 -> Jl. Blitar Raya No. 12 GKB RT 008 RW 006 Yosowilangun Manyar Gresik Jawa Timur 61151 | K169: ='BIO DATA'!AC78 -> Wasit Aulawi, SP | L169: - | M169: ='BIO DATA'!AJ78 -> Eko Wulansari | N169: ='BIO DATA'!AO78 -> 0 | O169: ='BIO DATA'!AF78 -> Karyawan BUMN | P169: ='BIO DATA'!AM78 -> Apoteker | Q169: -
M172: KELAS IV / X C
B173: No | C173: N I S | D173: NISN | E173: Nama | F173: Asal Sekolah | G173: Anak Ke | H173: KELAHIRAN | J173: Alamat | K173: NAMA ORANG TUA DAN NO TELP./HP | O173: PEKERJAAN | Q173: KET/NO. IJZH
H174: Tempat | I174: Tanggal | K174: Ayah | L174: Ayah | M174: Ibu | N174: HP Ibu | O174: Ayah | P174: Ibu
B175: 20 | C175: ='BIO DATA'!D79 -> 11710 | D175: ='BIO DATA'!E79 -> 0113536914 | E175: ='BIO DATA'!F79 -> Muhammad Farhan Al Arsyad | F175: ='BIO DATA'!Z79 -> MTs Mu'allimin Muh Yogyakarta | G175: ='BIO DATA'!J79 -> 1 | H175: ='BIO DATA'!N79 -> Palembang | I175: ='BIO DATA'!Q79 -> 21 Juni 2011 | J175: ='BIO DATA'!T79 -> Jl. Inspektur Marzuki No 1139 RT 001 RW 006 Siringagung Ilir Barat Satu Kota Palembang Sumatera Selatan 30138 | K175: ='BIO DATA'!AC79 -> Fitrah Hidayat | L175: - | M175: ='BIO DATA'!AJ79 -> Dian Novi Arni | N175: ='BIO DATA'!AO79 -> 081373091006 | O175: ='BIO DATA'!AF79 -> Pedagang | P175: ='BIO DATA'!AM79 -> Ibu Rumah Tangga | Q175: -
B176: 21 | C176: ='BIO DATA'!D80 -> 11715 | D176: ='BIO DATA'!E80 -> 0119447434 | E176: ='BIO DATA'!F80 -> Muhammad Hafiz Firdaus | F176: ='BIO DATA'!Z80 -> MTs Mu'allimin Muh Yogyakarta | G176: ='BIO DATA'!J80 -> 4 | H176: ='BIO DATA'!N80 -> Balikpapan | I176: ='BIO DATA'!Q80 -> 23 April 2011 | J176: ='BIO DATA'!T80 -> Jl. GnSatu No 07 Margo Mulyo Balikpapan Barat Kota Balikpapan Kalimantan Timur 76111 | K176: ='BIO DATA'!AC80 -> Asril Budi Mulyono | L176: - | M176: ='BIO DATA'!AJ80 -> Irobbil Alamin | N176: ='BIO DATA'!AO80 -> 0 | O176: ='BIO DATA'!AF80 -> Pedagang | P176: ='BIO DATA'!AM80 -> Ibu Rumah Tangga | Q176: -
B177: 22 | C177: ='BIO DATA'!D81 -> 11719 | D177: ='BIO DATA'!E81 -> 0105201860 | E177: ='BIO DATA'!F81 -> Muhammad Haidzar Qudwa | F177: ='BIO DATA'!Z81 -> MTs Mu'allimin Muh Yogyakarta | G177: ='BIO DATA'!J81 -> 3 | H177: ='BIO DATA'!N81 -> Blitar | I177: ='BIO DATA'!Q81 -> 8 Juli 2010 | J177: ='BIO DATA'!T81 -> JL. Kalioyo No 4 Tanjungsari Sukorejo Kota Blitar Jawa Timur 66122 | K177: ='BIO DATA'!AC81 -> Ali Wahono | L177: - | M177: ='BIO DATA'!AJ81 -> Bekti Ningrum | N177: ='BIO DATA'!AO81 -> 0 | O177: ='BIO DATA'!AF81 -> Karyawan Swasta | P177: ='BIO DATA'!AM81 -> PNS | Q177: -
B178: 23 | C178: ='BIO DATA'!D82 -> 11720 | D178: ='BIO DATA'!E82 -> 0119934703 | E178: ='BIO DATA'!F82 -> Muhammad Haydar Arief | F178: ='BIO DATA'!Z82 -> MTs Mu'allimin Muh Yogyakarta | G178: ='BIO DATA'!J82 -> 1 | H178: ='BIO DATA'!N82 -> Pekalongan | I178: ='BIO DATA'!Q82 -> 15 Januari 2011 | J178: ='BIO DATA'!T82 -> Jl. Piramida No 7 Perum Limas RT 001 RW 018 Krapyak Pekalongan Barat Kota Pekalongan Jawa Tengah 51147 | K178: ='BIO DATA'!AC82 -> Mokhamad Arifin | L178: - | M178: ='BIO DATA'!AJ82 -> Eti Widyaningsih | N178: ='BIO DATA'!AO82 -> 0 | O178: ='BIO DATA'!AF82 -> Karyawan Swasta | P178: ='BIO DATA'!AM82 -> PNS | Q178: -
B179: 24 | C179: ='BIO DATA'!D83 -> 11723 | D179: ='BIO DATA'!E83 -> 0114662442 | E179: ='BIO DATA'!F83 -> Muhammad Kafi | F179: ='BIO DATA'!Z83 -> MTs Mu'allimin Muh Yogyakarta | G179: ='BIO DATA'!J83 -> 3 | H179: ='BIO DATA'!N83 -> Bantul | I179: ='BIO DATA'!Q83 -> 30 April 2011 | J179: ='BIO DATA'!T83 -> Kauman GM 1/35 RT 034 RW 010 Ngupasan Gondomanan Kota Yogyakarta DIY 55122 | K179: ='BIO DATA'!AC83 -> Suhaji Medi Santoso | L179: - | M179: ='BIO DATA'!AJ83 -> Bir'ah Hidayati | N179: ='BIO DATA'!AO83 -> 0 | O179: ='BIO DATA'!AF83 -> Karyawan Swasta | P179: ='BIO DATA'!AM83 -> Karyawan Swasta | Q179: -
B180: 25 | C180: ='BIO DATA'!D84 -> 11724 | D180: ='BIO DATA'!E84 -> 0101712556 | E180: ='BIO DATA'!F84 -> Muhammad Luthfi Akmal | F180: ='BIO DATA'!Z84 -> MTs Mu'allimin Muh Yogyakarta | G180: ='BIO DATA'!J84 -> 2 | H180: ='BIO DATA'!N84 -> Blora | I180: ='BIO DATA'!Q84 -> 9 Agustus 2010 | J180: ='BIO DATA'!T84 -> Jl. Halmahera LR 1 RT 003 RW 001 Tambahrejo Blora Jawa Tengah | K180: ='BIO DATA'!AC84 -> Moh. Khomsin | L180: - | M180: ='BIO DATA'!AJ84 -> Sora Indhningtyas | N180: ='BIO DATA'!AO84 -> 0 | O180: ='BIO DATA'!AF84 -> PNS | P180: ='BIO DATA'!AM84 -> PNS | Q180: -
B181: 26 | C181: ='BIO DATA'!D85 -> 11788 | D181: ='BIO DATA'!E85 -> 0113679956 | E181: ='BIO DATA'!F85 -> Randi Fatih Elfarezi | F181: ='BIO DATA'!Z85 -> MTs Mu'allimin Muh Yogyakarta | G181: ='BIO DATA'!J85 -> 1 | H181: ='BIO DATA'!N85 -> Pekalongan | I181: ='BIO DATA'!Q85 -> 17 Januari 2011 | J181: ='BIO DATA'!T85 -> Wuled RT 001 RW 002 Tirto Pekalongan Jawa Tengah 51151 | K181: ='BIO DATA'!AC85 -> Nur Yasin | L181: - | M181: ='BIO DATA'!AJ85 -> Elya Agustina | N181: ='BIO DATA'!AO85 -> 0 | O181: ='BIO DATA'!AF85 -> Karyawan Swasta | P181: ='BIO DATA'!AM85 -> Ibu Rumah Tangga | Q181: -
B182: 27 | C182: ='BIO DATA'!D86 -> 11789 | D182: ='BIO DATA'!E86 -> 0114233520 | E182: ='BIO DATA'!F86 -> Rangga Putra Atmaji | F182: ='BIO DATA'!Z86 -> MTs Mu'allimin Muh Yogyakarta | G182: ='BIO DATA'!J86 -> 1 | H182: ='BIO DATA'!N86 -> Sleman | I182: ='BIO DATA'!Q86 -> 26 Maret 2011 | J182: ='BIO DATA'!T86 -> Kloposawit RT 001 RW 005 Girikerto Turi Sleman DIY 55551 | K182: ='BIO DATA'!AC86 -> Wahyu Budiatmaji, SE | L182: - | M182: ='BIO DATA'!AJ86 -> Kurnia Rahmawati | N182: ='BIO DATA'!AO86 -> 081217824687 | O182: ='BIO DATA'!AF86 -> Polri | P182: ='BIO DATA'!AM86 -> Wiraswasta | Q182: -
B183: 28 | C183: ='BIO DATA'!D87 -> 11798 | D183: ='BIO DATA'!E87 -> 0114121536 | E183: ='BIO DATA'!F87 -> Rizqi Adhitia Rahman | F183: ='BIO DATA'!Z87 -> MTs Mu'allimin Muh Yogyakarta | G183: ='BIO DATA'!J87 -> 2 | H183: ='BIO DATA'!N87 -> Kotawarigin Barat | I183: ='BIO DATA'!Q87 -> 21 April 2011 | J183: ='BIO DATA'!T87 -> Jln. Sultan Imanuddin GG. Nangka No.2 Madurejo Arut Selatan Kotawaringin Barat Klaimantan Tengah 74111 | K183: ='BIO DATA'!AC87 -> Sholikin, S. Kep. | L183: - | M183: ='BIO DATA'!AJ87 -> Roliana | N183: ='BIO DATA'!AO87 -> 0 | O183: ='BIO DATA'!AF87 -> PNS | P183: ='BIO DATA'!AM87 -> PNS | Q183: -
B184: 29 | C184: ='BIO DATA'!D88 -> 11799 | D184: ='BIO DATA'!E88 -> 0116674440 | E184: ='BIO DATA'!F88 -> Rizqi Syifa Al Furqon | F184: ='BIO DATA'!Z88 -> MTs Mu'allimin Muh Yogyakarta | G184: ='BIO DATA'!J88 -> 1 | H184: ='BIO DATA'!N88 -> Balikpapan | I184: ='BIO DATA'!Q88 -> 5 Juli 2011 | J184: ='BIO DATA'!T88 -> Jl. Rapak Indah Perum PLN Blok C - 45 RT 049 Lok Bahu Sungai Kunjang Kota Samarinda Kalimantan Timur 75125 | K184: ='BIO DATA'!AC88 -> Samsul Arifin | L184: - | M184: ='BIO DATA'!AJ88 -> Iken Dwi Puspitorini | N184: ='BIO DATA'!AO88 -> 081347220915 | O184: ='BIO DATA'!AF88 -> Karyawan BUMN | P184: ='BIO DATA'!AM88 -> Ibu Rumah Tangga | Q184: -
B185: 30 | C185: ='BIO DATA'!D89 -> 11814 | D185: ='BIO DATA'!E89 -> 0102164059 | E185: ='BIO DATA'!F89 -> Tegar Yudha Satria Pratama | F185: ='BIO DATA'!Z89 -> MTs Mu'allimin Muh Yogyakarta | G185: ='BIO DATA'!J89 -> 1 | H185: ='BIO DATA'!N89 -> Bantul | I185: ='BIO DATA'!Q89 -> 11 Mei 2010 | J185: ='BIO DATA'!T89 -> Ketanggungan WB 2/650 RT 038 RW 008 Wirobrajan Kota Yogyakarta DIY 55252 | K185: ='BIO DATA'!AC89 -> Nurachmad Yulfarianto | L185: - | M185: ='BIO DATA'!AJ89 -> Asnunik | N185: ='BIO DATA'!AO89 -> 087839256901 | O185: ='BIO DATA'!AF89 -> Karyawan Swasta | P185: ='BIO DATA'!AM89 -> Karyawan Swasta | Q185: -
B186: 31 | C186: ='BIO DATA'!D90 -> 11827 | D186: ='BIO DATA'!E90 -> 0101394021 | E186: ='BIO DATA'!F90 -> Zakiy Mustofa | F186: ='BIO DATA'!Z90 -> MTs Mu'allimin Muh Yogyakarta | G186: ='BIO DATA'!J90 -> 2 | H186: ='BIO DATA'!N90 -> Klaten | I186: ='BIO DATA'!Q90 -> 8 November 2010 | J186: ='BIO DATA'!T90 -> Ngaglik RT 002 RW 003 Manjung Ngawen Klaten Jawa Tengah 57466 | K186: ='BIO DATA'!AC90 -> Joko Haryono | L186: - | M186: ='BIO DATA'!AJ90 -> Sukartini | N186: ='BIO DATA'!AO90 -> 0 | O186: ='BIO DATA'!AF90 -> Pedagang | P186: ='BIO DATA'!AM90 -> Karyawan Swasta | Q186: -
B187: 32 | C187: ='BIO DATA'!D91 -> 11832 | D187: ='BIO DATA'!E91 -> 0115769558 | E187: ='BIO DATA'!F91 -> Zufar Farros Susilo Prabowo | F187: ='BIO DATA'!Z91 -> MTs Mu'allimin Muh Yogyakarta | G187: ='BIO DATA'!J91 -> 1 | H187: ='BIO DATA'!N91 -> Yogyakarta | I187: ='BIO DATA'!Q91 -> 17 Juni 2011 | J187: ='BIO DATA'!T91 -> Kajen RT 001 Bangunjiwo Kasihan Bantul DIY 55184 | K187: ='BIO DATA'!AC91 -> Wawan Suharyanto | L187: - | M187: ='BIO DATA'!AJ91 -> Ernawati Susilaningsih | N187: ='BIO DATA'!AO91 -> 081328253283 | O187: ='BIO DATA'!AF91 -> Karyawan Swasta | P187: ='BIO DATA'!AM91 -> Wiraswasta | Q187: -
B211: DATA SISWA KELAS IV / X D
B212: MADRASAH MU'ALLIMIN MUHAMMADIYAH YOGYAKARTA
B213: TAHUN PELAJARAN 2026/2027
...
