Workbook

Sheet BIO DATA
A1: NO | B1: ASAL | C1: PARALEL | D1: NIS | E1: NISN | F1: NAMA SISWA | G1: TGL MASUK | H1: TAHUN IJAZAH | I1: NO IJAZAH | J1: Anak Ke | K1: Jml Saudara | L1: Nomor Pendaftaran | M1: Jenis Kelamin | N1: TEMPAT LAHIR | O1: TANGGAL LAHIR | P1: TANGGAL LAHIR1 | R1: NIK ANAK | S1: Agama | T1: ALAMAT | U1: KODE POS | V1: KELURAHAN | W1: KECAMATAN | X1: Kabupaten/kota | Y1: Provinsi | Z1: Asal Sekolah | AA1: Alamat Sekolah | AB1: Prestasi | AC1: Nama Ayah | AD1: Agama Ayah | AE1: Pendidikan | AF1: Pekerjaan | AG1: Penghasilan | AH1: Telp | AI1: Email | AJ1: Nama Ibu | AK1: Agama Ibu | AL1: Pendidikan | AM1: Pekerjaan1 | AN1: Penghasilan | AO1: Telp1 | AP1: Email | AQ1: KK | AR1: NIK AYAH | AS1: TEMPAT LAHIR AYAH | AT1: TGL LAHIR AYAH | AV1: NIK IBU | AW1: TEMPAT LAHIR IBU | AX1: TGL LAHIR IBU | AZ1: Nama Wali | BA1: Agama Wali | BB1: Pendidikan2 | BC1: Pekerjaan2 | BD1: Alamat Wali | BE1: Penghasilan2 | BF1: Telp2 | BG1: Email2 | BH1: Nama WK | BI1: NBM WK | BJ1: Nama Direktur | BK1: NBM/NIP.
A2: 1 | B2: G | C2: A | D2: 10886 | E2: 0082005792 | F2: Ahmad Abrisam Awaluddin Fadlur Rahman | G2: 10 Juli 2021 | H2: 2021 | J2: 1 | M2: Laki-laki | N2: Surabaya | O2: 39612 | P2: 13 Juni 2008 | S2: Islam | T2: Jl. Jemurwonosari Gang I No 16 B Wonocolo Surabaya Jawa Timur | U2: 60237 | V2: Jemursari | W2: Wonocolo | X2: Surabaya | Y2: Jawa Timur | Z2: MTs Mu'allimin Muh. Yogyakarta | AA2: Jl. Letjend. S. Parman No. 68 Yogyakarta | AC2: Mukhlasin, ST., M.Pd. | AD2: Islam | AE2: S2 | AF2: Guru | AH2: 08231838805 | AJ2: Luklu'ul Islamiyati | AK2: Islam | AL2: S1 | AM2: Guru | AO2: 081357567445 | BA2: Islam | BH2: Ikhwanuddin, S.H.I., M.S.I. | BI2: 861141 | BJ2: Dr. Mhd. Lailan Arqam, M.Pd. | BK2: - / 895 833
A3: 2 | B3: H | C3: A | D3: 10907 | E3: 0081641644 | F3: Arash Fardad Muhammad Fateh | G3: 10 Juli 2021 | H3: 2021 | J3: 1 | K3: 2 | M3: Laki-laki | N3: Magelang | O3: 39630 | P3: 01 Juli 2008 | R3: 3308080107080005 | S3: Islam | T3: Mingking Sokorini Muntilan Kab. Magelang Jawa Tengah 56451 | U3: 56451 | V3: Sokorini | W3: Muntilan | X3: Magelang | Y3: Jawa Tengah | Z3: MTs Mu'allimin Muh. Yogyakarta | AA3: Jl. Letjend. S. Parman No. 68 Yogyakarta | AC3: Ahmad Abdul Jabar | AD3: Islam | AE3: S1 | AF3: Wiraswasta | AH3: 081328054592 | AJ3: Lestari Ningsih | AK3: Islam | AL3: Diploma | AM3: Wiraswasta | AO3: 085867153432 | AQ3: 3308082010120038 | AR3: 3308081607740003 | AS3: Magelang | AT3: 27226 | AV3: 3308084804840003 | AW3: Magelang | AX3: 4/8/1884 | BA3: Islam | BH3: Ikhwanuddin, S.H.I., M.S.I. | BI3: 861142 | BJ3: H. Aly Aulia, Lc. M. Hum. | BK3: - / 865 966
A4: 3 | B4: D | C4: A | D4: 10908 | E4: 0089552731 | F4: Ardiansyah Rafi Ramadhan | G4: 10 Juli 2021 | H4: 2021 | J4: 1 | M4: Laki-laki | N4: Yogyakarta | O4: 39693 | P4: 02 September 2008 | S4: Islam | T4: Warungboto, Umbulharjo 4 RT 31 RW 08 No 868 Kota Yogyakarta DI Yogyakarta | U4: 55164 | V4: Warungboto | W4: Umbulharjo | X4: Kota Yogyakarta | Y4: DI Yogyakarta | Z4: MTs Mu'allimin Muh. Yogyakarta | AA4: Jl. Letjend. S. Parman No. 68 Yogyakarta | AC4: Muhammad Ma'ruf | AD4: Islam | AF4: Wiraswasta | AH4: 085225099962 | AJ4: Masni Djaapar Talu | AK4: Islam | AM4: Lainnya | AO4: 085225099962 | BA4: Islam | BH4: Ikhwanuddin, S.H.I., M.S.I. | BI4: 861143 | BJ4: H. Aly Aulia, Lc. M. Hum. | BK4: - / 865 966
A5: 4 | B5: H | C5: A | D5: 10930 | E5: 3081859596 | F5: Bagus Murtadha Ayyasy Putra Amin | G5: 10 Juli 2021 | H5: 2021 | J5: 4 | M5: Laki-laki | N5: Wonosobo | O5: 39690 | P5: 30 Agustus 2008 | S5: Islam | T5: Tuksari Kejajar Wonosobo Jawa Tengah | U5: 56314 | V5: Tuksari | W5: Kejajar | X5: Wonosobo | Y5: Jawa Tengah | Z5: MTs Mu'allimin Muh. Yogyakarta | AA5: Jl. Letjend. S. Parman No. 68 Yogyakarta | AC5: Aminudin | AD5: Islam | AF5: Wiraswasta | AH5: 081327491584 | AJ5: Isti Rofah | AK5: Islam | AM5: PNS | AO5: 081327491584 | BA5: Islam | BH5: Ikhwanuddin, S.H.I., M.S.I. | BI5: 861144 | BJ5: H. Aly Aulia, Lc. M. Hum. | BK5: - / 865 966
A6: 5 | B6: B | C6: A | D6: 10973 | E6: 0094471717 | F6: Fathurrahman Al-Mumtaz | G6: 10 Juli 2021 | H6: 2021 | J6: 2 | K6: 1 | M6: Laki-laki | N6: Semarang | O6: 39986 | P6: 22 Juni 2009 | S6: Islam | T6: Pedukuhan Senuko Sidoagung Godean Sleman DI Yogyakarta | U6: 55264 | V6: Sidoagung | W6: Godean | X6: Sleman | Y6: DI Yogyakarta | Z6: MTs Mu'allimin Muh. Yogyakarta | AA6: Jl. Letjend. S. Parman No. 68 Yogyakarta | AC6: H. Eva Kumala Pontas, ST | AD6: Islam | AE6: S1 | AF6: Wiraswasta | AG6: Rp. 2.000.000,- s/d Rp. 5.000.000,- | AH6: 081215951700 | AI6: tu2t_romadhon@yahoo.co.id | AJ6: Hj. Hastuti Ramadhana, SE., SH., MH | AK6: Islam | AL6: S2 | AM6: PNS | AN6: di atas Rp. 5.000.000,- | AO6: 081228100684 | AP6: hastuti.ramadhana20@gmail.com | AS6: Sragen | AT6: 27121 | AW6: Yogyakarta | AX6: 27292 | BA6: Islam | BH6: Ikhwanuddin, S.H.I., M.S.I. | BI6: 861145 | BJ6: H. Aly Aulia, Lc. M. Hum. | BK6: - / 865 966
A7: 6 | B7: H | C7: A | D7: 10975 | E7: 0091610526 | F7: Fatih Fazliansyah | G7: 10 Juli 2021 | H7: 2021 | J7: 1 | M7: Laki-laki | N7: Tangerang | O7: 39913 | P7: 10 April 2009 | S7: Islam | T7: Jl. Masjid Baiturrahman Porisgaga Baru Batu Ceper Tangerang Banten | U7: 15122 | V7: Porisgaga Baru | W7: Batu Ceper | X7: Tangerang | Y7: Banten | Z7: MTs Mu'allimin Muh. Yogyakarta | AA7: Jl. Letjend. S. Parman No. 68 Yogyakarta | AC7: Firmansyah | AD7: Islam | AF7: Wiraswasta | AH7: 083807281732 | AJ7: Nurkoyimah | AK7: Islam | AM7: Wiraswasta | AO7: 083899511744 | BA7: Islam | BH7: Ikhwanuddin, S.H.I., M.S.I. | BI7: 861146 | BJ7: H. Aly Aulia, Lc. M. Hum. | BK7: - / 865 966
A8: 7 | B8: D | C8: A | D8: 10986 | E8: 0081988453 | F8: Ghatfan Muhammad Attar | G8: 10 Juli 2021 | H8: 2021 | J8: 3 | K8: 2 | M8: Laki-laki | N8: Bekasi | O8: 39719 | P8: 28 September 2008 | R8: 3216062809080002 | S8: Islam | T8: Jl. Gambir Sawit No. 18B 042/011 Pandeyan Umbulharjo Kota Yogyakarta DIY 55161 | U8: 55161 | V8: Pandeyan | W8: Umbulharjo | X8: Kota Yogyakarta | Y8: DI Yogyakarta | Z8: MTs Mu'allimin Muh. Yogyakarta | AA8: Jl. Letjend. S. Parman No. 68 Yogyakarta | AC8: Bambang Margarita, A.Md. | AD8: Islam | AE8: Diploma | AF8: Lainnya | AH8: 087796959161 | AJ8: Ambar Herawati | AK8: Islam | AL8: S1 | AM8: PNS | AO8: 085927465293 | AQ8: 3471130311150004 | AV8: 3218066211740013 | AW8: Gunungkidul | AX8: 27355 | BA8: Islam | BH8: Ikhwanuddin, S.H.I., M.S.I. | BI8: 861147 | BJ8: H. Aly Aulia, Lc. M. Hum. | BK8: - / 865 966
A9: 8 | B9: G | C9: A | D9: 10989 | E9: 0092583854 | F9: Ghozi Yazid Rahman | G9: 10 Juli 2021 | H9: 2021 | J9: 2 | M9: Laki-laki | N9: Purworejo | O9: 39821 | P9: 08 Januari 2009 | S9: Islam | T9: Jl. Gatot Subroto No. 461 Keseneng Purworejo Jawa Tengah | U9: 54181 | V9: Keseneng | W9: Purworejo | X9: Purworejo | Y9: Jawa Tengah | Z9: MTs Mu'allimin Muh. Yogyakarta | AA9: Jl. Letjend. S. Parman No. 68 Yogyakarta | AC9: Bakhruni Rakhman | AD9: Islam | AF9: Lainnya | AH9: 08122725844 | AJ9: Yulia Kurniawati | AK9: Islam | AM9: Lainnya | AO9: 081227851780 | BA9: Islam | BH9: Ikhwanuddin, S.H.I., M.S.I. | BI9: 861148 | BJ9: H. Aly Aulia, Lc. M. Hum. | BK9: - / 865 966
A10: 9 | B10: F | C10: A | D10: 10997 | E10: 0094445811 | F10: Hibban Ammar Ismail | G10: 10 Juli 2021 | H10: 2021 | J10: 1 | K10: 1 | M10: Laki-laki | N10: Yogyakarta | O10: 39705 | P10: 14 September 2008 | R10: 3402161409080004 | S10: Islam | T10: Jl. Wates No. 171 Rejodadi DK. XI Ngestiharjo Kasihan Bantul DI Yogyakarta 55181 | U10: 55181 | V10: Ngestiharjo | W10: Kasihan | X10: Bantul | Y10: DI Yogyakarta | Z10: MTs Mu'allimin Muh. Yogyakarta | AA10: Jl. Letjend. S. Parman No. 68 Yogyakarta | AC10: Mustafa Ismail | AD10: Islam | AE10: S1 | AF10: Karyawan Swasta | AH10: 081392565639 | AJ10: Prihatini Dwi Lestari | AK10: Islam | AL10: S1 | AM10: PNS | AO10: 081328797228 | AQ10: 3402160108090001 | AR10: 3402162103670003 | AS10: Bantul | AT10: 24552 | AV10: 3402164612730001 | AW10: Kulon Progo | AX10: 27004 | BA10: Islam | BH10: Ikhwanuddin, S.H.I., M.S.I. | BI10: 861149 | BJ10: H. Aly Aulia, Lc. M. Hum. | BK10: - / 865 966
A11: 10 | B11: C | C11: A | D11: 11002 | E11: 0086260742 | F11: Imaduddin Aufal Marom | G11: 10 Juli 2021 | H11: 2021 | J11: 3 | M11: Laki-laki | N11: Kulon Progo | O11: 39764 | P11: 12 November 2008 | S11: Islam | T11: Margosari Pengasih Kulon Progo DI Yogyakarta | U11: 55652 | V11: Margosari | W11: Pengasih | X11: Kulon Progo | Y11: DI Yogyakarta | Z11: MTs Mu'allimin Muh. Yogyakarta | AA11: Jl. Letjend. S. Parman No. 68 Yogyakarta | AC11: Djama'ah | AD11: Islam | AF11: PNS | AH11: 08122952085 | AJ11: Endang Puji Astuti | AK11: Islam | AM11: Lainnya | AO11: 081335330491 | BA11: Islam | BH11: Ikhwanuddin, S.H.I., M.S.I. | BI11: 861150 | BJ11: H. Aly Aulia, Lc. M. Hum. | BK11: - / 865 966
A12: 11 | B12: C | C12: A | D12: 11020 | E12: 0107989881 | F12: M. Kasyfi Rahman | G12: 10 Juli 2021 | H12: 2021 | J12: 3 | M12: Laki-laki | N12: Kota Medan | O12: 40221 | P12: 12 Februari 2010 | S12: Islam | T12: Jl. Jermal IV No 18 LK IV Denai Medan Denai Kota Medan Sumatera Utara | U12: 20227 | V12: Denai | W12: Medan Denai | X12: Kota Medan | Y12: Sumatera Utara | Z12: MTs Mu'allimin Muh. Yogyakarta | AA12: Jl. Letjend. S. Parman No. 68 Yogyakarta | AC12: Rafdinal S.Sos., MAP | AD12: Islam | AF12: Guru | AH12: 081260931435 | AJ12: Fitri Hidayati, S.Ag. | AK12: Islam | AM12: Lainnya | AO12: 081260931518 | BA12: Islam | BH12: Ikhwanuddin, S.H.I., M.S.I. | BI12: 861151 | BJ12: H. Aly Aulia, Lc. M. Hum. | BK12: - / 865 966
A13: 12 | B13: B | C13: A | D13: 11030 | E13: 0088996299 | F13: Miqdad | G13: 10 Juli 2021 | H13: 2021 | J13: 1 | K13: 2 | M13: Laki-laki | N13: Kulon Progo | O13: 39737 | P13: 16 Oktober 2008 | S13: Islam | T13: Sigran Dk.1 Tirtorahayu Galur Kulon Progo DI Yogyakarta 55661 | U13: 55661 | V13: Tirtorahayu | W13: Galur | X13: Kulon Progo | Y13: DI Yogyakarta | Z13: MTs Mu'allimin Muh. Yogyakarta | AA13: Jl. Letjend. S. Parman No. 68 Yogyakarta | AC13: Dwi Purwanto | AD13: Islam | AE13: SMP | AF13: Wiraswasta | AG13: di atas Rp. 5.000.000,- | AH13: 087739508999 | AI13: dpurwanto11@gmail.com | AJ13: Siti Maimunah | AK13: Islam | AL13: SMA | AM13: Lainnya | AN13: di bawah Rp. 2.000.000,- | AO13: 085292700115 | AS13: Kulon Progo | AT13: 30524 | AW13: Kulon Progo | AX13: 30101 | BA13: Islam | BH13: Ikhwanuddin, S.H.I., M.S.I. | BI13: 861152 | BJ13: H. Aly Aulia, Lc. M. Hum. | BK13: - / 865 966
A14: 13 | B14: C | C14: A | D14: 11031 | E14: 0094351972 | F14: Miqdad Nasrullah Ali | G14: 10 Juli 2021 | H14: 2021 | J14: 2 | M14: Laki-laki | N14: Yogyakarta | O14: 39847 | P14: 03 Februari 2009 | S14: Islam | T14: Jl. Nyi Pembayun 21 Prenggan Kotagede Kota Yogyakarta DI Yogyakarta | U14: 55172 | V14: Prenggan | W14: Kotagede | X14: Kota Yogyakarta | Y14: DI Yogyakarta | Z14: MTs Mu'allimin Muh. Yogyakarta | AA14: Jl. Letjend. S. Parman No. 68 Yogyakarta | AC14: AliYusuf, S.Th.I., M.Hum. | AD14: Islam | AF14: Dosen | AH14: 08562598433 | AJ14: Nishatin Ma'rifah, S.Pd.I. | AK14: Islam | AM14: PNS | AO14: 0895605910947 | BA14: Islam | BH14: Ikhwanuddin, S.H.I., M.S.I. | BI14: 861153 | BJ14: H. Aly Aulia, Lc. M. Hum. | BK14: - / 865 966
A15: 14 | B15: E | C15: A | D15: 11033 | E15: 0083979403 | F15: Moch. Gaidan Fahdani Ramadhan | G15: 10 Juli 2021 | H15: 2021 | J15: 2 | K15: 2 | M15: Laki-laki | N15: Bojonegoro | O15: 39720 | P15: 29 September 2008 | S15: Islam | T15: Ds. Sumengko RT 01/RW 01, Sumengku, Kec. Kalitidu, Kab. Bojonegoro, Jawa Timur 62152 | U15: 62152 | V15: Sumengku | W15: Kalitidu | X15: Bojonegoro | Y15: Jawa Timur | Z15: MTs Mu'allimin Muh. Yogyakarta | AA15: Jl. Letjend. S. Parman No. 68 Yogyakarta | AC15: Oko Hermawan | AD15: Islam | AE15: S1 | AF15: PNS | AH15: 081252129190 | AJ15: Nur Hafifah | AK15: Islam | AL15: SMA | AM15: Ibu Rumah Tangga | AO15: 082140944669 | AQ15: 3522161703080276 | AR15: 3522162810790003 | AS15: Bojonegoro | AT15: 29156 | AV15: 3522166507830003 | AW15: Banyuwangi | AX15: 30522 | BA15: Islam | BH15: Ikhwanuddin, S.H.I., M.S.I. | BI15: 861154 | BJ15: H. Aly Aulia, Lc. M. Hum. | BK15: - / 865 966
A16: 15 | B16: G | C16: A | D16: 11035 | E16: 0084580973 | F16: Mohammad Hamzah Raza Alfaridzi | G16: 10 Juli 2021 | H16: 2021 | J16: 1 | M16: Laki-laki | N16: Banyuwangi | O16: 39762 | P16: 10 November 2008 | S16: Islam | T16: Jl. Karimunjawa No. 28 Lateng Banyuwangi Jawa Timur | U16: 68413 | V16: Lateng | W16: Banyuwangi | X16: Banyuwangi | Y16: Jawa Timur | Z16: MTs Mu'allimin Muh. Yogyakarta | AA16: Jl. Letjend. S. Parman No. 68 Yogyakarta | AC16: Mohammad Mahyuddin Mirza | AD16: Islam | AF16: Wiraswasta | AH16: 081336153777 | AJ16: Dwi Mira Fiorita | AK16: Islam | AM16: Wiraswasta | AO16: 081336153777 | BA16: Islam | BH16: Ikhwanuddin, S.H.I., M.S.I. | BI16: 861155 | BJ16: H. Aly Aulia, Lc. M. Hum. | BK16: - / 865 966
A17: 16 | B17: C | C17: A | D17: 11038 | E17: 0092810141 | F17: Mozavy Rafsanjani | G17: 10 Juli 2021 | H17: 2021 | J17: 2 | M17: Laki-laki | N17: Labuan Bajo | O17: 40026 | P17: 01 Agustus 2009 | S17: Islam | T17: Jl. Soekarno Hatta, Kel. Labuan Bajo, Kec. Komodo, Kab. Manggarai Barat, NTT | U17: 86754 | V17: Labuan Bajo | W17: Komodo | X17: Manggarai Barat | Y17: Nusa Tenggara Timur | Z17: MTs Mu'allimin Muh. Yogyakarta | AA17: Jl. Letjend. S. Parman No. 68 Yogyakarta | AC17: Suwandhy | AD17: Islam | AF17: Wiraswasta | AH17: 081267111653 | AJ17: Marna Wati | AK17: Islam | AM17: Lainnya | AO17: 081238700881 | BA17: Islam | BH17: Ikhwanuddin, S.H.I., M.S.I. | BI17: 861156 | BJ17: H. Aly Aulia, Lc. M. Hum. | BK17: - / 865 966
A18: 17 | B18: D | C18: A | D18: 11065 | E18: 0098148727 | F18: Muhammad Fadhil Gadaffi | G18: 10 Juli 2021 | H18: 2021 | J18: 1 | K18: 1 | M18: Laki-laki | N18: Magelang | O18: 40128 | P18: 11 November 2009 | R18: 3371031111090001 | S18: Islam | T18: Jl. Raya Magelang-Semarang Km. 9,5 Sidosari Secang Magelang Jawa Tengah | U18: 56127 | V18: Sidosari | W18: Secang | X18: Magelang | Y18: Jawa Tengah | Z18: MTs Mu'allimin Muh. Yogyakarta | AA18: Jl. Letjend. S. Parman No. 68 Yogyakarta | AC18: Eri Budi Sudarmadi | AD18: Islam | AE18: Diploma | AF18: Wiraswasta | AH18: 085226406557 | AJ18: Lina Arum Sari | AK18: Islam | AL18: SMA | AM18: Ibu Rumah Tangga | AO18: 085226406557 | AQ18: 3371030701110001 | AR18: 3371011302790001 | AS18: Magelang | AT18: 28899 | AV18: 337102 | AW18: Magelang | BA18: Islam | BH18: Ikhwanuddin, S.H.I., M.S.I. | BI18: 861157 | BJ18: H. Aly Aulia, Lc. M. Hum. | BK18: - / 865 966
A19: 18 | B19: E | C19: A | D19: 11078 | E19: 0087662840 | F19: Muhammad Hafiizh Vernardyansyah | G19: 10 Juli 2021 | H19: 2021 | J19: 1 | K19: 1 | M19: Laki-laki | N19: Bantul | O19: 39724 | P19: 03 Oktober 2008 | R19: 3402160310080001 | S19: Islam | T19: Salam Bangunjiwo Kasihan Bantul DI Yogyakarta 55184 | U19: 55184 | V19: Bangunjiwo | W19: Kasihan | X19: Bantul | Y19: DI Yogyakarta | Z19: MTs Mu'allimin Muh. Yogyakarta | AA19: Jl. Letjend. S. Parman No. 68 Yogyakarta | AC19: Sunardiyono | AD19: Islam | AE19: Diploma | AF19: Guru | AH19: 087738384327 | AJ19: Dyah Harini, ST | AK19: Islam | AL19: S1 | AM19: PNS | AO19: 087738467267 | AQ19: 3402161306110016 | AR19: 3402161104800003 | AS19: Bantul | AT19: 29322 | AV19: 3402166706810005 | AW19: Bantul | AX19: 29764 | BA19: Islam | BH19: Ikhwanuddin, S.H.I., M.S.I. | BI19: 861158 | BJ19: H. Aly Aulia, Lc. M. Hum. | BK19: - / 865 966
A20: 19 | B20: J | C20: A | D20: 11087 | E20: 0084424612 | F20: Muhammad Luthfi Kurniawan | G20: 10 Juli 2021 | H20: 2021 | J20: 1 | M20: Laki-laki | N20: Yogyakarta | O20: 39686 | P20: 26 Agustus 2008 | S20: Islam | T20: Sutopadan, Ngestiharjo, Kasihan, Bantul DI Yogyakarta | U20: 55184 | V20: Ngestiharjo | W20: Kasihan | X20: Bantul | Y20: DI Yogyakarta | Z20: MTs Mu'allimin Muh. Yogyakarta | AA20: Jl. Letjend. S. Parman No. 68 Yogyakarta | AC20: Darundi | AD20: Islam | AF20: PNS | AH20: 089606944639 | AJ20: Asti Minarsih | AK20: Islam | AM20: Lainnya | AO20: 082224048610 | BA20: Islam | BH20: Ikhwanuddin, S.H.I., M.S.I. | BI20: 861159 | BJ20: H. Aly Aulia, Lc. M. Hum. | BK20: - / 865 966
A21: 20 | B21: F | C21: A | D21: 11093 | E21: 0087126742 | F21: Muhammad Nur Faiz | G21: 10 Juli 2021 | H21: 2021 | J21: 2 | M21: Laki-laki | N21: Yogyakarta | O21: 39734 | P21: 13 Oktober 2008 | S21: Islam | T21: Baciro GK 4/36 RT 41/RW 11 DI Yogyakarta 55225 | U21: 55225 | V21: Baciro | W21: Gondokusuman | X21: Kota Yogyakarta | Y21: DI Yogyakarta | Z21: MTs Mu'allimin Muh. Yogyakarta | AA21: Jl. Letjend. S. Parman No. 68 Yogyakarta | AC21: Nur Rendra Jatiarto | AD21: Islam | AF21: Lainnya | AH21: 081346506697 | AJ21: Eni Nur Sayekti | AK21: Islam | AM21: Wiraswasta | AO21: 08122751696 | BA21: Islam | BH21: Ikhwanuddin, S.H.I., M.S.I. | BI21: 861160 | BJ21: H. Aly Aulia, Lc. M. Hum. | BK21: - / 865 966
A22: 21 | B22: H | C22: A | D22: 11098 | E22: 0087026465 | F22: Muhammad Rafi' 'Athaullah | G22: 10 Juli 2021 | H22: 2021 | J22: 3 | M22: Laki-laki | N22: Sleman | O22: 39703 | P22: 12 September 2008 | S22: Islam | T22: Perumahan Jatisawit Asri Blok F6 RT 17 RW 43 Balecatur Gamping Sleman DIY 55295 | U22: 55295 | V22: Balecatur | W22: Gamping | X22: Sleman | Y22: DI Yogyakarta | Z22: MTs Mu'allimin Muh. Yogyakarta | AA22: Jl. Letjend. S. Parman No. 68 Yogyakarta | AC22: Wahyudiyono | AD22: Islam | AF22: Dosen | AH22: 08156805012 | AJ22: Eko Listyorini | AK22: Islam | AM22: Lainnya | AO22: 085105187939 | BA22: Islam | BH22: Ikhwanuddin, S.H.I., M.S.I. | BI22: 861161 | BJ22: H. Aly Aulia, Lc. M. Hum. | BK22: - / 865 966
A23: 22 | B23: G | C23: A | D23: 11121 | E23: 0086822076 | F23: Nabhan 'Abid Muhanna | G23: 10 Juli 2021 | H23: 2021 | J23: 2 | K23: 2 | M23: Laki-laki | N23: Blitar | O23: 39795 | P23: 13 Desember 2008 | R23: 35050911312080001 | S23: Islam | T23: Dsn. Jiwut RT 01/RW 10 Ds. Jiwut Kec. Nglegok, Kabupaten Blitar Jawa Timur 66181 | U23: 66181 | V23: Jiwut | W23: Nlegok | X23: Blitar | Y23: Jawa Timur | Z23: MTs Mu'allimin Muh. Yogyakarta | AA23: Jl. Letjend. S. Parman No. 68 Yogyakarta | AC23: Choirul Fata | AD23: Islam | AE23: Diploma | AF23: Peternak | AH23: 08123359159 | AJ23: Susilowati | AK23: Islam | AL23: SMA | AM23: Peternak | AO23: 081231567810 | AQ23: 3505091605064848 | AR23: 3505092611710001 | AS23: Blitar | AT23: 26263 | AV23: 3505095105780001 | AW23: Blitar | AX23: 28621 | BA23: Islam | BH23: Ikhwanuddin, S.H.I., M.S.I. | BI23: 861162 | BJ23: H. Aly Aulia, Lc. M. Hum. | BK23: - / 865 966
A24: 23 | B24: F | C24: A | D24: 11129 | E24: 0081466811 | F24: Nashiruddin Arwi Al-Musyafiq | G24: 10 Juli 2021 | H24: 2021 | J24: 2 | K24: 1 | M24: Laki-laki | N24: Ponorogo | O24: 39646 | P24: 17 Juli 2008 | R24: 35052031707080001 | S24: Islam | T24: Jalan Mijil Dukuh Klatakan Desa Belang Kecamatan Bungkal Kabupaten Ponorogo Jawa Timur 63462 | U24: 63462 | V24: Belang | W24: Bungkal | X24: Ponorogo | Y24: Jawa Timur | Z24: MTs Mu'allimin Muh. Yogyakarta | AA24: Jl. Letjend. S. Parman No. 68 Yogyakarta | AC24: Abdur Rohman | AD24: Islam | AE24: S1 | AF24: Guru | AH24: 081335693715 | AJ24: Wiwik Yuli Lestari | AK24: Islam | AL24: S1 | AM24: Guru | AO24: 081351937269 | AQ24: 3502032809010492 | AR24: 3502031407620003 | AS24: Ponorogo | AT24: 22841 | AV24: 3502036907670001 | AW24: 7/29/1967 | BA24: Islam | BH24: Ikhwanuddin, S.H.I., M.S.I. | BI24: 861163 | BJ24: H. Aly Aulia, Lc. M. Hum. | BK24: - / 865 966
A25: 24 | B25: H | C25: A | D25: 11150 | E25: 0084883117 | F25: Rafa Hamiz Azizan | G25: 10 Juli 2021 | H25: 2021 | J25: 1 | M25: Laki-laki | N25: Cilacap | O25: 39801 | P25: 19 Desember 2008 | S25: Islam | T25: Jl. Teropong Perum. Rindu Seerumpun 5 Blok F/3 Sidomulyo Barat Tampan Pekanbarau Riau | U25: 28294 | V25: Sidomulyo Barat | W25: Tampan | X25: Pekanbaru | Y25: Riau | Z25: MTs Mu'allimin Muh. Yogyakarta | AA25: Jl. Letjend. S. Parman No. 68 Yogyakarta | AC25: Zamri | AD25: Islam | AF25: Wiraswasta | AH25: 085278007461 | AJ25: Siska Maria Lestari | AK25: Islam | AM25: Lainnya | AO25: 085264925752 | BA25: Islam | BH25: Ikhwanuddin, S.H.I., M.S.I. | BI25: 861164 | BJ25: H. Aly Aulia, Lc. M. Hum. | BK25: - / 865 966
A26: 25 | B26: J | C26: A | D26: 11153 | E26: 0095371945 | F26: Rafif Attaya Zahran | G26: 10 Juli 2021 | H26: 2021 | J26: 1 | M26: Laki-laki | N26: Kulon Progo | O26: 39915 | P26: 12 April 2009 | S26: Islam | T26: Cabean Bumirejo Lendah Kulon Progo DIY | U26: 55663 | V26: Bumirejo | W26: Lendah | X26: Kulon Progo | Y26: DI Yogyakarta | Z26: MTs Mu'allimin Muh. Yogyakarta | AA26: Jl. Letjend. S. Parman No. 68 Yogyakarta | AC26: Bayu Rianto Nugroho, SE | AD26: Islam | AF26: Wiraswasta | AH26: 08121579118 | AJ26: Daning Kusniapuantari, S.T.P | AK26: Islam | AM26: Lainnya | AO26: 081328401857 | BA26: Islam | BH26: Ikhwanuddin, S.H.I., M.S.I. | BI26: 861165 | BJ26: H. Aly Aulia, Lc. M. Hum. | BK26: - / 865 966
A27: 26 | B27: C | C27: A | D27: 11156 | E27: 0096837925 | F27: Raihan Fadilah Anwar | G27: 10 Juli 2021 | H27: 2021 | J27: 1 | M27: Laki-laki | N27: Labuan Bajo | O27: 40021 | P27: 27 Juli 2009 | S27: Islam | T27: Kampung Air , Lingkungan IV Labuan Bajo Komodo Manggarai Barat NTT | U27: 86754 | V27: Labuan Bajo | W27: Komodo | X27: Manggarai | Y27: Nusa Tenggara Timur | Z27: MTs Mu'allimin Muh. Yogyakarta | AA27: Jl. Letjend. S. Parman No. 68 Yogyakarta | AC27: Anwar | AD27: Islam | AF27: TNI/Polri | AH27: 081238952822 | AJ27: Susanthi Effendhy | AK27: Islam | AM27: PNS | AO27: 081339459149 | BA27: Islam | BH27: Ikhwanuddin, S.H.I., M.S.I. | BI27: 861166 | BJ27: H. Aly Aulia, Lc. M. Hum. | BK27: - / 865 966
A28: 27 | B28: C | C28: A | D28: 11166 | E28: 0082244966 | F28: Ridwan Latief Abimanyu | G28: 10 Juli 2021 | H28: 2021 | J28: 2 | M28: Laki-laki | N28: Kulon Progo | O28: 39564 | P28: 26 April 2008 | S28: Islam | T28: Nusupan Trihanggo Gamping Sleman DIY | U28: 55291 | V28: Trihanggo | W28: Gamping | X28: Sleman | Y28: DI Yogyakarta | Z28: MTs Mu'allimin Muh. Yogyakarta | AA28: Jl. Letjend. S. Parman No. 68 Yogyakarta | AC28: Agus Sudarmanto | AD28: Islam | AF28: Wiraswasta | AH28: 082225983568 | AJ28: Sofia Lestari | AK28: Islam | AM28: PNS | AO28: 082225983568 | BA28: Islam | BH28: Ikhwanuddin, S.H.I., M.S.I. | BI28: 861167 | BJ28: H. Aly Aulia, Lc. M. Hum. | BK28: - / 865 966
A29: 28 | B29: B | C29: A | D29: 11174 | E29: 0088578558 | F29: Sholahudin Al-Ayyubi | G29: 10 Juli 2021 | H29: 2021 | J29: 2 | K29: 2 | M29: Laki-laki | N29: Surabaya | O29: 39703 | P29: 12 September 2008 | R29: 3578261209080004 | S29: Islam | T29: Jl. Mulyosari Tengah 7 No 18 Mulyorejo Surabaya Jawa Timur 60112 | U29: 60112 | V29: Mulyosari Tengah | W29: Mulyorejo | X29: Surabaya | Y29: Jawa Timur | Z29: MTs Mu'allimin Muh. Yogyakarta | AA29: Jl. Letjend. S. Parman No. 68 Yogyakarta | AC29: Rio Muhammad | AD29: Islam | AE29: S1 | AF29: Karyawan Swasta | AH29: 08215633354 | AJ29: Hikmah Ali | AK29: Islam | AL29: S1 | AM29: Ibu Rumah Tangga | AO29: 08113344314 | AQ29: 3578260402090001 | AR29: 3578262110840002 | AS29: Samarinda | AT29: 30976 | AV29: 3578264203840001 | AW29: Surabaya | AX29: 30743 | BA29: Islam | BH29: Ikhwanuddin, S.H.I., M.S.I. | BI29: 861168 | BJ29: H. Aly Aulia, Lc. M. Hum. | BK29: - / 865 966
A30: 29 | B30: I | C30: A | D30: 11180 | E30: 0076298289 | F30: Umar Al Faruq | G30: 10 Juli 2021 | H30: 2021 | J30: 2 | M30: Laki-laki | N30: Sragen | O30: 39445 | P30: 29 Desember 2007 | S30: Islam | T30: Margorejo, Jono, Rt/Rw 07/02, Tanon, Sragen, Jawa tengah | U30: 57277 | V30: Jono | W30: Tanon | X30: Sragen | Y30: Jawa tengah | Z30: MTs Mu'allimin Muh. Yogyakarta | AA30: Jl. Letjend. S. Parman No. 68 Yogyakarta | AC30: Joko Suratno | AD30: Islam | AF30: Wiraswasta | AH30: 081329696666 | AJ30: Endang Sri Rahayu | AK30: Islam | AM30: Wiraswasta | AO30: 082225621008 | BA30: Islam | BH30: Ikhwanuddin, S.H.I., M.S.I. | BI30: 861169 | BJ30: H. Aly Aulia, Lc. M. Hum. | BK30: - / 865 966
A31: 30 | B31: G | C31: A | D31: 11192 | E31: 0089521814 | F31: Zaydan Rafi Mubarak | G31: 10 Juli 2021 | H31: 2021 | J31: 1 | K31: 1 | M31: Laki-laki | N31: Yogyakarta | O31: 39735 | P31: 14 Oktober 2008 | R31: 3471131410080001 | S31: Islam | T31: Pakel Baru UH 6/1112 Sorosutan Umbulharjo Yogyakarta 55162 | U31: 55162 | V31: Sorosutan | W31: Umbulharjo | X31: Kota Yogyakarta | Y31: DI Yogyakarta | Z31: MTs Mu'allimin Muh. Yogyakarta | AA31: Jl. Letjend. S. Parman No. 68 Yogyakarta | AC31: Fikri Hajian Mubarak | AD31: Islam | AE31: SMA | AF31: Karyawan Swasta | AH31: 087738570755 | AJ31: Irawati | AK31: Islam | AL31: S1 | AM31: Karyawan Swasta | AO31: 081227565688 | AQ31: 3471132805070438 | AR31: 3471132508810004 | AS31: Yogyakarta | AT31: 29823 | AV31: 3471136312810002 | AW31: Klaten | AX31: 29943 | BA31: Islam | BH31: Ikhwanuddin, S.H.I., M.S.I. | BI31: 861170 | BJ31: H. Aly Aulia, Lc. M. Hum. | BK31: - / 865 966
A32: 31 | B32: A | C32: A | D32: 11193 | E32: 0098760415 | F32: Zolla Vajjero Amnestya | G32: 10 Juli 2021 | H32: 2021 | J32: 1 | K32: 2 | M32: Laki-laki | N32: Wonosobo | O32: 39849 | P32: 05 Februari 2009 | R32: 3307020502090002 | S32: Islam | T32: Gunung Saren Lor RT 083 Trimurti Srandakan Bantul DIY | U32: 55762 | V32: Trimurti | W32: Srandakan | X32: Bantul | Y32: DI Yogyakarta | Z32: MTs Mu'allimin Muh. Yogyakarta | AA32: Jl. Letjend. S. Parman No. 68 Yogyakarta | AC32: Purwanta | AD32: Islam | AE32: S1 | AF32: Guru | AG32: Rp. 2.000.000,- s/d Rp. 5.000.000,- | AH32: 087780653224 | AI32: Ddsyahrizal@gmail.com | AJ32: Siti Khotimah | AK32: Islam | AL32: S1 | AM32: Wiraswasta | AN32: di bawah Rp. 2.000.000,- | AO32: 085292827807 | AP32: zoraphalosa@gmail.com | AQ32: 3307030708120006 | AR32: 3402011010770001 | AS32: Bantul | AT32: 28408 | AV32: 3307024708800011 | AW32: Wonosobo | AX32: 29440 | AZ32: Purwanta | BA32: Islam | BB32: S1 | BC32: PNS | BD32: Gunungsaren lor Rt 83, Trimurti, srandakan, Bantul | BE32: Rp. 2.000.000,- s/d Rp. 5.000.000,- | BF32: 085647341724 | BH32: Ikhwanuddin, S.H.I., M.S.I. | BI32: 861171 | BJ32: H. Aly Aulia, Lc. M. Hum. | BK32: - / 865 966
A33: 1 | B33: B | C33: B | D33: 10888 | E33: 0087340961 | F33: Ahmad Faiz Ramadhiansyah | G33: 10 Juli 2021 | H33: 2021 | J33: 2 | K33: 2 | M33: Laki-laki | N33: Surabaya | O33: 39697 | P33: 06 September 2008 | S33: Islam | T33: Jl. Wisma Permai I No. 63 Mulyorejo Surabaya Jawa Timur 60115 | U33: 60115 | V33: Mulyorejo | W33: Mulyorejo | X33: Surabaya | Y33: Jawa Timur | Z33: MTs Mu'allimin Muh. Yogyakarta | AA33: Jl. Letjend. S. Parman No. 68 Yogyakarta | AC33: Asrul Irawan Bakhtiarsyah | AD33: Islam | AE33: S2 | AF33: Lainnya | AG33: di atas Rp. 5.000.000,- | AH33: 0818525176 | AI33: asrul.irawan@outlook.com | AJ33: Detti Nur Irawati, dr | AK33: Islam | AL33: S2 | AM33: Dokter | AN33: Rp. 2.000.000,- s/d Rp. 5.000.000,- | AO33: 08123059305 | AP33: detti.nur@gmail.com | AS33: Surabaya | AT33: 27532 | AW33: Surabaya | AX33: 27859 | BA33: Islam | BH33: Zulfi Jalal Muhsin, S.Pd. | BI33: 1120266 | BJ33: H. Aly Aulia, Lc. M. Hum. | BK33: - / 865 966
A34: 2 | B34: J | C34: B | D34: 10903 | E34: 0084723950 | F34: Alfario Futtaqi Hartono | G34: 10 Juli 2021 | H34: 2021 | J34: 1 | M34: Laki-laki | N34: Salatiga | O34: 39771 | P34: 19 November 2008 | S34: Islam | T34: Perumahan Taman Mutiara, Jl. Intan 1, Blok E1, No. 20-21 Tingkir Tengah Tingkir Salatiga Jawa Tengah | U34: 50745 | V34: Tingkir Tengah | W34: Tingkir | X34: Salatiga | Y34: Jawa Tengah | Z34: MTs Mu'allimin Muh. Yogyakarta | AA34: Jl. Letjend. S. Parman No. 68 Yogyakarta | AC34: Effendi Hartono | AD34: Islam | AF34: Lainnya | AH34: 08123479101 | AJ34: Siti Asmaul Hasanah | AK34: Islam | AM34: Lainnya | AO34: 081330457473 | BA34: Islam | BH34: Zulfi Jalal Muhsin, S.Pd. | BI34: 1120266 | BJ34: H. Aly Aulia, Lc. M. Hum. | BK34: - / 865 966
A35: 3 | B35: A | C35: B | D35: 10904 | E35: 0086954015 | F35: Alfi Khairi Mumtaza | G35: 10 Juli 2021 | H35: 2021 | M35: Laki-laki | N35: Muara Badak | O35: 39715 | P35: 24 September 2008 | S35: Islam | T35: Gang Rapak Indah Jembayan Loa Kulu Kutai Kartanegara Kalimantan Timur | U35: 75571 | V35: Jembayan | W35: Loa Kulu | X35: Kutai Kartanegara | Y35: Kalimantan Timur | Z35: MTs Mu'allimin Muh. Yogyakarta | AA35: Jl. Letjend. S. Parman No. 68 Yogyakarta | AB35: Prestasi Akademik : Peringkat 1 dari kelas I sampai kelas V | AC35: Drs. H. Ihsanul Karim, MM, MH | AD35: Islam | AE35: S2 | AF35: PNS | AG35: Rp. 2.000.000,- s/d Rp. 5.000.000,- | AH35: 081254322269 | AI35: alkarimihsan@gmail.com | AJ35: Hj. Dariana Juhaida, S.Ag | AK35: Islam | AL35: S1 | AM35: PNS | AN35: Rp. 2.000.000,- s/d Rp. 5.000.000,- | AO35: 08125884922 | AP35: dariana24091972@gmail.com | BH35: Zulfi Jalal Muhsin, S.Pd. | BI35: 1120267 | BJ35: H. Aly Aulia, Lc. M. Hum. | BK35: - / 865 966
A36: 4 | B36: G | C36: B | D36: 10912 | E36: 0092792362 | F36: Arkan Zumair Hisyam | G36: 10 Juli 2021 | H36: 2021 | J36: 1 | K36: 1 | M36: Laki-laki | N36: Klaten | O36: 39873 | P36: 01 Maret 2009 | R36: 3310240103090001 | S36: Islam | T36: Margomulyo Gergunung Klaten Utara Klaten Jawa Tengah 57434 | U36: 57434 | V36: Gergunung | W36: Klaten Utara | X36: Klaten | Y36: Jawa Tengah | Z36: MTs Mu'allimin Muh. Yogyakarta | AA36: Jl. Letjend. S. Parman No. 68 Yogyakarta | AC36: Hermawan Yuliyanto | AD36: Islam | AE36: SMA | AF36: TNI/Polri | AH36: 085293757171 | AJ36: Ani Ernawati | AK36: Islam | AL36: Diploma | AM36: PNS | AO36: 085229447555 | AQ36: 3310242405120006 | AR36: 3310021707720002 | AS36: Klaten | AT36: 26497 | AV36: 3310025706810002 | AW36: Klaten | AX36: 29754 | BA36: Islam | BH36: Zulfi Jalal Muhsin, S.Pd. | BI36: 1120268 | BJ36: H. Aly Aulia, Lc. M. Hum. | BK36: - / 865 966
A37: 5 | B37: H | C37: B | D37: 10917 | E37: 0092059445 | F37: Aryasatya Kayana Hasyim | G37: 10 Juli 2021 | H37: 2021 | J37: 1 | M37: Laki-laki | N37: Yogyakarta | O37: 39824 | P37: 11 Januari 2009 | S37: Islam | T37: Jln. Magelang Km 11 Dukuh RT 02 RW 17 Tridadi Sleman DI Yogyakarta | U37: 55511 | V37: Tridadi | W37: Sleman | X37: Sleman | Y37: DI Yogyakarta | Z37: MTs Mu'allimin Muh. Yogyakarta | AA37: Jl. Letjend. S. Parman No. 68 Yogyakarta | AC37: Wahid Nurhasyim | AD37: Islam | AF37: Lainnya | AH37: 082227049650 | AJ37: Anesti Purwandari | AK37: Islam | AM37: Lainnya | AO37: 081226704220 | BA37: Islam | BH37: Zulfi Jalal Muhsin, S.Pd. | BI37: 1120269 | BJ37: H. Aly Aulia, Lc. M. Hum. | BK37: - / 865 966
A38: 6 | B38: I | C38: B | D38: 10928 | E38: 0094806637 | F38: Azmi Akrami Maha | G38: 10 Juli 2021 | H38: 2021 | J38: 3 | K38: 2 | M38: Laki-laki | N38: Yogyakarta | O38: 39928 | P38: 25 April 2009 | R38: 3404012504090004 | S38: Islam | T38: Perumahan Jatisawit Asri Blok F6 RT 17 RW 43 Balecatur Gamping Sleman DIY 55295 | U38: 55295 | V38: Balecatur | W38: Gamping | X38: Sleman | Y38: DI Yogyakarta | Z38: MTs Mu'allimin Muh. Yogyakarta | AA38: Jl. Letjend. S. Parman No. 68 Yogyakarta | AC38: H. Guntar Maha, ST., MT. | AD38: Islam | AE38: S1 | AF38: PNS | AH38: 082242288889 | AJ38: Uu Faridah | AK38: Islam | AL38: Diploma | AM38: Wiraswasta | AO38: 082122021234 | AQ38: 3404012601050129 | AR38: 3404012201630001 | AS38: Dairi, Sidikalang | AT38: 23033 | AV38: 3404015703680002 | AW38: Cilacap | AX38: 24914 | BA38: Islam | BH38: Zulfi Jalal Muhsin, S.Pd. | BI38: 1120270 | BJ38: H. Aly Aulia, Lc. M. Hum. | BK38: - / 865 966
A39: 7 | B39: I | C39: B | D39: 10931 | E39: 0098080142 | F39: Bahtiar Aulia | G39: 10 Juli 2021 | H39: 2021 | J39: 1 | M39: Laki-laki | N39: Pemalang | O39: 39898 | P39: 26 Maret 2009 | S39: Islam | T39: Dusun Balutan RT 10 RW 04 Kelurahan Purwoharjo Kecamatan Comal Kabupaten Pemalang (Jl. A. Yani no. 05 Comal) Jawa Tengah | U39: 52363 | V39: Purwoharjo | W39: Comal | X39: Pemalang | Y39: Jawa Tengah | Z39: MTs Mu'allimin Muh. Yogyakarta | AA39: Jl. Letjend. S. Parman No. 68 Yogyakarta | AC39: Yulhan Efendi | AD39: Islam | AF39: Wiraswasta | AH39: 081328772087 | AJ39: Nur Khasanah BS | AK39: Islam | AM39: Wiraswasta | AO39: 087764911116 | BA39: Islam | BH39: Zulfi Jalal Muhsin, S.Pd. | BI39: 1120271 | BJ39: H. Aly Aulia, Lc. M. Hum. | BK39: - / 865 966
A40: 8 | B40: J | C40: B | D40: 10933 | E40: 0082125557 | F40: Bilal Salmana Firdaus | G40: 10 Juli 2021 | H40: 2021 | J40: 2 | M40: Laki-laki | N40: Salatiga | O40: 39774 | P40: 22 November 2008 | S40: Islam | T40: Wiroyudan Tingkir Tengah Tingkir Salatiga Jawa Tengah | U40: 50745 | V40: Tingkir Tengah | W40: Tingkir | X40: Salatiga | Y40: Jawa Tengah | Z40: MTs Mu'allimin Muh. Yogyakarta | AA40: Jl. Letjend. S. Parman No. 68 Yogyakarta | AC40: Randy Irawan | AD40: Islam | AF40: Wiraswasta | AH40: 082221106106 | AJ40: Kristiani Kurnia Dewi | AK40: Islam | AM40: Lainnya | AO40: 085727375766 | BA40: Islam | BH40: Zulfi Jalal Muhsin, S.Pd. | BI40: 1120272 | BJ40: H. Aly Aulia, Lc. M. Hum. | BK40: - / 865 966
A41: 9 | B41: F | C41: B | D41: 10952 | E41: 0081547160 | F41: Fadhil Muhammad | G41: 10 Juli 2021 | H41: 2021 | J41: 2 | M41: Laki-laki | N41: Bogor | O41: 39729 | P41: 08 Oktober 2008 | S41: Islam | T41: Kp. Cipayunh Gg. H. Saleh Sain RT 02 RW 06 Blok A No 41 Kel. Pondok Rajeng Kec. Cibinong Kab. Bogor Jawa Barat | U41: 16914 | V41: Pondok Rajeng | W41: Cibinong | X41: Bogor | Y41: Jawa Barat | Z41: MTs Mu'allimin Muh. Yogyakarta | AA41: Jl. Letjend. S. Parman No. 68 Yogyakarta | AC41: Budiyono | AD41: Islam | AF41: Lainnya | AH41: 089607636308 | AJ41: Suri Maharani Shintarai | AK41: Islam | AM41: Lainnya | AO41: 089607636308 | BA41: Islam | BH41: Zulfi Jalal Muhsin, S.Pd. | BI41: 1120273 | BJ41: H. Aly Aulia, Lc. M. Hum. | BK41: - / 865 966
A42: 10 | B42: I | C42: B | D42: 10954 | E42: 0083197324 | F42: Fahri Aulia Hardinanda | G42: 10 Juli 2021 | H42: 2021 | J42: 2 | M42: Laki-laki | N42: Nganjuk | O42: 39729 | P42: 08 Oktober 2008 | S42: Islam | T42: Jl. Dermojoyo Desa Kecubung Kecamatan Pace, Kabupaten Nganjuk Jawa Timur | U42: 64472 | V42: Kecubung | W42: Pace | X42: Nganjuk | Y42: Jawa Timur | Z42: MTs Mu'allimin Muh. Yogyakarta | AA42: Jl. Letjend. S. Parman No. 68 Yogyakarta | AC42: Suharno | AD42: Islam | AF42: PNS | AH42: 081235314671 | AJ42: Dina Kurnia | AK42: Islam | AM42: PNS | AO42: 081335429005 | BA42: Islam | BH42: Zulfi Jalal Muhsin, S.Pd. | BI42: 1120274 | BJ42: H. Aly Aulia, Lc. M. Hum. | BK42: - / 865 966
A43: 11 | B43: J | C43: B | D43: 10955 | E43: 0092594298 | F43: Fahriz Wijdan Khalfani Rahman | G43: 10 Juli 2021 | H43: 2021 | J43: 2 | M43: Laki-laki | N43: Kendal | O43: 40085 | P43: 29 September 2009 | S43: Islam | T43: Desa Penyangkringan Weleri Kendal Jawa Tengah | U43: 51355 | V43: Penyangkringan | W43: Weleri | X43: Kendal | Y43: Jawa Tengah | Z43: MTs Mu'allimin Muh. Yogyakarta | AA43: Jl. Letjend. S. Parman No. 68 Yogyakarta | AC43: Budi Suryanto | AD43: Islam | AF43: Lainnya | AH43: 087731358416 | AJ43: Erma Fatmawati | AK43: Islam | AM43: Guru | AO43: 081914503241 | BA43: Islam | BH43: Zulfi Jalal Muhsin, S.Pd. | BI43: 1120275 | BJ43: H. Aly Aulia, Lc. M. Hum. | BK43: - / 865 966
A44: 12 | B44: F | C44: B | D44: 10970 | E44: 0096954664 | F44: Farros Daffa Nibroos Munna Mulia | G44: 10 Juli 2021 | H44: 2021 | J44: 1 | K44: 2 | M44: Laki-laki | N44: Kulon Progo | O44: 39978 | P44: 14 Juni 2009 | R44: 3401041406090002 | S44: Islam | T44: Padukuhan Pendekan Tirtorahayu Galur Kulon Progo DI Yogyakarta 55661 | U44: 55661 | V44: Tirtorahayu | W44: Tirtorahayu | X44: Progo | Y44: DI Yogyakarta | Z44: MTs Mu'allimin Muh. Yogyakarta | AA44: Jl. Letjend. S. Parman No. 68 Yogyakarta | AC44: Yayan Mulyana | AD44: Islam | AE44: S2 | AF44: Dosen | AH44: 081226807753 | AJ44: Endah Munashifatul Arifah | AK44: Islam | AL44: S1 | AM44: Ibu Rumah Tangga | AO44: 087711931569 | AQ44: 3401041411080003 | AR44: 3401040710760001 | AS44: Ciamis | AT44: 28040 | AV44: 3401046707850003 | AW44: Kulon Progo | AX44: 31255 | BA44: Islam | BH44: Zulfi Jalal Muhsin, S.Pd. | BI44: 1120276 | BJ44: H. Aly Aulia, Lc. M. Hum. | BK44: - / 865 966
A45: 13 | B45: A | C45: B | D45: 10972 | E45: 0096630113 | F45: Fathun Nejad El Wafy | G45: 10 Juli 2021 | H45: 2021 | J45: 1 | K45: 3 | M45: Laki-laki | N45: Lamongan | O45: 39830 | P45: 17 Januari 2009 | S45: Islam | T45: Jl Bugenvil No 11 Sedayulawas Brondong Lamongan Jawa Timur 62263 | U45: 62263 | V45: Sedayulawas | W45: Brondong | X45: Lamongan | Y45: Jawa Timur | Z45: MTs Mu'allimin Muh. Yogyakarta | AA45: Jl. Letjend. S. Parman No. 68 Yogyakarta | AC45: Saiful Aini | AD45: Islam | AE45: S1 | AF45: Guru | AG45: Rp. 2.000.000,- s/d Rp. 5.000.000,- | AH45: 083132215701 | AI45: saifulaini74@gmail.com | AJ45: Sri Dewi Hidayati | AK45: Islam | AL45: S1 | AM45: Guru | AN45: di bawah Rp. 2.000.000,- | AS45: Lamongan | AT45: 27112 | AW45: Lamongan | AX45: 29591 | BH45: Zulfi Jalal Muhsin, S.Pd. | BI45: 1120277 | BJ45: H. Aly Aulia, Lc. M. Hum. | BK45: - / 865 966
A46: 14 | B46: F | C46: B | D46: 10988 | E46: 0099334210 | F46: Giland Raffasya Al Ghazali | G46: 10 Juli 2021 | H46: 2021 | J46: 1 | M46: Laki-laki | N46: Cilacap | O46: 39871 | P46: 27 Februari 2009 | S46: Islam | T46: jl. Pramuka Bhakti No 2 Mulyadadi Majenang Cilacap Jawa Tengah | U46: 53257 | V46: Mulyadadi | W46: Majenang | X46: Cilacap | Y46: Jawa Tengah | Z46: MTs Mu'allimin Muh. Yogyakarta | AA46: Jl. Letjend. S. Parman No. 68 Yogyakarta | AC46: Hari Widodo | AD46: Islam | AF46: Wiraswasta | AH46: 087722087722 | AJ46: Dewi Trisnawati, SE | AK46: Islam | AM46: Wiraswasta | AO46: 081322081322 | BA46: Islam | BH46: Zulfi Jalal Muhsin, S.Pd. | BI46: 1120278 | BJ46: H. Aly Aulia, Lc. M. Hum. | BK46: - / 865 966
A47: 15 | B47: A | C47: B | D47: 10990 | E47: 0091308642 | F47: Giswa Bintang Anugrah | G47: 10 Juli 2021 | H47: 2021 | J47: 3 | K47: 2 | M47: Laki-laki | N47: Nunukan | O47: 39938 | P47: 5 Mei 2009 | S47: Islam | T47: JL. P. Antasari No. 42 Nunukan Tengah Nunukan Kalimantan Utara 77482 | U47: 77482 | V47: Nunukan Tengah | W47: Nunukan | X47: Nunukan | Y47: Kalimantan Utara | Z47: MTs Mu'allimin Muh. Yogyakarta | AA47: Jl. Letjend. S. Parman No. 68 Yogyakarta | AC47: Jumain | AD47: Islam | AE47: S2 | AF47: PNS | AG47: di atas Rp. 5.000.000,- | AH47: 08125899753 | AI47: ggiswa@gmail.com | AJ47: Utari | AK47: Islam | AL47: S1 | AM47: PNS | AN47: di atas Rp. 5.000.000,- | AO47: 081347099735 | AS47: Nunukan | AT47: 30281 | AW47: Bantul | AX47: 28207 | AZ47: Murdoko | BA47: Islam | BB47: SMA | BC47: Wiraswasta | BD47: Padukan Kalidadap I RT. 02, Desa Selapamioro, Kec. Imogiri, Kab. Bantul | BE47: Rp. 2.000.000,- s/d Rp. 5.000.000,- | BF47: 085200887797 | BH47: Zulfi Jalal Muhsin, S.Pd. | BI47: 1120279 | BJ47: H. Aly Aulia, Lc. M. Hum. | BK47: - / 865 966
A48: 16 | B48: D | C48: B | D48: 10994 | E48: 0088038106 | F48: Harel Haidar Novandra | G48: 10 Juli 2021 | H48: 2021 | J48: 1 | M48: Laki-laki | N48: Yogyakarta | O48: 39762 | P48: 10 November 2008 | S48: Islam | T48: Jaranan RT 06 Panggungharjo Sewon Bantul DI Yogyakarta | U48: 55188 | V48: Panggungharjo | W48: Sewon | X48: Bantul | Y48: DI Yogyakarta | Z48: MTs Mu'allimin Muh. Yogyakarta | AA48: Jl. Letjend. S. Parman No. 68 Yogyakarta | AC48: Sri Haryono | AD48: Islam | AF48: Lainnya | AH48: 08773900267 | AJ48: Elisabeth Srilestari Indriyani | AK48: Islam | AM48: Lainnya | AO48: 087738677997 | BA48: Islam | BH48: Zulfi Jalal Muhsin, S.Pd. | BI48: 1120280 | BJ48: H. Aly Aulia, Lc. M. Hum. | BK48: - / 865 966
A49: 17 | B49: I | C49: B | D49: 10996 | E49: 0086511507 | F49: Helmi Rafif Firdyawan | G49: 10 Juli 2021 | H49: 2021 | J49: 1 | K49: 2 | M49: Laki-laki | N49: Sleman | O49: 39872 | P49: 23 Februari 2009 | S49: Islam | T49: Grajegan Margokaton Seyegan Sleman DI Yogyakarta | U49: 55561 | V49: Margokaton | W49: Seyegan | X49: Sleman | Y49: DI Yogyakarta | Z49: MTs Mu'allimin Muh. Yogyakarta | AA49: Jl. Letjend. S. Parman No. 68 Yogyakarta | AC49: Parwanto | AD49: Islam | AF49: Lainnya | AH49: 085868317060 | AJ49: Suharni | AK49: Islam | AM49: Lainnya | AO49: 089510707077 | BA49: Islam | BH49: Zulfi Jalal Muhsin, S.Pd. | BI49: 1120281 | BJ49: H. Aly Aulia, Lc. M. Hum. | BK49: - / 865 966
A50: 18 | B50: A | C50: B | D50: 10999 | E50: 0082101968 | F50: Ibrahim Rafif Surya Abdullah | G50: 10 Juli 2021 | H50: 2021 | J50: 1 | K50: 2 | M50: Laki-laki | N50: Sleman | O50: 39675 | P50: 15 Agustus 2008 | R50: 3404041508080001 | S50: Islam | T50: Klepu Lor, RT 001/RW 023, Sendangmulyo, Minggir, Sleman, Yogyakarta 55562 | U50: 55562 | V50: Sendangmulyo | W50: Minggir | X50: Sleman | Y50: DI Yogyakarta | Z50: MTs Mu'allimin Muh. Yogyakarta | AA50: Jl. Letjend. S. Parman No. 68 Yogyakarta | AB50: Tahfidz Juz 30 | AC50: Muhammad Budi Nur Rahman | AD50: Islam | AE50: S2 | AF50: Dosen | AG50: di atas Rp. 5.000.000,- | AH50: 081215079748 | AI50: budinurrahman@umy.ac.id | AJ50: Nur Rohmah Lufti A'yuni | AK50: Islam | AL50: S2 | AM50: PNS | AN50: di atas Rp. 5.000.000,- | AO50: 081329777624 | AP50: nurayuni.ais@gmail.com | AQ50: 3404040403080027 | AR50: 3404042305790001 | AS50: Sleman | AT50: 28998 | AV50: 3404044904800002 | AW50: Sleman | AX50: 29320 | BA50: Islam | BH50: Zulfi Jalal Muhsin, S.Pd. | BI50: 1120282 | BJ50: H. Aly Aulia, Lc. M. Hum. | BK50: - / 865 966
A51: 19 | B51: A | C51: B | D51: 11017 | E51: 0081683758 | F51: Lutfan Aufa Ghozi | G51: 10 Juli 2021 | H51: 2021 | J51: 1 | K51: 1 | M51: Laki-laki | N51: Banjarnegara | O51: 39675 | P51: 15 Agustus 2008 | R51: 3304061508080001 | S51: Islam | T51: Jl. Almunawaroh Gang Perkutut No 18 Kutabanjarnegara Banjarnegara Jawa Tengah 53415 | U51: 53415 | V51: Kutabanjarnegara | W51: Banjarnegara | X51: Banjarnegara | Y51: Jawa Tengah | Z51: MTs Mu'allimin Muh. Yogyakarta | AA51: Jl. Letjend. S. Parman No. 68 Yogyakarta | AC51: Agus Budianto | AD51: Islam | AE51: S2 | AF51: Dokter | AG51: Rp. 2.000.000,- s/d Rp. 5.000.000,- | AH51: 085335963237 | AI51: agus.dr03@gmail.com | AJ51: Verra Herawaty | AK51: Islam | AL51: S1 | AM51: Guru | AN51: di bawah Rp. 2.000.000,- | AO51: 085866247810 | AP51: verraherawaty@gmail.com | AQ51: 3304170208041452 | AR51: 330406208770005 | AS51: Banjarnegara | AT51: 28357 | AV51: 3304064512810003 | AW51: Bandung | AX51: 29925 | BA51: Islam | BH51: Zulfi Jalal Muhsin, S.Pd. | BI51: 1120283 | BJ51: H. Aly Aulia, Lc. M. Hum. | BK51: - / 865 966
A52: 20 | B52: I | C52: B | D52: 11029 | E52: 0088895480 | F52: Mikail Obama Mufreni | G52: 10 Juli 2021 | H52: 2021 | J52: 1 | M52: Laki-laki | N52: Stuttgart | O52: 39766 | P52: 14 November 2008 | S52: Islam | T52: Jalan Kaliurang Km 9 No 65 Sardonoharjo Ngaglik Sleman DI Yogyakarta | U52: 55581 | V52: Sardonoharjo | W52: Ngaglik | X52: Sleman | Y52: DI Yogyakarta | Z52: MTs Mu'allimin Muh. Yogyakarta | AA52: Jl. Letjend. S. Parman No. 68 Yogyakarta | AC52: Sadr Lufti Mufreni | AD52: Islam | AF52: Dosen | AH52: 087828265341 | AJ52: Farah Fitra | AK52: Islam | AM52: Lainnya | AO52: 087828265348 | BA52: Islam | BH52: Zulfi Jalal Muhsin, S.Pd. | BI52: 1120284 | BJ52: H. Aly Aulia, Lc. M. Hum. | BK52: - / 865 966
A53: 21 | B53: J | C53: B | D53: 11060 | E53: 0088670035 | F53: Muhammad Baihaqi Purnomo | G53: 10 Juli 2021 | H53: 2021 | J53: 1 | M53: Laki-laki | N53: Yogyakarta | O53: 39767 | P53: 15 November 2008 | S53: Islam | T53: Jalan Mojo No. 83 Niten Nogotirto Gamping Sleman DI Yogyakarta | U53: 55592 | V53: Nogotirto | W53: Gamping | X53: Sleman | Y53: DI Yogyakarta | Z53: MTs Mu'allimin Muh. Yogyakarta | AA53: Jl. Letjend. S. Parman No. 68 Yogyakarta | AC53: Heri Purnomo | AD53: Islam | AF53: Lainnya | AH53: 085746575848 | AJ53: Anni Rakhmawati | AK53: Islam | AM53: Lainnya | AO53: 0895344514959 | BA53: Islam | BH53: Zulfi Jalal Muhsin, S.Pd. | BI53: 1120285 | BJ53: H. Aly Aulia, Lc. M. Hum. | BK53: - / 865 966
A54: 22 | B54: F | C54: B | D54: 11068 | E54: 0095697368 | F54: Muhammad Faishal Hakim | G54: 10 Juli 2021 | H54: 2021 | J54: 3 | K54: 3 | M54: Laki-laki | N54: Yogyakarta | O54: 39988 | P54: 24 Juni 2009 | R54: 3471082406090002 | S54: Islam | T54: Dukuh MJ I/1170 RT 63 RW 13 Gedongkiwo Mantrijeron DI Yogyakarta 55142 | U54: 55142 | V54: Gedongkiwo | W54: Mantrijeron | X54: Kota Yogyakarta | Y54: DI Yogyakarta | Z54: MTs Mu'allimin Muh. Yogyakarta | AA54: Jl. Letjend. S. Parman No. 68 Yogyakarta | AC54: Arif Kusnadi | AD54: Islam | AE54: S1 | AF54: PNS | AH54: 082134310020 | AJ54: Sri Utami | AK54: Islam | AL54: S1 | AM54: PNS | AO54: 088225001066 | AQ54: 3471081807070285 | AR54: 3471083010700003 | AS54: Bantul | AT54: 25871 | AV54: 3471084804740001 | AW54: Pacitan | AX54: 27127 | BA54: Islam | BH54: Zulfi Jalal Muhsin, S.Pd. | BI54: 1120286 | BJ54: H. Aly Aulia, Lc. M. Hum. | BK54: - / 865 966
A55: 23 | B55: B | C55: B | D55: 11074 | E55: 0089283995 | F55: Muhammad Fayruz Athaillah | G55: 10 Juli 2021 | H55: 2021 | J55: 1 | K55: 2 | M55: Laki-laki | N55: Pekalongan | O55: 39800 | P55: 18 Desember 2008 | R55: 3326131812080002 | S55: Islam | T55: Pekajangan Gang 20 No. 30 Kedungwuni Pekalongan Jawa Tengah 51172 | U55: 51172 | V55: Pekajangan | W55: Kedungwuni | X55: Pekalongan | Y55: Jawa Tengah | Z55: MTs Mu'allimin Muh. Yogyakarta | AA55: Jl. Letjend. S. Parman No. 68 Yogyakarta | AC55: Lukman Hakim | AD55: Islam | AE55: Diploma | AF55: PNS | AH55: 081542325181 | AJ55: Setiasih Purwadini | AK55: Islam | AL55: S1 | AM55: PNS | AO55: 08164266477 | AQ55: 3326130601090019 | AR55: 3326131112770001 | AS55: Pekalongan | AT55: 28470 | AV55: 3326136204810001 | AW55: Pekalongan | AX55: 29698 | BA55: Islam | BH55: Zulfi Jalal Muhsin, S.Pd. | BI55: 1120287 | BJ55: H. Aly Aulia, Lc. M. Hum. | BK55: - / 865 966
A56: 24 | B56: A | C56: B | D56: 11096 | E56: 0091318167 | F56: Muhammad Qoyyim Annafi'a Baihaqi | G56: 10 Juli 2021 | H56: 2021 | J56: 1 | K56: 2 | M56: Laki-laki | N56: Yogyakarta | O56: 39896 | P56: 24 Maret 2009 | R56: 3471072403090001 | S56: Islam | T56: JL Letjen S Parman no 77 Patangpuluhan Wirobrajan DI Yogyakarta 55251 | U56: 55251 | V56: Patangpuluhan | W56: Wirobrajan | X56: Yogyakarta | Y56: DI Yogyakarta | Z56: MTs Mu'allimin Muh. Yogyakarta | AA56: Jl. Letjend. S. Parman No. 68 Yogyakarta | AB56: 1.juara 2 lomba tilawatil Qiur an 2.juara 3 musabaqah tilawatil qur an cabang MTQ putra 3.juara 3 lomba hafalan surat pendek putra 4. | AC56: Ilmawan Mustaqim | AD56: Islam | AE56: S2 | AF56: Dosen | AG56: di bawah Rp. 2.000.000,- | AH56: 08175473591 | AI56: Ilmawan@uny.ac.id | AJ56: Lu'lu Fadhilah | AK56: Islam | AL56: S1 | AM56: Ibu Rumah Tangga | AN56: di bawah Rp. 2.000.000,- | AO56: 089637033292 | AP56: luluelfadhilah@gmail.com | AQ56: 3471071505200003 | AR56: 3471070312800001 | AS56: Yogyakarta | AT56: 29558 | AV56: 3471075206810001 | AW56: Cilacap | AX56: 29749 | BA56: Islam | BH56: Zulfi Jalal Muhsin, S.Pd. | BI56: 1120288 | BJ56: H. Aly Aulia, Lc. M. Hum. | BK56: - / 865 966
A57: 25 | B57: F | C57: B | D57: 11104 | E57: 0088417273 | F57: Muhammad Rofi' Arkan Islami | G57: 10 Juli 2021 | H57: 2021 | J57: 2 | M57: Laki-laki | N57: Wonosobo | O57: 39786 | P57: 04 Desember 2008 | S57: Islam | T57: Jalan Semayu No. 2 Gletosari Kertek Wonosobo Jawa Tengah | U57: 56371 | V57: Gletosari | W57: Kertek | X57: Wonosobo | Y57: Jawa Tengah | Z57: MTs Mu'allimin Muh. Yogyakarta | AA57: Jl. Letjend. S. Parman No. 68 Yogyakarta | AC57: Robert Kennedy | AD57: Islam | AF57: Wiraswasta | AH57: 081328299199 | AJ57: Nurfina Triani Widiyaningrum | AK57: Islam | AM57: Lainnya | AO57: 085326006060 | BA57: Islam | BH57: Zulfi Jalal Muhsin, S.Pd. | BI57: 1120289 | BJ57: H. Aly Aulia, Lc. M. Hum. | BK57: - / 865 966
A58: 26 | B58: J | C58: B | D58: 11107 | E58: 0091386200 | F58: Muhammad Sami Azzam Al Ghazali | G58: 10 Juli 2021 | H58: 2021 | J58: 1 | M58: Laki-laki | N58: Samarinda | O58: 40072 | P58: 16 September 2009 | S58: Islam | T58: Jln. Wahid Hasym Perumahan Sempaja Lestari Indah Blok H.1 Sempaja Timur Samarinda Utara Samarinda Kalimantan Timur | U58: 75119 | V58: Sempaja Timur | W58: Samarinda Utara | X58: Samarinda | Y58: Kalimantan Timur | Z58: MTs Mu'allimin Muh. Yogyakarta | AA58: Jl. Letjend. S. Parman No. 68 Yogyakarta | AC58: Arif H.D | AD58: Islam | AF58: PNS | AH58: 081350755569 | AJ58: Hestina Rita Sari | AK58: Islam | AM58: PNS | AO58: 081347226580 | BA58: Islam | BH58: Zulfi Jalal Muhsin, S.Pd. | BI58: 1120290 | BJ58: H. Aly Aulia, Lc. M. Hum. | BK58: - / 865 966
A59: 27 | B59: C | C59: B | D59: 11110 | E59: 0088038775 | F59: Muhammad Thoriq Shidqi Sabiq | G59: 10 Juli 2021 | H59: 2021 | J59: 1 | K59: 2 | M59: Laki-laki | N59: Jakarta | O59: 40764 | P59: 09 Agustus 2011 | R59: 3174101112080003 | S59: Islam | T59: Jl. H. Marzuki No. 12 002/012 Bintaro Pesanggrahan Jakarta Selatan DKI Jakarta 12330 | U59: 12330 | V59: Bintaro | W59: Pesanggrahan | X59: Jakarta Selatan | Y59: DKI Jakarta | Z59: MTs Mu'allimin Muh. Yogyakarta | AA59: Jl. Letjend. S. Parman No. 68 Yogyakarta | AC59: Abdul Somad | AD59: Islam | AE59: S1 | AF59: Karyawan Swasta | AH59: 081285665132 | AJ59: Siti Hamdanah | AK59: Islam | AL59: S1 | AM59: Karyawan Swasta | AO59: 081311095194 | AQ59: 3174102107100004 | AR59: 3174100408730007 | AS59: Bogor | AT59: 26880 | AV59: 3174106906780008 | AW59: Yogyakarta | AX59: 28660 | BA59: Islam | BH59: Zulfi Jalal Muhsin, S.Pd. | BI59: 1120291 | BJ59: H. Aly Aulia, Lc. M. Hum. | BK59: - / 865 966
A60: 28 | B60: F | C60: B | D60: 11120 | E60: 0092924695 | F60: Muhammad Zidane Falakhie | G60: 10 Juli 2021 | H60: 2021 | J60: 3 | M60: Laki-laki | N60: Wonosobo | O60: 39979 | P60: 15 Juni 2009 | S60: Islam | T60: Sidomukti RT 05 RW 06 Karangluhur Kertek Wonosobo Jawa Tengah | U60: 56371 | V60: Karangluhur | W60: Kertek | X60: Wonosobo | Y60: Jawa Tengah | Z60: MTs Mu'allimin Muh. Yogyakarta | AA60: Jl. Letjend. S. Parman No. 68 Yogyakarta | AC60: Husni Fauzan | AD60: Islam | AF60: Wiraswasta | AH60: 085228002183 | AJ60: Rina Indri Astuti | AK60: Islam | AM60: Wiraswasta | AO60: 085743965866 | BA60: Islam | BH60: Zulfi Jalal Muhsin, S.Pd. | BI60: 1120292 | BJ60: H. Aly Aulia, Lc. M. Hum. | BK60: - / 865 966
A61: 29 | B61: E | C61: B | D61: 11137 | E61: 0082805545 | F61: Nayaka Bani Rajendra | G61: 10 Juli 2021 | H61: 2021 | J61: 1 | K61: 1 | M61: Laki-laki | N61: Sleman | O61: 39592 | P61: 24 Mei 2008 | S61: Islam | T61: Jeblog RT 01 Tirtonirmolo Kasihan Bantul DI Yogyakarta | U61: 55181 | V61: Tirtonirmolo | W61: Kasihan | X61: Bantul | Y61: DI Yogyakarta | Z61: MTs Mu'allimin Muh. Yogyakarta | AA61: Jl. Letjend. S. Parman No. 68 Yogyakarta | AC61: Sargiyono | AD61: Islam | AF61: TNI/Polri | AH61: 082283150902 | AJ61: Mei Sulistyawati | AK61: Islam | AM61: Lainnya | AO61: 082138926280 | BA61: Islam | BH61: Zulfi Jalal Muhsin, S.Pd. | BI61: 1120293 | BJ61: H. Aly Aulia, Lc. M. Hum. | BK61: - / 865 966
A62: 30 | B62: E | C62: B | D62: 11148 | E62: 0094279961 | F62: Raditya Aqila Wicaksono | G62: 10 Juli 2021 | H62: 2021 | J62: 3 | K62: 4 | M62: Laki-laki | N62: Yogyakarta | O62: 39862 | P62: 18 Februari 2009 | S62: Islam | T62: Jl. Kesatrian No. 43 RT 01/RW 01 Pangenrejo Purworejo Jawa Tengah | U62: 54115 | V62: Pangenrejo | W62: Purworejo | X62: Purworejo | Y62: Jawa Tengah | Z62: MTs Mu'allimin Muh. Yogyakarta | AA62: Jl. Letjend. S. Parman No. 68 Yogyakarta | AC62: Agung Nusantoro | AD62: Islam | AF62: Dosen | AH62: 08122582769 | AJ62: Iswahyuni Puji Handayani | AK62: Islam | AM62: Lainnya | AO62: 081327654068 | BA62: Islam | BH62: Zulfi Jalal Muhsin, S.Pd. | BI62: 1120294 | BJ62: H. Aly Aulia, Lc. M. Hum. | BK62: - / 865 966
A63: 31 | B63: H | C63: B | D63: 11160 | E63: 0096762228 | F63: Ramadhiandra Ghifariel Izra Yunatria | G63: 10 Juli 2021 | H63: 2021 | J63: 3 | M63: Laki-laki | N63: Karanganyar | O63: 39972 | P63: 08 Juni 2009 | S63: Islam | T63: Jl. Manukwari No. 24 Santreyan Kanigoro Blitar Jawa Timur | U63: 66171 | V63: Santreyan | W63: Kanigoro | X63: Blitar | Y63: Jawa Timur | Z63: MTs Mu'allimin Muh. Yogyakarta | AA63: Jl. Letjend. S. Parman No. 68 Yogyakarta | AC63: Luluk Farianto | AD63: Islam | AF63: PNS | AH63: 081235620138 | AJ63: Witanti | AK63: Islam | AM63: Lainnya | AO63: 081217507579 | BA63: Islam | BH63: Zulfi Jalal Muhsin, S.Pd. | BI63: 1120295 | BJ63: H. Aly Aulia, Lc. M. Hum. | BK63: - / 865 966
A64: 1 | B64: B | C64: C | D64: 10879 | E64: 0094866823 | F64: Abid Fidinillah | G64: 10 Juli 2021 | H64: 2021 | J64: 1 | K64: 0 | M64: Laki-laki | N64: Luwuk | O64: 40048 | P64: 23 Agustus 2009 | S64: Islam | T64: Jl. Komea Batu Kilongan Permai Luwuk Utara Kab. Banggai Sulawesi Tengah 94711 | U64: 94711 | V64: Bumi Beringin | W64: Luwuk Utara | X64: Banggai | Y64: Sulawesi Tengah | Z64: MTs Mu'allimin Muh. Yogyakarta | AA64: Jl. Letjend. S. Parman No. 68 Yogyakarta | AC64: Muh. Fikri Dari | AD64: Islam | AE64: S1 | AF64: PNS | AG64: Rp. 2.000.000,- s/d Rp. 5.000.000,- | AH64: 085227041298 | AI64: m_fikrialfayed@yahoo.co.id | AJ64: Nani Rusdawati Hasan, S.KM | AK64: Islam | AL64: S1 | AM64: PNS | AN64: Rp. 2.000.000,- s/d Rp. 5.000.000,- | AO64: 085396119839 | AP64: nani_ikhi@yahoo.com | AS64: Luwuk | AT64: 29443 | AW64: Luwuk | AX64: 31030 | BA64: Islam | BH64: Eko Supriyanto, S.Si. | BI64: 1054742 | BJ64: H. Aly Aulia, Lc. M. Hum. | BK64: - / 865 966
A65: 2 | B65: D | C65: C | D65: 10890 | E65: 0096063843 | F65: Ahmad Hanif Aljabbar | G65: 10 Juli 2021 | H65: 2021 | M65: Laki-laki | N65: Batu | O65: 39924 | P65: 21 April 2009 | S65: Islam | T65: Jalan Dorowati Gg. I No. 13 RT 02 RW V Sisir, Batu, Jawa Timur | U65: 63314 | V65: Sisir | W65: Sisir | X65: Kota Batu | Y65: Jawa Timur | Z65: MTs Mu'allimin Muh. Yogyakarta | AA65: Jl. Letjend. S. Parman No. 68 Yogyakarta | AC65: Drs. Teguh Wijayanto, M.Pd. | AD65: Islam | AE65: S2 | AF65: Lainnya | AH65: 081235494917 | AJ65: Ana Puji Astuti | AK65: Islam | AO65: 081216111595 | BA65: Islam | BH65: Eko Supriyanto, S.Si. | BI65: 1054742 | BJ65: H. Aly Aulia, Lc. M. Hum. | BK65: - / 865 966
A66: 3 | B66: B | C66: C | D66: 10896 | E66: 0094613337 | F66: Akhdan Attar Zwagery | G66: 10 Juli 2021 | H66: 2021 | J66: 1 | K66: 1 | M66: Laki-laki | N66: Brebes | O66: 39956 | P66: 23 Mei 2009 | S66: Islam | T66: Jln. Margo Santoso II Gg. 5 No 71 RT 18 Sangatta Utara Sangatta Kalimantan Timur 75611 | U66: 75611 | V66: Sangatta Utara | W66: Sangatta Utara | X66: Sangatta | Y66: Kalimantan Timur | Z66: MTs Mu'allimin Muh. Yogyakarta | AA66: Jl. Letjend. S. Parman No. 68 Yogyakarta | AC66: Erfi Nurudin Syahadat | AD66: Islam | AE66: S1 | AF66: PNS | AG66: di atas Rp. 5.000.000,- | AH66: 081346546222 | AI66: erfi.syahadat16@gmail.com | AJ66: Lisa Arifiyanti | AK66: Islam | AL66: S2 | AM66: PNS | AN66: di atas Rp. 5.000.000,- | AO66: 081548856633 | AP66: erfi.syahadat16@gmail.com | AS66: Brebes | AT66: 32889 | AW66: Brebes | AX66: 30695 | BA66: Islam | BH66: Eko Supriyanto, S.Si. | BI66: 1054742 | BJ66: H. Aly Aulia, Lc. M. Hum. | BK66: - / 865 966
A67: 4 | B67: D | C67: C | D67: 10899 | E67: 0099054087 | F67: Al Jauhar Rofid Rustandi | G67: 10 Juli 2021 | H67: 2021 | J67: 3 | M67: Laki-laki | N67: Sleman | O67: 39994 | P67: 30 Juni 2009 | S67: Islam | T67: Padon, Sendangrejo, Minggir, Sleman, DI Yogyakarta | U67: 55562 | V67: Sendangrejo | W67: Minggir | X67: Sleman | Y67: DI Yogyakarta | Z67: MTs Mu'allimin Muh. Yogyakarta | AA67: Jl. Letjend. S. Parman No. 68 Yogyakarta | AC67: Dedi Rustandi | AD67: Islam | AF67: PNS | AH67: 085290681531 | AJ67: Waridil Khatimah | AK67: Islam | AM67: Wiraswasta | AO67: 081254517572 | BA67: Islam | BH67: Eko Supriyanto, S.Si. | BI67: 1054742 | BJ67: H. Aly Aulia, Lc. M. Hum. | BK67: - / 865 966
A68: 5 | B68: B | C68: C | D68: 10905 | E68: 3093947801 | F68: Alfian Redho Muhammady | G68: 10 Juli 2021 | H68: 2021 | J68: 4 | K68: 3 | M68: Laki-laki | N68: Ponorogo | O68: 39838 | P68: 25 Januari 2009 | S68: Islam | T68: JL. K.H Ahmad Dahlan No. 23 Krajan I Plalangan Jenangan Ponorogo Jawa Timur 63492 | U68: 63492 | V68: Plalangan | W68: Jenangan | X68: Ponorogo | Y68: Jawa Timur | Z68: MTs Mu'allimin Muh. Yogyakarta | AA68: Jl. Letjend. S. Parman No. 68 Yogyakarta | AC68: Muh. Bambang Wijanarko | AD68: Islam | AE68: S2 | AF68: PNS | AG68: di atas Rp. 5.000.000,- | AH68: 081335489159 | AI68: bangwijanarko@gmail.com | AJ68: Diana Finita | AK68: Islam | AL68: S1 | AM68: Guru | AN68: di atas Rp. 5.000.000,- | AO68: 082302320204 | AP68: nitafinadia10@gmail.com | AS68: Ponorogo | AT68: 25110 | AW68: Ponorogo | AX68: 25738 | BA68: Islam | BH68: Eko Supriyanto, S.Si. | BI68: 1054742 | BJ68: H. Aly Aulia, Lc. M. Hum. | BK68: - / 865 966
A69: 6 | B69: I | C69: C | D69: 10911 | E69: 0088588752 | F69: Arkan Reva Noorazizi | G69: 10 Juli 2021 | H69: 2021 | J69: 1 | K69: 1 | M69: Laki-laki | N69: Kulon Progo | O69: 39649 | P69: 20 Juli 2008 | R69: 3401012007080001 | S69: Islam | T69: Kedundang RT/RW 18/07 Temon Kulon Progo DI Yogyakarta 55854 | U69: 55854 | V69: Kedundang | W69: Temon | X69: Kulon Progo | Y69: DI Yogyakarta | Z69: MTs Mu'allimin Muh. Yogyakarta | AA69: Jl. Letjend. S. Parman No. 68 Yogyakarta | AC69: Eva Susanto, S.P. | AD69: Islam | AE69: Diploma | AF69: Lainnya | AH69: 082133155447 | AJ69: Retno Wahyuningrum | AK69: Islam | AL69: Diploma | AM69: PNS | AO69: 082220162556 | BA69: Islam | BH69: Eko Supriyanto, S.Si. | BI69: 1054742 | BJ69: H. Aly Aulia, Lc. M. Hum. | BK69: - / 865 966
A70: 7 | B70: E | C70: C | D70: 10934 | E70: 0097243800 | F70: Bintang Akbar Putra Nugroho | G70: 10 Juli 2021 | H70: 2021 | J70: 1 | K70: 3 | M70: Laki-laki | N70: Yogyakarta | O70: 39998 | P70: 04 Juli 2009 | S70: Islam | T70: Perumahan Pendowo Asri Jln. Sadewa Blok C3 Pendowoharjo Sewon Bantul DI Yogyakarta | U70: 55797 | V70: Pendowoharjo | W70: Sewon | X70: Bantul | Y70: DI Yogyakarta | Z70: MTs Mu'allimin Muh. Yogyakarta | AA70: Jl. Letjend. S. Parman No. 68 Yogyakarta | AC70: Nuryatmo Catur Nugroho | AD70: Islam | AF70: Lainnya | AH70: 08112578974 | AJ70: Mirza Indah Mulianingrum | AK70: Islam | AM70: Lainnya | AO70: 085290689905 | BA70: Islam | BH70: Eko Supriyanto, S.Si. | BI70: 1054742 | BJ70: H. Aly Aulia, Lc. M. Hum. | BK70: - / 865 966
A71: 8 | B71: H | C71: C | D71: 10938 | E71: 3099369496 | F71: Daffa Adya Rachmad | G71: 10 Juli 2021 | H71: 2021 | J71: 1 | M71: Laki-laki | N71: Magelang | O71: 39818 | P71: 05 Januari 2009 | S71: Islam | T71: Argopeni 004/004 Sudimoro Srumbung Magelang Jawa Tengah | U71: 56483 | V71: Sudimoro | W71: Srumbung | X71: Magelang | Y71: Jawa Tengah | Z71: MTs Mu'allimin Muh. Yogyakarta | AA71: Jl. Letjend. S. Parman No. 68 Yogyakarta | AC71: Rochmad | AD71: Islam | AF71: Wiraswasta | AH71: 081326379149 | AJ71: Susanti | AK71: Islam | AM71: Wiraswasta | AO71: 085643280551 | BA71: Islam | BH71: Eko Supriyanto, S.Si. | BI71: 1054742 | BJ71: H. Aly Aulia, Lc. M. Hum. | BK71: - / 865 966
A72: 9 | B72: H | C72: C | D72: 10957 | E72: 0099481134 | F72: Faiq Arrafi Rakan | G72: 10 Juli 2021 | H72: 2021 | J72: 3 | K72: 3 | M72: Laki-laki | N72: Simpang Sender | O72: 39816 | P72: 03 Januari 2009 | R72: 1609130301090001 | S72: Islam | T72: Desa Kota Batu Kec. Warkuk Ranau Selatan Kab. OKU Selatan Sumatera Selatan 32175 | U72: 32175 | V72: Kota batu | W72: Warkuk Ranau Selatan | X72: OKU Selatan | Y72: Sumatera Selatan | Z72: MTs Mu'allimin Muh. Yogyakarta | AA72: Jl. Letjend. S. Parman No. 68 Yogyakarta | AC72: Mulyawan, S.Pd., MM | AD72: Islam | AE72: S1 | AF72: PNS | AH72: 082281159153 | AJ72: Elmaniar | AK72: Islam | AL72: SMA | AM72: PNS | AO72: 082278059976 | AQ72: 1609130102100004 | AR72: 1609133005700001 | AS72: Kota Batu | AT72: 25718 | AV72: 1609135212760003 | AX72: 28106 | BA72: Islam | BH72: Eko Supriyanto, S.Si. | BI72: 1054742 | BJ72: H. Aly Aulia, Lc. M. Hum. | BK72: - / 865 966
A73: 10 | B73: D | C73: C | D73: 10968 | E73: 0092892386 | F73: Farhat Amnu Zilzal Oktavino Putra Ashita | G73: 10 Juli 2021 | H73: 2021 | J73: 1 | M73: Laki-laki | N73: Kudus | O73: 40097 | P73: 11 Oktober 2009 | S73: Islam | T73: Perumahan Griya Hinggil No. A1 Bangunjiwo Kasihan Bantul DI Yogyakarta | U73: 55184 | V73: Bangunjiwo | W73: Kasihan | X73: Bantul | Y73: DI Yogyakarta | Z73: MTs Mu'allimin Muh. Yogyakarta | AA73: Jl. Letjend. S. Parman No. 68 Yogyakarta | AC73: Ashifuddin | AD73: Islam | AF73: Wiraswasta | AH73: 082199777111 | AJ73: Anita Dyah Krisnawati | AK73: Islam | AM73: Lainnya | AO73: 085722787004 | BA73: Islam | BH73: Eko Supriyanto, S.Si. | BI73: 1054742 | BJ73: H. Aly Aulia, Lc. M. Hum. | BK73: - / 865 966
A74: 11 | B74: F | C74: C | D74: 10980 | E74: 0094224996 | F74: Fazle Robby | G74: 10 Juli 2021 | H74: 2021 | J74: 2 | M74: Laki-laki | N74: Situbondo | O74: 40061 | P74: 05 September 2009 | S74: Islam | T74: Kp. Krajan RT 002 RW 003 Buduan Suboh Situbondo Jawa Timur 68354 | U74: 68354 | V74: Buduan | W74: Suboh | X74: Situbondo | Y74: Jawa Timur | Z74: MTs Mu'allimin Muh. Yogyakarta | AA74: Jl. Letjend. S. Parman No. 68 Yogyakarta | AC74: Abdul Malik | AD74: Islam | AF74: PNS | AH74: 082331837576 | AJ74: Tri Lilis Muayanti | AK74: Islam | AM74: Guru | AO74: 085259998877 | BA74: Islam | BH74: Eko Supriyanto, S.Si. | BI74: 1054742 | BJ74: H. Aly Aulia, Lc. M. Hum. | BK74: - / 865 966
A75: 12 | B75: C | C75: C | D75: 10985 | E75: 0086686210 | F75: Gesit Firman Prapcahyo | G75: 10 Juli 2021 | H75: 2021 | J75: 2 | K75: 2 | M75: Laki-laki | N75: Magelang | O75: 39556 | P75: 18 April 2008 | R75: 3305101804080001 | S75: Islam | T75: Jatimulyo Kuwarasan Kebumen Jawa Tengah 54366 | U75: 54366 | V75: Jatimulyo | W75: Kuwarasan | X75: Kebumen | Y75: Jawa Tengah | Z75: MTs Mu'allimin Muh. Yogyakarta | AA75: Jl. Letjend. S. Parman No. 68 Yogyakarta | AC75: Sarjono | AD75: Islam | AE75: Diploma | AF75: Karyawan Swasta | AH75: 085228199625 | AJ75: Agustina Fitri Praptanti | AK75: Islam | AL75: Diploma | AM75: PNS | AO75: 082243726061 | AQ75: 3305160908110004 | AR75: 3305101909780004 | AS75: Kebumen | AT75: 28752 | AV75: 3305166108790003 | AW75: Magelang | AX75: 29088 | BA75: Islam | BH75: Eko Supriyanto, S.Si. | BI75: 1054742 | BJ75: H. Aly Aulia, Lc. M. Hum. | BK75: - / 865 966
A76: 13 | B76: C | C76: C | D76: 10993 | E76: 0084084039 | F76: Haidar Muhammad Hidayat | G76: 10 Juli 2021 | H76: 2021 | J76: 2 | M76: Laki-laki | N76: Sleman | O76: 39692 | P76: 01 September 2008 | S76: Islam | T76: Cokrobedog Sidoarum Godean Sleman Di Yogyakarata | U76: 55264 | V76: Sidoarum | W76: Godean | X76: Sleman | Y76: DI Yogyakarta | Z76: MTs Mu'allimin Muh. Yogyakarta | AA76: Jl. Letjend. S. Parman No. 68 Yogyakarta | AC76: Nasrudin | AD76: Islam | AF76: Wiraswasta | AH76: 082281258516 | AJ76: Saefurotul Hasanah | AK76: Islam | AM76: PNS | AO76: 082281258516 | BA76: Islam | BH76: Eko Supriyanto, S.Si. | BI76: 1054742 | BJ76: H. Aly Aulia, Lc. M. Hum. | BK76: - / 865 966
A77: 14 | B77: G | C77: C | D77: 10998 | E77: 0092408455 | F77: Hudzaifah Abdul Fattah | G77: 10 Juli 2021 | H77: 2021 | J77: 1 | M77: Laki-laki | N77: Yogyakarta | O77: 39838 | P77: 25 Januari 2009 | S77: Islam | T77: Jl. Raya Bangsri Tayu Km. 5 Jinggotan Jepara Jawa Tengah | U77: 59453 | V77: Bangsri | W77: Jinggotan | X77: Jepara | Y77: Jawa Tengah | Z77: MTs Mu'allimin Muh. Yogyakarta | AA77: Jl. Letjend. S. Parman No. 68 Yogyakarta | AC77: Ikhwanul Muslimin | AD77: Islam | AF77: Wiraswasta | AH77: 08112884183 | AJ77: Hening Puspita Sari | AK77: Islam | AM77: Wiraswasta | AO77: 081328181765 | BA77: Islam | BH77: Eko Supriyanto, S.Si. | BI77: 1054742 | BJ77: H. Aly Aulia, Lc. M. Hum. | BK77: - / 865 966
A78: 15 | B78: J | C78: C | D78: 11015 | E78: 0081749311 | F78: Lauhmahfuziqri Al Ayyubi | G78: 10 Juli 2021 | H78: 2021 | J78: 1 | M78: Laki-laki | N78: Yogyakarta | O78: 39643 | P78: 14 Juli 2008 | S78: Islam | T78: Perum Griya Mandiri I no 1 Suryodiningratan Mantrijeron Kota Yogyakarta DIY | U78: 55141 | V78: Suryodiningratan | W78: Mantrijeron | X78: Kota Yogyakarta | Y78: DI Yogyakarta | Z78: MTs Mu'allimin Muh. Yogyakarta | AA78: Jl. Letjend. S. Parman No. 68 Yogyakarta | AC78: Alwansyah | AD78: Islam | AF78: Lainnya | AH78: 081340311006 | AJ78: Anggara Kasih Ardianto, SH | AK78: Islam | AM78: Lainnya | AO78: 08123488283 | BA78: Islam | BH78: Eko Supriyanto, S.Si. | BI78: 1054742 | BJ78: H. Aly Aulia, Lc. M. Hum. | BK78: - / 865 966
A79: 16 | B79: B | C79: C | D79: 11018 | E79: 0095456465 | F79: M. Irham Ismail | G79: 10 Juli 2021 | H79: 2021 | J79: 3 | K79: 4 | M79: Laki-laki | N79: Nabire | O79: 39994 | P79: 30 Juni 2009 | S79: Islam | T79: Perumahan Giwangan Asri, Blok B1 Jln Imogiri Timur Giwangan Umbulharjo Yogyakarta DI Yogyakarta | U79: 55163 | V79: Giwangan | W79: Umbulharjo | X79: Kota Yogyakarta | Y79: DI Yogyakarta | Z79: MTs Mu'allimin Muh. Yogyakarta | AA79: Jl. Letjend. S. Parman No. 68 Yogyakarta | AC79: Ismail Djamaluddin | AD79: Islam | AE79: SMA | AF79: Wiraswasta | AG79: Rp. 2.000.000,- s/d Rp. 5.000.000,- | AH79: 081248042155 | AI79: m.taju.abrar@gmail.com | AJ79: Sakina Ruslan | AK79: Islam | AL79: S1 | AM79: Lainnya | AN79: di bawah Rp. 2.000.000,- | AO79: 081248042155 | AP79: m.taju.abrar@gmail.com | AS79: Jayapura | AT79: 29721 | AW79: Makassar | AX79: 30402 | BA79: Islam | BH79: Eko Supriyanto, S.Si. | BI79: 1054742 | BJ79: H. Aly Aulia, Lc. M. Hum. | BK79: - / 865 966
A80: 17 | B80: F | C80: C | D80: 11024 | E80: 0096093258 | F80: Makochandika Arundaya Prajuritno | G80: 10 Juli 2021 | H80: 2021 | J80: 2 | K80: 2 | M80: Laki-laki | N80: Yogyakarta | O80: 39955 | P80: 22 Mei 2009 | R80: 3404152205090002 | S80: Islam | T80: Ledoklempong Wonokerto Turi Sleman DI Yogyakarta 55551 | U80: 55551 | V80: Wonokerto | W80: Turi | X80: Sleman | Y80: DI Yogyakarta | Z80: MTs Mu'allimin Muh. Yogyakarta | AA80: Jl. Letjend. S. Parman No. 68 Yogyakarta | AC80: Sukadi | AD80: Islam | AE80: SMA | AF80: TNI/Polri | AH80: 081228378087 | AJ80: Prastiwi Puji Rahayu | AK80: Islam | AL80: S1 | AM80: PNS | AO80: 087738097799 | AQ80: 3404151305110002 | AR80: 3404152601790002 | AS80: Sleman | AT80: 28881 | AV80: 3404156803760003 | AW80: Kulon Progo | AX80: 27847 | BA80: Islam | BH80: Eko Supriyanto, S.Si. | BI80: 1054742 | BJ80: H. Aly Aulia, Lc. M. Hum. | BK80: - / 865 966
A81: 18 | B81: E | C81: C | D81: 11048 | E81: 0089347651 | F81: Muhammad Akmal Arro'uuf | G81: 10 Juli 2021 | H81: 2021 | J81: 1 | K81: 2 | M81: Laki-laki | N81: Magetan | O81: 40070 | P81: 14 September 2009 | S81: Islam | T81: Pilangasri Milangasri Panekan Magetan Jawa Timur | U81: 63381 | V81: Milangsari | W81: Panekan | X81: Magetan | Y81: Jawa Timur | Z81: MTs Mu'allimin Muh. Yogyakarta | AA81: Jl. Letjend. S. Parman No. 68 Yogyakarta | AC81: Arif Joko Wuryanto | AD81: Islam | AE81: S1 | AF81: PNS | AH81: 082338634100 | AJ81: Sukarni | AK81: Islam | AM81: PNS | AO81: 085234182400 | BA81: Islam | BH81: Eko Supriyanto, S.Si. | BI81: 1054742 | BJ81: H. Aly Aulia, Lc. M. Hum. | BK81: - / 865 966
A82: 19 | B82: G | C82: C | D82: 11050 | E82: 3080440884 | F82: Muhammad Alfa As'shiddiqi | G82: 10 Juli 2021 | H82: 2021 | J82: 1 | K82: 1 | M82: Laki-laki | N82: Batang | O82: 39666 | P82: 06 Agustus 2008 | R82: 3325060606080001 | S82: Islam | T82: Dukuh Kranggan Tersono Batang Jawa Tengah 51272 | U82: 51272 | V82: Kranggan | W82: Tersono | X82: Batang | Y82: Jawa Tengah | Z82: MTs Mu'allimin Muh. Yogyakarta | AA82: Jl. Letjend. S. Parman No. 68 Yogyakarta | AC82: Muh. Shirot | AD82: Islam | AE82: S1 | AF82: Wiraswasta | AH82: 081578311372 | AJ82: Pratien Endrawati | AK82: Islam | AL82: Diploma | AM82: PNS | AO82: 081578311372 | AQ82: 3325060903110001 | AR82: 3325062401730003 | AS82: Batang | AT82: 26688 | AV82: 3325065201830002 | AW82: Batang | AX82: 30328 | BA82: Islam | BH82: Eko Supriyanto, S.Si. | BI82: 1054742 | BJ82: H. Aly Aulia, Lc. M. Hum. | BK82: - / 865 966
A83: 20 | B83: G | C83: C | D83: 11059 | E83: 0082655617 | F83: Muhammad Bagas Sanjaya | G83: 10 Juli 2021 | H83: 2021 | J83: 3 | M83: Laki-laki | N83: Sleman | O83: 39747 | P83: 26 Oktober 2008 | S83: Islam | T83: Jln. Wates Km. 4,5 No. 53 Ambarketawang Gamping Sleman DIY | U83: 55294 | V83: Ambarketawang | W83: Gamping | X83: Sleman | Y83: DI Yogyakarta | Z83: MTs Mu'allimin Muh. Yogyakarta | AA83: Jl. Letjend. S. Parman No. 68 Yogyakarta | AC83: Tarjono | AD83: Islam | AF83: Wiraswasta | AH83: 082313112377 | AJ83: Lilis Subarjo | AK83: Islam | AM83: Wiraswasta | AO83: 081390223270 | BA83: Islam | BH83: Eko Supriyanto, S.Si. | BI83: 1054742 | BJ83: H. Aly Aulia, Lc. M. Hum. | BK83: - / 865 966
A84: 21 | B84: C | C84: C | D84: 11064 | E84: 0099168221 | F84: Muhammad Ezra Adri Tampubolon | G84: 10 Juli 2021 | H84: 2021 | J84: 1 | M84: Laki-laki | N84: Cilacap | O84: 40011 | P84: 17 Juli 2009 | S84: Islam | T84: Base Camp PT. Sungai Rangit PT. Sampoerna Agro Tbk Jl. Sukamara-Kotawaringin Lama Km. 27 Kartamulya Sukamara Kalimantan Tengah | U84: 74172 | V84: Karta Mulia | W84: Sukamara | X84: Sukamara | Y84: Kalimantan Tengah | Z84: MTs Mu'allimin Muh. Yogyakarta | AA84: Jl. Letjend. S. Parman No. 68 Yogyakarta | AC84: Usmar Hadi Tampubolon | AD84: Islam | AF84: Wiraswasta | AH84: 081345434381 | AJ84: Rinny Fajriani Abidin, SP | AK84: Islam | AM84: Lainnya | AO84: 081327781181 | BA84: Islam | BH84: Eko Supriyanto, S.Si. | BI84: 1054742 | BJ84: H. Aly Aulia, Lc. M. Hum. | BK84: - / 865 966
A85: 22 | B85: E | C85: C | D85: 11066 | E85: 0095045977 | F85: Muhammad Fairuz Zaidaan | G85: 10 Juli 2021 | H85: 2021 | J85: 2 | K85: 4 | M85: Laki-laki | N85: Sorong | O85: 40134 | P85: 17 November 2009 | S85: Islam | T85: Jl. Buncis Malawele Aimas Kab. Sorong Papua | U85: 98481 | V85: Malawele | W85: Aimas | X85: Kab | Y85: Papua | Z85: MTs Mu'allimin Muh. Yogyakarta | AA85: Jl. Letjend. S. Parman No. 68 Yogyakarta | AC85: Maryono | AD85: Islam | AF85: Wiraswasta | AH85: 081247655404 | AJ85: Marlia | AK85: Islam | AM85: PNS | AO85: 081342244220 | BA85: Islam | BH85: Eko Supriyanto, S.Si. | BI85: 1054742 | BJ85: H. Aly Aulia, Lc. M. Hum. | BK85: - / 865 966
A86: 23 | B86: I | C86: C | D86: 11073 | E86: 0088482709 | F86: Muhammad Fatih Hakim | G86: 10 Juli 2021 | H86: 2021 | J86: 1 | M86: Laki-laki | N86: Bantul | O86: 39601 | P86: 02 Juni 2008 | S86: Islam | T86: Susukan II RT 06 RW 05 Margokaton Seyegan Sleman DI Yogyakarta | U86: 55561 | V86: Margokaton | W86: Seyegan | X86: Sleman | Y86: DI Yogyakarta | Z86: MTs Mu'allimin Muh. Yogyakarta | AA86: Jl. Letjend. S. Parman No. 68 Yogyakarta | AC86: Muhammad Yusuf | AD86: Islam | AF86: PNS | AH86: 081362838202 | AJ86: Anik Ilmiyati | AK86: Islam | AM86: PNS | AO86: 085103902171 | BA86: Islam | BH86: Eko Supriyanto, S.Si. | BI86: 1054742 | BJ86: H. Aly Aulia, Lc. M. Hum. | BK86: - / 865 966
A87: 24 | B87: E | C87: C | D87: 11103 | E87: 0087669341 | F87: Muhammad Rizvan Ahnaf | G87: 10 Juli 2021 | H87: 2021 | J87: 4 | K87: 4 | M87: Laki-laki | N87: Pekalongan | O87: 39720 | P87: 29 September 2008 | S87: Islam | T87: Jl. Sulawesi Gang 5B No. 4 Bendan Kergon Pekalongan Barat Pekalongan Jawa Tengah | U87: 51113 | V87: Kergon | W87: Pekalongan Barat | X87: Pekalongan | Y87: Jawa Tengah | Z87: MTs Mu'allimin Muh. Yogyakarta | AA87: Jl. Letjend. S. Parman No. 68 Yogyakarta | AC87: Rudi Hartono | AD87: Islam | AF87: Wiraswasta | AH87: 08164884290 | AJ87: Kurnia Suci Indraningsih | AK87: Islam | AM87: Lainnya | AO87: 085879846653 | BA87: Islam | BH87: Eko Supriyanto, S.Si. | BI87: 1054742 | BJ87: H. Aly Aulia, Lc. M. Hum. | BK87: - / 865 966
A88: 25 | B88: C | C88: C | D88: 11124 | E88: 0093666554 | F88: Nadhir Mahmud Radito | G88: 10 Juli 2021 | H88: 2021 | J88: 1 | K88: 1 | M88: Laki-laki | N88: Sukoharjo | O88: 40147 | P88: 30 November 2009 | R88: 3311083011090001 | S88: Islam | T88: Japunan Asri Cluster D-6 Danurejo Mertoyudan Kab. Magelang Jawa Tengah 56172 | U88: 56172 | V88: Danurejo | W88: Mertoyudan | X88: Magelang | Y88: Jawa Tengah | Z88: MTs Mu'allimin Muh. Yogyakarta | AA88: Jl. Letjend. S. Parman No. 68 Yogyakarta | AC88: Budi Prakosa Radito Adi Purnomo | AD88: Islam | AE88: S1 | AF88: PNS | AH88: 081393216883 | AJ88: Dian Rakhmawati | AK88: Islam | AL88: S1 | AM88: PNS | AO88: 08156703390 | AQ88: 3308100607150016 | AR88: 3311071703740003 | AS88: Sukoharjo | AT88: 27105 | AV88: 3311086810810001 | AW88: Sukoharjo | AX88: 29887 | BA88: Islam | BH88: Eko Supriyanto, S.Si. | BI88: 1054742 | BJ88: H. Aly Aulia, Lc. M. Hum. | BK88: - / 865 966
A89: 26 | B89: J | C89: C | D89: 11127 | E89: 0084586201 | F89: Najmii Shula Hibatullah | G89: 10 Juli 2021 | H89: 2021 | J89: 1 | M89: Laki-laki | N89: Jakarta | O89: 39605 | P89: 06 Juni 2008 | S89: Islam | T89: Jl. Ori Raya No 473 Blok O Pondok Bambu Duren Sawit Jakarta Timur DKI Jakarta | U89: 13430 | V89: Pondok Bambu | W89: Duren Sawit | X89: Jakarta Timur | Y89: DKI Jakarta | Z89: MTs Mu'allimin Muh. Yogyakarta | AA89: Jl. Letjend. S. Parman No. 68 Yogyakarta | AC89: Ade Firdauzi | AD89: Islam | AF89: Lainnya | AH89: 085213629888 | AJ89: Siti Fathonah | AK89: Islam | AM89: Guru | AO89: 081383006660 | BA89: Islam | BH89: Eko Supriyanto, S.Si. | BI89: 1054742 | BJ89: H. Aly Aulia, Lc. M. Hum. | BK89: - / 865 966
A90: 27 | B90: D | C90: C | D90: 11136 | E90: 0097987738 | F90: Naufan Azzaka Waluyo | G90: 10 Juli 2021 | H90: 2021 | J90: 1 | K90: 2 | M90: Laki-laki | N90: Banjarnegara | O90: 40049 | P90: 24 Agustus 2009 | R90: 3304172408090001 | S90: Islam | T90: Wanayasa RT 05 RW 02 Kec. Wanayasa Kab. Banjarnegara Jawa Tengah 53457 | U90: 53457 | V90: Wanayasa | W90: Wanayasa | X90: Banjarnegara | Y90: Jawa Tengah | Z90: MTs Mu'allimin Muh. Yogyakarta | AA90: Jl. Letjend. S. Parman No. 68 Yogyakarta | AC90: Rodik Waluyo | AD90: Islam | AE90: S1 | AF90: TNI/Polri | AH90: 085641652410 | AJ90: Nurkhasanah Prasetiyani | AK90: Islam | AL90: S1 | AM90: Guru | AO90: 085733710063 | AQ90: 3304173110090144 | AR90: 3304170202820001 | AS90: Banyumas | AT90: 29984 | AV90: 3304175509850003 | AW90: Banjarnegara | AX90: 31305 | BA90: Islam | BH90: Eko Supriyanto, S.Si. | BI90: 1054742 | BJ90: H. Aly Aulia, Lc. M. Hum. | BK90: - / 865 966
A91: 28 | B91: F | C91: C | D91: 11149 | E91: 0083679462 | F91: Raditya Dimas Widyawardana | G91: 10 Juli 2021 | H91: 2021 | J91: 2 | M91: Laki-laki | N91: Tenggarong | O91: 39771 | P91: 19 November 2008 | S91: Islam | T91: Jl. Krama Jaya, Blok A No. 2 Mangkurawang Tenggarong Kutai Kartanegara Kalimantan Timur | U91: 75511 | V91: Mangkurawang | W91: Tenggarong | X91: Kutai Kartanegara | Y91: Kalimantan Timur | Z91: MTs Mu'allimin Muh. Yogyakarta | AA91: Jl. Letjend. S. Parman No. 68 Yogyakarta | AC91: Ketut Bayu Putu Adi | AD91: Islam | AF91: Wiraswasta | AH91: 08125835719 | AJ91: Nurpitasari Handayani | AK91: Islam | AM91: Guru | AO91: 081545902822 | BA91: Islam | BH91: Eko Supriyanto, S.Si. | BI91: 1054742 | BJ91: H. Aly Aulia, Lc. M. Hum. | BK91: - / 865 966
A92: 29 | B92: G | C92: C | D92: 11171 | E92: 0086167591 | F92: Salman Al-Farisi | G92: 10 Juli 2021 | H92: 2021 | J92: 1 | M92: Laki-laki | N92: Surabaya | O92: 39703 | P92: 12 September 2008 | S92: Islam | T92: Jl. Mulyosari Tengah 7 No 18 Mulyorejo Surabaya Jawa Timur-60112 | U92: 60112 | V92: Mulyosari | W92: Mulyorejo | X92: Surabaya | Y92: Jawa Timur | Z92: MTs Mu'allimin Muh. Yogyakarta | AA92: Jl. Letjend. S. Parman No. 68 Yogyakarta | AC92: Rio Muhammad | AD92: Islam | AF92: Lainnya | AH92: 082156333354 | AJ92: Hikmah Ali | AK92: Islam | AM92: Wiraswasta | AO92: 08113344314 | BA92: Islam | BH92: Eko Supriyanto, S.Si. | BI92: 1054742 | BJ92: H. Aly Aulia, Lc. M. Hum. | BK92: - / 865 966
A93: 30 | B93: D | C93: C | D93: 11176 | E93: 0094545405 | F93: Taqiyullah Amurwabhumi | G93: 10 Juli 2021 | H93: 2021 | J93: 1 | K93: 3 | M93: Laki-laki | N93: Bandar Lampung | O93: 39931 | P93: 28 April 2009 | R93: 1801642804090002 | S93: Islam | T93: Jalan Kutilang Sakti Simpang Baru Tampan Pekanbaru Riau 28293 | U93: 28293 | V93: Simpang Baru | W93: Tampan | X93: Kota Pekanbaru | Y93: Riau | Z93: MTs Mu'allimin Muh. Yogyakarta | AA93: Jl. Letjend. S. Parman No. 68 Yogyakarta | AC93: A. Tirta Irawan | AD93: Islam | AE93: S2 | AF93: PNS | AH93: 0811797851 | AJ93: Meni Warlia | AK93: Islam | AL93: S2 | AM93: PNS | AO93: 0811798938 | AQ93: 1471081212140012 | AR93: 1505020307800004 | AS93: Kota Bumi | AT93: 29282 | AV93: 1505026311800001 | AW93: Bukittinggi | AX93: 29548 | BA93: Islam | BH93: Eko Supriyanto, S.Si. | BI93: 1054742 | BJ93: H. Aly Aulia, Lc. M. Hum. | BK93: - / 865 966
A94: 31 | B94: J | C94: C | D94: 11178 | E94: 3080438639 | F94: Tegar Valencia Rafhiko Pasha | G94: 10 Juli 2021 | H94: 2021 | J94: 2 | M94: Laki-laki | N94: Bojonegoro | O94: 39684 | P94: 24 Agustus 2008 | S94: Islam | T94: Jl. Rajawali No. 559 Sumberrejo Bojonegoro Jawa Timur | U94: 62191 | V94: Kedungrejo | W94: Sumberrejo | X94: Bojonegoro | Y94: Jawa Timur | Z94: MTs Mu'allimin Muh. Yogyakarta | AA94: Jl. Letjend. S. Parman No. 68 Yogyakarta | AC94: Djoko Poerwanto | AD94: Islam | AF94: Lainnya | AH94: 081249413444 | AJ94: Nelly Putri Rohmawati | AK94: Islam | AM94: Wiraswasta | AO94: 081249413444 | BA94: Islam | BH94: Eko Supriyanto, S.Si. | BI94: 1054742 | BJ94: H. Aly Aulia, Lc. M. Hum. | BK94: - / 865 966
A95: 1 | B95: A | C95: D | D95: 10877 | E95: 087015824 | F95: Abdillah Adlan Wicaksana | G95: 10 Juli 2021 | H95: 2021 | J95: 3 | K95: 2 | M95: Laki-laki | N95: Banjarnegara | O95: 39696 | P95: 5 September 2008 | R95: 33304060509080001 | S95: Islam | T95: Perum. Kalisemi Indah Jl. Rajawali 3 blok A3 no.4 Parakancanggah, Banjarnegara, Banjarnegara, Jawa Tengah 53412 | U95: 53412 | V95: Parakancanggah | W95: Banjarnegara | X95: Banjarnegara | Y95: Jawa Tengah | Z95: MTs Mu'allimin Muh. Yogyakarta | AA95: Jl. Letjend. S. Parman No. 68 Yogyakarta | AC95: Adji Harsoyo | AD95: Islam | AE95: S1 | AF95: Karywan BUMN | AG95: di atas Rp. 5.000.000,- | AH95: 081328748169 | AI95: adji.harsoyo@gmail.com | AJ95: Asih Suharti | AK95: Islam | AL95: Diploma | AM95: Ibu Rumah Tangga | AN95: di bawah Rp. 2.000.000,- | AO95: 081327989100 | AP95: asihsuharti@gmail.com | AQ95: 3304060903056108 | AR95: 304061501730001 | AS95: Banyumas | AT95: 26679 | AV95: 3304064505730002 | AW95: Banyumas | AX95: 26789 | BH95: Afid Andono, S.Pd. | BI95: 1328090 | BJ95: H. Aly Aulia, Lc. M. Hum. | BK95: - / 865 966
A96: 2 | B96: E | C96: D | D96: 10887 | E96: 0085408101 | F96: Ahmad Ali Daffa | G96: 10 Juli 2021 | H96: 2021 | J96: 1 | K96: 3 | M96: Laki-laki | N96: Sidoarjo | O96: 39801 | P96: 19 Desember 2008 | S96: Islam | T96: Gg. Masjid No. 136 Ganting Gedangan Sidoarjo Jawa Timur | U96: 61257 | V96: Ganting | W96: Gedangan | X96: Sidoarjo | Y96: Jawa Timur | Z96: MTs Mu'allimin Muh. Yogyakarta | AA96: Jl. Letjend. S. Parman No. 68 Yogyakarta | AC96: Miftahurrohmat Rosjidi, S.Sos. | AD96: Islam | AF96: Lainnya | AH96: 08121794352 | AJ96: Ita Fitriyah Hidayat | AK96: Islam | AM96: Guru | AO96: 081336713983 | BA96: Islam | BH96: Afid Andono, S.Pd. | BI96: 1328090 | BJ96: H. Aly Aulia, Lc. M. Hum. | BK96: - / 865 966
A97: 3 | B97: E | C97: D | D97: 10891 | E97: 0093512800 | F97: Ahmad Muflih Satrio | G97: 10 Juli 2021 | H97: 2021 | J97: 2 | K97: 4 | M97: Laki-laki | N97: Semarang | O97: 40076 | P97: 20 September 2009 | S97: Islam | T97: Jl. Gunung Tidar No. 3 BSD Gunung Elai Bontang Utara Kalimantan Timur | U97: 75311 | V97: Gunung Elai | W97: Bontang Utara | X97: Kota Bontang | Y97: Kalimantan Timur | Z97: MTs Mu'allimin Muh. Yogyakarta | AA97: Jl. Letjend. S. Parman No. 68 Yogyakarta | AC97: Ida Bagus Nurcahyo | AD97: Islam | AF97: Lainnya | AH97: 089655500050 | AJ97: Dwi Kartikawati | AK97: Islam | AM97: Guru | AO97: 081228291172 | BA97: Islam | BH97: Afid Andono, S.Pd. | BI97: 1328090 | BJ97: H. Aly Aulia, Lc. M. Hum. | BK97: - / 865 966
A98: 4 | B98: C | C98: D | D98: 10897 | E98: 3090910227 | F98: Akhmad Ravi Dhanissworo | G98: 10 Juli 2021 | H98: 2021 | J98: 1 | M98: Laki-laki | N98: Jakarta | O98: 39950 | P98: 17 Mei 2009 | S98: Islam | T98: Villa Kalisari No B29 Pasir Gunung Selatan Cimanggis Depok Jawa Barat | U98: 16451 | V98: Pasir Gunung Selatan | W98: Cimanggis | X98: Depok | Y98: Jawa Barat | Z98: MTs Mu'allimin Muh. Yogyakarta | AA98: Jl. Letjend. S. Parman No. 68 Yogyakarta | AC98: Teguh Prayitno | AD98: Islam | AF98: Lainnya | AH98: 081382011595 | AJ98: Indhira Sinta Dewi, SE | AK98: Islam | AM98: Lainnya | AO98: 081388731556 | BA98: Islam | BH98: Afid Andono, S.Pd. | BI98: 1328090 | BJ98: H. Aly Aulia, Lc. M. Hum. | BK98: - / 865 966
A99: 5 | B99: F | C99: D | D99: 10910 | E99: 0095453448 | F99: Arib Muhammad Hisyam | G99: 10 Juli 2021 | H99: 2021 | J99: 3 | M99: Laki-laki | N99: Palembang | O99: 39892 | P99: 20 Maret 2009 | S99: Islam | T99: Komp PLN UP2B Sumbagteng No.02 Jl. H. Sutami Batang Tapakis Sintuk Toboh Gadang Padang Pariaman Sumatera Barat | U99: 25582 | V99: Sintuk | W99: Sintuk Toboh Gadang | X99: Padang Pariaman | Y99: Sumatera Barat | Z99: MTs Mu'allimin Muh. Yogyakarta | AA99: Jl. Letjend. S. Parman No. 68 Yogyakarta | AC99: Budi Cahayono | AD99: Islam | AF99: Lainnya | AH99: 081367063188 | AJ99: Yarifa Barkiah Agulis | AK99: Islam | AM99: Lainnya | AO99: 081367751690 | BA99: Islam | BH99: Afid Andono, S.Pd. | BI99: 1328090 | BJ99: H. Aly Aulia, Lc. M. Hum. | BK99: - / 865 966
A100: 6 | B100: H | C100: D | D100: 10923 | E100: 00827788250 | F100: Athalla Aryaputra Widodo | G100: 10 Juli 2021 | H100: 2021 | J100: 2 | K100: 3 | M100: Laki-laki | N100: Semarang | O100: 39696 | P100: 05 September 2008 | R100: 3374140509080002 | S100: Islam | T100: Wonolopo RT 03 RW 06 Mijen Semarang Jateng 50215 | U100: 50215 | V100: Wonolopo | W100: Mijen | X100: Kota Semarang | Y100: Jawa Tengah | Z100: MTs Mu'allimin Muh. Yogyakarta | AA100: Jl. Letjend. S. Parman No. 68 Yogyakarta | AC100: Endrian Widodo | AD100: Islam | AE100: S1 | AF100: PNS | AH100: 08122503061 | AJ100: Aniyah Hartini | AK100: Islam | AL100: Diploma | AM100: Karyawan Honorer | AO100: 08122503062 | AQ100: 3374141303070003 | AR100: 3374141911810002 | AS100: Cimanggu | AT100: 29909 | AV100: 3374146106810002 | AW100: Wonosobo | AX100: 29758 | BA100: Islam | BH100: Afid Andono, S.Pd. | BI100: 1328090 | BJ100: H. Aly Aulia, Lc. M. Hum. | BK100: - / 865 966
...

Sheet PERKELAS
A1: PARALEL | B1: NO | C1: INDUK | D1: NISN | E1: NAMA SISWA | F1: Jenis Kelamin | G1: TEMPAT LAHIR | H1: TANGGAL LAHIR | I1: Agama | J1: Anak Ke | K1: Jml Saudara | L1: Alamat Tempat Tinggal | M1: KELURAHAN | N1: KECAMATAN | O1: Kabupaten/kota | P1: Provinsi | Q1: Asal Sekolah | R1: Alamat Sekolah | S1: Prestasi | T1: Nama Ayah | U1: Agama Ayah | V1: Pendidikan | W1: Pekerjaan | X1: Penghasilan | Y1: Telp | Z1: Email | AA1: Nama Ibu | AB1: Agama Ibu | AC1: Pendidikan | AD1: Pekerjaan | AE1: Penghasilan | AF1: Telp | AG1: Email | AH1: Nama Wali | AI1: Agama Wali | AJ1: Pendidikan | AK1: Pekerjaan | AL1: Alamat Wali | AM1: Penghasilan | AN1: Telp | AO1: Email | AP1: Nama WK
A2: A | B2: 4 | C2: ='BIO DATA'!D2 -> 10886 | D2: ='BIO DATA'!E2 -> 0082005792 | E2: ='BIO DATA'!F2:F32 -> Ahmad Abrisam Awaluddin Fadlur Rahman | F2: ='BIO DATA'!M2 -> Laki-laki | G2: ='BIO DATA'!N2 -> Surabaya | H2: ='BIO DATA'!O2 -> 39612 | I2: ='BIO DATA'!S2 -> Islam | J2: ='BIO DATA'!J2 -> 1 | K2: ='BIO DATA'!K2 -> 0 | L2: ='BIO DATA'!T2 -> Jl. Jemurwonosari Gang I No 16 B Wonocolo Surabaya Jawa Timur | M2: ='BIO DATA'!V2 -> Jemursari | N2: ='BIO DATA'!W2 -> Wonocolo | O2: ='BIO DATA'!X2 -> Surabaya | P2: ='BIO DATA'!Y2 -> Jawa Timur | Q2: ='BIO DATA'!Z2 -> MTs Mu'allimin Muh. Yogyakarta | R2: ='BIO DATA'!AA2 -> Jl. Letjend. S. Parman No. 68 Yogyakarta | S2: ='BIO DATA'!AB2 -> 0 | T2: ='BIO DATA'!AC2 -> Mukhlasin, ST., M.Pd. | ... AG2: ='BIO DATA'!AP2 -> 0 | AH2: ='BIO DATA'!AZ2 -> 0 | AI2: ='BIO DATA'!BA2 -> Islam | AJ2: ='BIO DATA'!BB2 -> 0 | AK2: ='BIO DATA'!BC2 -> 0 | AL2: ='BIO DATA'!BD2 -> 0 | AM2: ='BIO DATA'!BE2 -> 0 | AN2: ='BIO DATA'!BF2 -> 0 | AO2: ='BIO DATA'!BG2 -> 0 | AP2: ='BIO DATA'!BH2 -> Ikhwanuddin, S.H.I., M.S.I.
A3: A | B3: 13 | C3: ='BIO DATA'!D3 -> 10907 | D3: ='BIO DATA'!E3 -> 0081641644 | E3: ='BIO DATA'!F3:F33 -> Arash Fardad Muhammad Fateh | F3: ='BIO DATA'!M3 -> Laki-laki | G3: ='BIO DATA'!N3 -> Magelang | H3: ='BIO DATA'!O3 -> 39630 | I3: ='BIO DATA'!S3 -> Islam | J3: ='BIO DATA'!J3 -> 1 | K3: ='BIO DATA'!K3 -> 2 | L3: ='BIO DATA'!T3 -> Mingking Sokorini Muntilan Kab. Magelang Jawa Tengah 56451 | M3: ='BIO DATA'!V3 -> Sokorini | N3: ='BIO DATA'!W3 -> Muntilan | O3: ='BIO DATA'!X3 -> Magelang | P3: ='BIO DATA'!Y3 -> Jawa Tengah | Q3: ='BIO DATA'!Z3 -> MTs Mu'allimin Muh. Yogyakarta | R3: ='BIO DATA'!AA3 -> Jl. Letjend. S. Parman No. 68 Yogyakarta | S3: ='BIO DATA'!AB3 -> 0 | T3: ='BIO DATA'!AC3 -> Ahmad Abdul Jabar | ... AG3: ='BIO DATA'!AP3 -> 0 | AH3: ='BIO DATA'!AZ3 -> 0 | AI3: ='BIO DATA'!BA3 -> Islam | AJ3: ='BIO DATA'!BB3 -> 0 | AK3: ='BIO DATA'!BC3 -> 0 | AL3: ='BIO DATA'!BD3 -> 0 | AM3: ='BIO DATA'!BE3 -> 0 | AN3: ='BIO DATA'!BF3 -> 0 | AO3: ='BIO DATA'!BG3 -> 0 | AP3: ='BIO DATA'!BH3 -> Ikhwanuddin, S.H.I., M.S.I.
A4: A | B4: 25 | C4: ='BIO DATA'!D4 -> 10908 | D4: ='BIO DATA'!E4 -> 0089552731 | E4: ='BIO DATA'!F4:F34 -> Ardiansyah Rafi Ramadhan | F4: ='BIO DATA'!M4 -> Laki-laki | G4: ='BIO DATA'!N4 -> Yogyakarta | H4: ='BIO DATA'!O4 -> 39693 | I4: ='BIO DATA'!S4 -> Islam | J4: ='BIO DATA'!J4 -> 1 | K4: ='BIO DATA'!K4 -> 0 | L4: ='BIO DATA'!T4 -> Warungboto, Umbulharjo 4 RT 31 RW 08 No 868 Kota Yogyakarta DI Yogyakarta | M4: ='BIO DATA'!V4 -> Warungboto | N4: ='BIO DATA'!W4 -> Umbulharjo | O4: ='BIO DATA'!X4 -> Kota Yogyakarta | P4: ='BIO DATA'!Y4 -> DI Yogyakarta | Q4: ='BIO DATA'!Z4 -> MTs Mu'allimin Muh. Yogyakarta | R4: ='BIO DATA'!AA4 -> Jl. Letjend. S. Parman No. 68 Yogyakarta | S4: ='BIO DATA'!AB4 -> 0 | T4: ='BIO DATA'!AC4 -> Muhammad Ma'ruf | ... AG4: ='BIO DATA'!AP4 -> 0 | AH4: ='BIO DATA'!AZ4 -> 0 | AI4: ='BIO DATA'!BA4 -> Islam | AJ4: ='BIO DATA'!BB4 -> 0 | AK4: ='BIO DATA'!BC4 -> 0 | AL4: ='BIO DATA'!BD4 -> 0 | AM4: ='BIO DATA'!BE4 -> 0 | AN4: ='BIO DATA'!BF4 -> 0 | AO4: ='BIO DATA'!BG4 -> 0 | AP4: ='BIO DATA'!BH4 -> Ikhwanuddin, S.H.I., M.S.I.
A5: A | B5: 27 | C5: ='BIO DATA'!D5 -> 10930 | D5: ='BIO DATA'!E5 -> 3081859596 | E5: ='BIO DATA'!F5:F35 -> Bagus Murtadha Ayyasy Putra Amin | F5: ='BIO DATA'!M5 -> Laki-laki | G5: ='BIO DATA'!N5 -> Wonosobo | H5: ='BIO DATA'!O5 -> 39690 | I5: ='BIO DATA'!S5 -> Islam | J5: ='BIO DATA'!J5 -> 4 | K5: ='BIO DATA'!K5 -> 0 | L5: ='BIO DATA'!T5 -> Tuksari Kejajar Wonosobo Jawa Tengah | M5: ='BIO DATA'!V5 -> Tuksari | N5: ='BIO DATA'!W5 -> Kejajar | O5: ='BIO DATA'!X5 -> Wonosobo | P5: ='BIO DATA'!Y5 -> Jawa Tengah | Q5: ='BIO DATA'!Z5 -> MTs Mu'allimin Muh. Yogyakarta | R5: ='BIO DATA'!AA5 -> Jl. Letjend. S. Parman No. 68 Yogyakarta | S5: ='BIO DATA'!AB5 -> 0 | T5: ='BIO DATA'!AC5 -> Aminudin | ... AG5: ='BIO DATA'!AP5 -> 0 | AH5: ='BIO DATA'!AZ5 -> 0 | AI5: ='BIO DATA'!BA5 -> Islam | AJ5: ='BIO DATA'!BB5 -> 0 | AK5: ='BIO DATA'!BC5 -> 0 | AL5: ='BIO DATA'!BD5 -> 0 | AM5: ='BIO DATA'!BE5 -> 0 | AN5: ='BIO DATA'!BF5 -> 0 | AO5: ='BIO DATA'!BG5 -> 0 | AP5: ='BIO DATA'!BH5 -> Ikhwanuddin, S.H.I., M.S.I.
A6: A | B6: 35 | C6: ='BIO DATA'!D6 -> 10973 | D6: ='BIO DATA'!E6 -> 0094471717 | E6: ='BIO DATA'!F6:F36 -> Fathurrahman Al-Mumtaz | F6: ='BIO DATA'!M6 -> Laki-laki | G6: ='BIO DATA'!N6 -> Semarang | H6: ='BIO DATA'!O6 -> 39986 | I6: ='BIO DATA'!S6 -> Islam | J6: ='BIO DATA'!J6 -> 2 | K6: ='BIO DATA'!K6 -> 1 | L6: ='BIO DATA'!T6 -> Pedukuhan Senuko Sidoagung Godean Sleman DI Yogyakarta | M6: ='BIO DATA'!V6 -> Sidoagung | N6: ='BIO DATA'!W6 -> Godean | O6: ='BIO DATA'!X6 -> Sleman | P6: ='BIO DATA'!Y6 -> DI Yogyakarta | Q6: ='BIO DATA'!Z6 -> MTs Mu'allimin Muh. Yogyakarta | R6: ='BIO DATA'!AA6 -> Jl. Letjend. S. Parman No. 68 Yogyakarta | S6: ='BIO DATA'!AB6 -> 0 | T6: ='BIO DATA'!AC6 -> H. Eva Kumala Pontas, ST | ... AG6: ='BIO DATA'!AP6 -> hastuti.ramadhana20@gmail.com | AH6: ='BIO DATA'!AZ6 -> 0 | AI6: ='BIO DATA'!BA6 -> Islam | AJ6: ='BIO DATA'!BB6 -> 0 | AK6: ='BIO DATA'!BC6 -> 0 | AL6: ='BIO DATA'!BD6 -> 0 | AM6: ='BIO DATA'!BE6 -> 0 | AN6: ='BIO DATA'!BF6 -> 0 | AO6: ='BIO DATA'!BG6 -> 0 | AP6: ='BIO DATA'!BH6 -> Ikhwanuddin, S.H.I., M.S.I.
A7: A | B7: 44 | C7: ='BIO DATA'!D7 -> 10975 | D7: ='BIO DATA'!E7 -> 0091610526 | E7: ='BIO DATA'!F7:F37 -> Fatih Fazliansyah | F7: ='BIO DATA'!M7 -> Laki-laki | G7: ='BIO DATA'!N7 -> Tangerang | H7: ='BIO DATA'!O7 -> 39913 | I7: ='BIO DATA'!S7 -> Islam | J7: ='BIO DATA'!J7 -> 1 | K7: ='BIO DATA'!K7 -> 0 | L7: ='BIO DATA'!T7 -> Jl. Masjid Baiturrahman Porisgaga Baru Batu Ceper Tangerang Banten | M7: ='BIO DATA'!V7 -> Porisgaga Baru | N7: ='BIO DATA'!W7 -> Batu Ceper | O7: ='BIO DATA'!X7 -> Tangerang | P7: ='BIO DATA'!Y7 -> Banten | Q7: ='BIO DATA'!Z7 -> MTs Mu'allimin Muh. Yogyakarta | R7: ='BIO DATA'!AA7 -> Jl. Letjend. S. Parman No. 68 Yogyakarta | S7: ='BIO DATA'!AB7 -> 0 | T7: ='BIO DATA'!AC7 -> Firmansyah | ... AG7: ='BIO DATA'!AP7 -> 0 | AH7: ='BIO DATA'!AZ7 -> 0 | AI7: ='BIO DATA'!BA7 -> Islam | AJ7: ='BIO DATA'!BB7 -> 0 | AK7: ='BIO DATA'!BC7 -> 0 | AL7: ='BIO DATA'!BD7 -> 0 | AM7: ='BIO DATA'!BE7 -> 0 | AN7: ='BIO DATA'!BF7 -> 0 | AO7: ='BIO DATA'!BG7 -> 0 | AP7: ='BIO DATA'!BH7 -> Ikhwanuddin, S.H.I., M.S.I.
A8: A | B8: 56 | C8: ='BIO DATA'!D8 -> 10986 | D8: ='BIO DATA'!E8 -> 0081988453 | E8: ='BIO DATA'!F8:F38 -> Ghatfan Muhammad Attar | F8: ='BIO DATA'!M8 -> Laki-laki | G8: ='BIO DATA'!N8 -> Bekasi | H8: ='BIO DATA'!O8 -> 39719 | I8: ='BIO DATA'!S8 -> Islam | J8: ='BIO DATA'!J8 -> 3 | K8: ='BIO DATA'!K8 -> 2 | L8: ='BIO DATA'!T8 -> Jl. Gambir Sawit No. 18B 042/011 Pandeyan Umbulharjo Kota Yogyakarta DIY 55161 | M8: ='BIO DATA'!V8 -> Pandeyan | N8: ='BIO DATA'!W8 -> Umbulharjo | O8: ='BIO DATA'!X8 -> Kota Yogyakarta | P8: ='BIO DATA'!Y8 -> DI Yogyakarta | Q8: ='BIO DATA'!Z8 -> MTs Mu'allimin Muh. Yogyakarta | R8: ='BIO DATA'!AA8 -> Jl. Letjend. S. Parman No. 68 Yogyakarta | S8: ='BIO DATA'!AB8 -> 0 | T8: ='BIO DATA'!AC8 -> Bambang Margarita, A.Md. | ... AG8: ='BIO DATA'!AP8 -> 0 | AH8: ='BIO DATA'!AZ8 -> 0 | AI8: ='BIO DATA'!BA8 -> Islam | AJ8: ='BIO DATA'!BB8 -> 0 | AK8: ='BIO DATA'!BC8 -> 0 | AL8: ='BIO DATA'!BD8 -> 0 | AM8: ='BIO DATA'!BE8 -> 0 | AN8: ='BIO DATA'!BF8 -> 0 | AO8: ='BIO DATA'!BG8 -> 0 | AP8: ='BIO DATA'!BH8 -> Ikhwanuddin, S.H.I., M.S.I.
A9: A | B9: 76 | C9: ='BIO DATA'!D9 -> 10989 | D9: ='BIO DATA'!E9 -> 0092583854 | E9: ='BIO DATA'!F9:F39 -> Ghozi Yazid Rahman | F9: ='BIO DATA'!M9 -> Laki-laki | G9: ='BIO DATA'!N9 -> Purworejo | H9: ='BIO DATA'!O9 -> 39821 | I9: ='BIO DATA'!S9 -> Islam | J9: ='BIO DATA'!J9 -> 2 | K9: ='BIO DATA'!K9 -> 0 | L9: ='BIO DATA'!T9 -> Jl. Gatot Subroto No. 461 Keseneng Purworejo Jawa Tengah | M9: ='BIO DATA'!V9 -> Keseneng | N9: ='BIO DATA'!W9 -> Purworejo | O9: ='BIO DATA'!X9 -> Purworejo | P9: ='BIO DATA'!Y9 -> Jawa Tengah | Q9: ='BIO DATA'!Z9 -> MTs Mu'allimin Muh. Yogyakarta | R9: ='BIO DATA'!AA9 -> Jl. Letjend. S. Parman No. 68 Yogyakarta | S9: ='BIO DATA'!AB9 -> 0 | T9: ='BIO DATA'!AC9 -> Bakhruni Rakhman | ... AG9: ='BIO DATA'!AP9 -> 0 | AH9: ='BIO DATA'!AZ9 -> 0 | AI9: ='BIO DATA'!BA9 -> Islam | AJ9: ='BIO DATA'!BB9 -> 0 | AK9: ='BIO DATA'!BC9 -> 0 | AL9: ='BIO DATA'!BD9 -> 0 | AM9: ='BIO DATA'!BE9 -> 0 | AN9: ='BIO DATA'!BF9 -> 0 | AO9: ='BIO DATA'!BG9 -> 0 | AP9: ='BIO DATA'!BH9 -> Ikhwanuddin, S.H.I., M.S.I.
A10: A | B10: 83 | C10: ='BIO DATA'!D10 -> 10997 | D10: ='BIO DATA'!E10 -> 0094445811 | E10: ='BIO DATA'!F10:F40 -> Hibban Ammar Ismail | F10: ='BIO DATA'!M10 -> Laki-laki | G10: ='BIO DATA'!N10 -> Yogyakarta | H10: ='BIO DATA'!O10 -> 39705 | I10: ='BIO DATA'!S10 -> Islam | J10: ='BIO DATA'!J10 -> 1 | K10: ='BIO DATA'!K10 -> 1 | L10: ='BIO DATA'!T10 -> Jl. Wates No. 171 Rejodadi DK. XI Ngestiharjo Kasihan Bantul DI Yogyakarta 55181 | M10: ='BIO DATA'!V10 -> Ngestiharjo | N10: ='BIO DATA'!W10 -> Kasihan | O10: ='BIO DATA'!X10 -> Bantul | P10: ='BIO DATA'!Y10 -> DI Yogyakarta | Q10: ='BIO DATA'!Z10 -> MTs Mu'allimin Muh. Yogyakarta | R10: ='BIO DATA'!AA10 -> Jl. Letjend. S. Parman No. 68 Yogyakarta | S10: ='BIO DATA'!AB10 -> 0 | T10: ='BIO DATA'!AC10 -> Mustafa Ismail | ... AG10: ='BIO DATA'!AP10 -> 0 | AH10: ='BIO DATA'!AZ10 -> 0 | AI10: ='BIO DATA'!BA10 -> Islam | AJ10: ='BIO DATA'!BB10 -> 0 | AK10: ='BIO DATA'!BC10 -> 0 | AL10: ='BIO DATA'!BD10 -> 0 | AM10: ='BIO DATA'!BE10 -> 0 | AN10: ='BIO DATA'!BF10 -> 0 | AO10: ='BIO DATA'!BG10 -> 0 | AP10: ='BIO DATA'!BH10 -> Ikhwanuddin, S.H.I., M.S.I.
A11: A | B11: 85 | C11: ='BIO DATA'!D11 -> 11002 | D11: ='BIO DATA'!E11 -> 0086260742 | E11: ='BIO DATA'!F11:F41 -> Imaduddin Aufal Marom | F11: ='BIO DATA'!M11 -> Laki-laki | G11: ='BIO DATA'!N11 -> Kulon Progo | H11: ='BIO DATA'!O11 -> 39764 | I11: ='BIO DATA'!S11 -> Islam | J11: ='BIO DATA'!J11 -> 3 | K11: ='BIO DATA'!K11 -> 0 | L11: ='BIO DATA'!T11 -> Margosari Pengasih Kulon Progo DI Yogyakarta | M11: ='BIO DATA'!V11 -> Margosari | N11: ='BIO DATA'!W11 -> Pengasih | O11: ='BIO DATA'!X11 -> Kulon Progo | P11: ='BIO DATA'!Y11 -> DI Yogyakarta | Q11: ='BIO DATA'!Z11 -> MTs Mu'allimin Muh. Yogyakarta | R11: ='BIO DATA'!AA11 -> Jl. Letjend. S. Parman No. 68 Yogyakarta | S11: ='BIO DATA'!AB11 -> 0 | T11: ='BIO DATA'!AC11 -> Djama'ah | ... AG11: ='BIO DATA'!AP11 -> 0 | AH11: ='BIO DATA'!AZ11 -> 0 | AI11: ='BIO DATA'!BA11 -> Islam | AJ11: ='BIO DATA'!BB11 -> 0 | AK11: ='BIO DATA'!BC11 -> 0 | AL11: ='BIO DATA'!BD11 -> 0 | AM11: ='BIO DATA'!BE11 -> 0 | AN11: ='BIO DATA'!BF11 -> 0 | AO11: ='BIO DATA'!BG11 -> 0 | AP11: ='BIO DATA'!BH11 -> Ikhwanuddin, S.H.I., M.S.I.
A12: A | B12: 95 | C12: ='BIO DATA'!D12 -> 11020 | D12: ='BIO DATA'!E12 -> 0107989881 | E12: ='BIO DATA'!F12:F42 -> M. Kasyfi Rahman | F12: ='BIO DATA'!M12 -> Laki-laki | G12: ='BIO DATA'!N12 -> Kota Medan | H12: ='BIO DATA'!O12 -> 40221 | I12: ='BIO DATA'!S12 -> Islam | J12: ='BIO DATA'!J12 -> 3 | K12: ='BIO DATA'!K12 -> 0 | L12: ='BIO DATA'!T12 -> Jl. Jermal IV No 18 LK IV Denai Medan Denai Kota Medan Sumatera Utara | M12: ='BIO DATA'!V12 -> Denai | N12: ='BIO DATA'!W12 -> Medan Denai | O12: ='BIO DATA'!X12 -> Kota Medan | P12: ='BIO DATA'!Y12 -> Sumatera Utara | Q12: ='BIO DATA'!Z12 -> MTs Mu'allimin Muh. Yogyakarta | R12: ='BIO DATA'!AA12 -> Jl. Letjend. S. Parman No. 68 Yogyakarta | S12: ='BIO DATA'!AB12 -> 0 | T12: ='BIO DATA'!AC12 -> Rafdinal S.Sos., MAP | ... AG12: ='BIO DATA'!AP12 -> 0 | AH12: ='BIO DATA'!AZ12 -> 0 | AI12: ='BIO DATA'!BA12 -> Islam | AJ12: ='BIO DATA'!BB12 -> 0 | AK12: ='BIO DATA'!BC12 -> 0 | AL12: ='BIO DATA'!BD12 -> 0 | AM12: ='BIO DATA'!BE12 -> 0 | AN12: ='BIO DATA'!BF12 -> 0 | AO12: ='BIO DATA'!BG12 -> 0 | AP12: ='BIO DATA'!BH12 -> Ikhwanuddin, S.H.I., M.S.I.
A13: A | B13: 105 | C13: ='BIO DATA'!D13 -> 11030 | D13: ='BIO DATA'!E13 -> 0088996299 | E13: ='BIO DATA'!F13:F43 -> Miqdad | F13: ='BIO DATA'!M13 -> Laki-laki | G13: ='BIO DATA'!N13 -> Kulon Progo | H13: ='BIO DATA'!O13 -> 39737 | I13: ='BIO DATA'!S13 -> Islam | J13: ='BIO DATA'!J13 -> 1 | K13: ='BIO DATA'!K13 -> 2 | L13: ='BIO DATA'!T13 -> Sigran Dk.1 Tirtorahayu Galur Kulon Progo DI Yogyakarta 55661 | M13: ='BIO DATA'!V13 -> Tirtorahayu | N13: ='BIO DATA'!W13 -> Galur | O13: ='BIO DATA'!X13 -> Kulon Progo | P13: ='BIO DATA'!Y13 -> DI Yogyakarta | Q13: ='BIO DATA'!Z13 -> MTs Mu'allimin Muh. Yogyakarta | R13: ='BIO DATA'!AA13 -> Jl. Letjend. S. Parman No. 68 Yogyakarta | S13: ='BIO DATA'!AB13 -> 0 | T13: ='BIO DATA'!AC13 -> Dwi Purwanto | ... AG13: ='BIO DATA'!AP13 -> 0 | AH13: ='BIO DATA'!AZ13 -> 0 | AI13: ='BIO DATA'!BA13 -> Islam | AJ13: ='BIO DATA'!BB13 -> 0 | AK13: ='BIO DATA'!BC13 -> 0 | AL13: ='BIO DATA'!BD13 -> 0 | AM13: ='BIO DATA'!BE13 -> 0 | AN13: ='BIO DATA'!BF13 -> 0 | AO13: ='BIO DATA'!BG13 -> 0 | AP13: ='BIO DATA'!BH13 -> Ikhwanuddin, S.H.I., M.S.I.
... A26: A | B26: 272 | C26: ='BIO DATA'!D26 -> 11153 | D26: ='BIO DATA'!E26 -> 0095371945 | E26: ='BIO DATA'!F26:F56 -> Rafif Attaya Zahran | F26: ='BIO DATA'!M26 -> Laki-laki | G26: ='BIO DATA'!N26 -> Kulon Progo | H26: ='BIO DATA'!O26 -> 39915 | I26: ='BIO DATA'!S26 -> Islam | J26: ='BIO DATA'!J26 -> 1 | K26: ='BIO DATA'!K26 -> 0 | L26: ='BIO DATA'!T26 -> Cabean Bumirejo Lendah Kulon Progo DIY | M26: ='BIO DATA'!V26 -> Bumirejo | N26: ='BIO DATA'!W26 -> Lendah | O26: ='BIO DATA'!X26 -> Kulon Progo | P26: ='BIO DATA'!Y26 -> DI Yogyakarta | Q26: ='BIO DATA'!Z26 -> MTs Mu'allimin Muh. Yogyakarta | R26: ='BIO DATA'!AA26 -> Jl. Letjend. S. Parman No. 68 Yogyakarta | S26: ='BIO DATA'!AB26 -> 0 | T26: ='BIO DATA'!AC26 -> Bayu Rianto Nugroho, SE | ... AG26: ='BIO DATA'!AP26 -> 0 | AH26: ='BIO DATA'!AZ26 -> 0 | AI26: ='BIO DATA'!BA26 -> Islam | AJ26: ='BIO DATA'!BB26 -> 0 | AK26: ='BIO DATA'!BC26 -> 0 | AL26: ='BIO DATA'!BD26 -> 0 | AM26: ='BIO DATA'!BE26 -> 0 | AN26: ='BIO DATA'!BF26 -> 0 | AO26: ='BIO DATA'!BG26 -> 0 | AP26: ='BIO DATA'!BH26 -> Ikhwanuddin, S.H.I., M.S.I.
A27: A | C27: ='BIO DATA'!D27 -> 11156 | D27: ='BIO DATA'!E27 -> 0096837925 | E27: ='BIO DATA'!F27:F57 -> Raihan Fadilah Anwar | F27: ='BIO DATA'!M27 -> Laki-laki | G27: ='BIO DATA'!N27 -> Labuan Bajo | H27: ='BIO DATA'!O27 -> 40021 | I27: ='BIO DATA'!S27 -> Islam | J27: ='BIO DATA'!J27 -> 1 | K27: ='BIO DATA'!K27 -> 0 | L27: ='BIO DATA'!T27 -> Kampung Air , Lingkungan IV Labuan Bajo Komodo Manggarai Barat NTT | M27: ='BIO DATA'!V27 -> Labuan Bajo | N27: ='BIO DATA'!W27 -> Komodo | O27: ='BIO DATA'!X27 -> Manggarai | P27: ='BIO DATA'!Y27 -> Nusa Tenggara Timur | Q27: ='BIO DATA'!Z27 -> MTs Mu'allimin Muh. Yogyakarta | R27: ='BIO DATA'!AA27 -> Jl. Letjend. S. Parman No. 68 Yogyakarta | S27: ='BIO DATA'!AB27 -> 0 | T27: ='BIO DATA'!AC27 -> Anwar | ... AG27: ='BIO DATA'!AP27 -> 0 | AH27: ='BIO DATA'!AZ27 -> 0 | AI27: ='BIO DATA'!BA27 -> Islam | AJ27: ='BIO DATA'!BB27 -> 0 | AK27: ='BIO DATA'!BC27 -> 0 | AL27: ='BIO DATA'!BD27 -> 0 | AM27: ='BIO DATA'!BE27 -> 0 | AN27: ='BIO DATA'!BF27 -> 0 | AO27: ='BIO DATA'!BG27 -> 0 | AP27: ='BIO DATA'!BH27 -> Ikhwanuddin, S.H.I., M.S.I.
A28: A | C28: ='BIO DATA'!D28 -> 11166 | D28: ='BIO DATA'!E28 -> 0082244966 | E28: ='BIO DATA'!F28:F58 -> Ridwan Latief Abimanyu | F28: ='BIO DATA'!M28 -> Laki-laki | G28: ='BIO DATA'!N28 -> Kulon Progo | H28: ='BIO DATA'!O28 -> 39564 | I28: ='BIO DATA'!S28 -> Islam | J28: ='BIO DATA'!J28 -> 2 | K28: ='BIO DATA'!K28 -> 0 | L28: ='BIO DATA'!T28 -> Nusupan Trihanggo Gamping Sleman DIY | M28: ='BIO DATA'!V28 -> Trihanggo | N28: ='BIO DATA'!W28 -> Gamping | O28: ='BIO DATA'!X28 -> Sleman | P28: ='BIO DATA'!Y28 -> DI Yogyakarta | Q28: ='BIO DATA'!Z28 -> MTs Mu'allimin Muh. Yogyakarta | R28: ='BIO DATA'!AA28 -> Jl. Letjend. S. Parman No. 68 Yogyakarta | S28: ='BIO DATA'!AB28 -> 0 | T28: ='BIO DATA'!AC28 -> Agus Sudarmanto | ... AG28: ='BIO DATA'!AP28 -> 0 | AH28: ='BIO DATA'!AZ28 -> 0 | AI28: ='BIO DATA'!BA28 -> Islam | AJ28: ='BIO DATA'!BB28 -> 0 | AK28: ='BIO DATA'!BC28 -> 0 | AL28: ='BIO DATA'!BD28 -> 0 | AM28: ='BIO DATA'!BE28 -> 0 | AN28: ='BIO DATA'!BF28 -> 0 | AO28: ='BIO DATA'!BG28 -> 0 | AP28: ='BIO DATA'!BH28 -> Ikhwanuddin, S.H.I., M.S.I.
A29: A | C29: ='BIO DATA'!D29 -> 11174 | D29: ='BIO DATA'!E29 -> 0088578558 | E29: ='BIO DATA'!F29:F59 -> Sholahudin Al-Ayyubi | F29: ='BIO DATA'!M29 -> Laki-laki | G29: ='BIO DATA'!N29 -> Surabaya | H29: ='BIO DATA'!O29 -> 39703 | I29: ='BIO DATA'!S29 -> Islam | J29: ='BIO DATA'!J29 -> 2 | K29: ='BIO DATA'!K29 -> 2 | L29: ='BIO DATA'!T29 -> Jl. Mulyosari Tengah 7 No 18 Mulyorejo Surabaya Jawa Timur 60112 | M29: ='BIO DATA'!V29 -> Mulyosari Tengah | N29: ='BIO DATA'!W29 -> Mulyorejo | O29: ='BIO DATA'!X29 -> Surabaya | P29: ='BIO DATA'!Y29 -> Jawa Timur | Q29: ='BIO DATA'!Z29 -> MTs Mu'allimin Muh. Yogyakarta | R29: ='BIO DATA'!AA29 -> Jl. Letjend. S. Parman No. 68 Yogyakarta | S29: ='BIO DATA'!AB29 -> 0 | T29: ='BIO DATA'!AC29 -> Rio Muhammad | ... AG29: ='BIO DATA'!AP29 -> 0 | AH29: ='BIO DATA'!AZ29 -> 0 | AI29: ='BIO DATA'!BA29 -> Islam | AJ29: ='BIO DATA'!BB29 -> 0 | AK29: ='BIO DATA'!BC29 -> 0 | AL29: ='BIO DATA'!BD29 -> 0 | AM29: ='BIO DATA'!BE29 -> 0 | AN29: ='BIO DATA'!BF29 -> 0 | AO29: ='BIO DATA'!BG29 -> 0 | AP29: ='BIO DATA'!BH29 -> Ikhwanuddin, S.H.I., M.S.I.
A30: A | C30: ='BIO DATA'!D30 -> 11180 | D30: ='BIO DATA'!E30 -> 0076298289 | E30: ='BIO DATA'!F30:F60 -> Umar Al Faruq | F30: ='BIO DATA'!M30 -> Laki-laki | G30: ='BIO DATA'!N30 -> Sragen | H30: ='BIO DATA'!O30 -> 39445 | I30: ='BIO DATA'!S30 -> Islam | J30: ='BIO DATA'!J30 -> 2 | K30: ='BIO DATA'!K30 -> 0 | L30: ='BIO DATA'!T30 -> Margorejo, Jono, Rt/Rw 07/02, Tanon, Sragen, Jawa tengah | M30: ='BIO DATA'!V30 -> Jono | N30: ='BIO DATA'!W30 -> Tanon | O30: ='BIO DATA'!X30 -> Sragen | P30: ='BIO DATA'!Y30 -> Jawa tengah | Q30: ='BIO DATA'!Z30 -> MTs Mu'allimin Muh. Yogyakarta | R30: ='BIO DATA'!AA30 -> Jl. Letjend. S. Parman No. 68 Yogyakarta | S30: ='BIO DATA'!AB30 -> 0 | T30: ='BIO DATA'!AC30 -> Joko Suratno | ... AG30: ='BIO DATA'!AP30 -> 0 | AH30: ='BIO DATA'!AZ30 -> 0 | AI30: ='BIO DATA'!BA30 -> Islam | AJ30: ='BIO DATA'!BB30 -> 0 | AK30: ='BIO DATA'!BC30 -> 0 | AL30: ='BIO DATA'!BD30 -> 0 | AM30: ='BIO DATA'!BE30 -> 0 | AN30: ='BIO DATA'!BF30 -> 0 | AO30: ='BIO DATA'!BG30 -> 0 | AP30: ='BIO DATA'!BH30 -> Ikhwanuddin, S.H.I., M.S.I.
A31: A | B31: 287 | C31: ='BIO DATA'!D31 -> 11192 | D31: ='BIO DATA'!E31 -> 0089521814 | E31: ='BIO DATA'!F31:F61 -> Zaydan Rafi Mubarak | F31: ='BIO DATA'!M31 -> Laki-laki | G31: ='BIO DATA'!N31 -> Yogyakarta | H31: ='BIO DATA'!O31 -> 39735 | I31: ='BIO DATA'!S31 -> Islam | J31: ='BIO DATA'!J31 -> 1 | K31: ='BIO DATA'!K31 -> 1 | L31: ='BIO DATA'!T31 -> Pakel Baru UH 6/1112 Sorosutan Umbulharjo Yogyakarta 55162 | M31: ='BIO DATA'!V31 -> Sorosutan | N31: ='BIO DATA'!W31 -> Umbulharjo | O31: ='BIO DATA'!X31 -> Kota Yogyakarta | P31: ='BIO DATA'!Y31 -> DI Yogyakarta | Q31: ='BIO DATA'!Z31 -> MTs Mu'allimin Muh. Yogyakarta | R31: ='BIO DATA'!AA31 -> Jl. Letjend. S. Parman No. 68 Yogyakarta | S31: ='BIO DATA'!AB31 -> 0 | T31: ='BIO DATA'!AC31 -> Fikri Hajian Mubarak | ... AG31: ='BIO DATA'!AP31 -> 0 | AH31: ='BIO DATA'!AZ31 -> 0 | AI31: ='BIO DATA'!BA31 -> Islam | AJ31: ='BIO DATA'!BB31 -> 0 | AK31: ='BIO DATA'!BC31 -> 0 | AL31: ='BIO DATA'!BD31 -> 0 | AM31: ='BIO DATA'!BE31 -> 0 | AN31: ='BIO DATA'!BF31 -> 0 | AO31: ='BIO DATA'!BG31 -> 0 | AP31: ='BIO DATA'!BH31 -> Ikhwanuddin, S.H.I., M.S.I.
A32: A | B32: 289 | C32: ='BIO DATA'!D32 -> 11193 | D32: ='BIO DATA'!E32 -> 0098760415 | E32: ='BIO DATA'!F32:F62 -> Zolla Vajjero Amnestya | F32: ='BIO DATA'!M32 -> Laki-laki | G32: ='BIO DATA'!N32 -> Wonosobo | H32: ='BIO DATA'!O32 -> 39849 | I32: ='BIO DATA'!S32 -> Islam | J32: ='BIO DATA'!J32 -> 1 | K32: ='BIO DATA'!K32 -> 2 | L32: ='BIO DATA'!T32 -> Gunung Saren Lor RT 083 Trimurti Srandakan Bantul DIY | M32: ='BIO DATA'!V32 -> Trimurti | N32: ='BIO DATA'!W32 -> Srandakan | O32: ='BIO DATA'!X32 -> Bantul | P32: ='BIO DATA'!Y32 -> DI Yogyakarta | Q32: ='BIO DATA'!Z32 -> MTs Mu'allimin Muh. Yogyakarta | R32: ='BIO DATA'!AA32 -> Jl. Letjend. S. Parman No. 68 Yogyakarta | S32: ='BIO DATA'!AB32 -> 0 | T32: ='BIO DATA'!AC32 -> Purwanta | ... AG32: ='BIO DATA'!AP32 -> zoraphalosa@gmail.com | AH32: ='BIO DATA'!AZ32 -> Purwanta | AI32: ='BIO DATA'!BA32 -> Islam | AJ32: ='BIO DATA'!BB32 -> S1 | AK32: ='BIO DATA'!BC32 -> PNS | AL32: ='BIO DATA'!BD32 -> Gunungsaren lor Rt 83, Trimurti, srandakan, Bantul | AM32: ='BIO DATA'!BE32 -> Rp. 2.000.000,- s/d Rp. 5.000.000,- | AN32: ='BIO DATA'!BF32 -> 085647341724 | AO32: ='BIO DATA'!BG32 -> 0 | AP32: ='BIO DATA'!BH32 -> Ikhwanuddin, S.H.I., M.S.I.
A33: B | B33: 28 | C33: ='BIO DATA'!D33 -> 10888 | D33: ='BIO DATA'!E33 -> 0087340961 | E33: ='BIO DATA'!F33:F63 -> Ahmad Faiz Ramadhiansyah | F33: ='BIO DATA'!M33 -> Laki-laki | G33: ='BIO DATA'!N33 -> Surabaya | H33: ='BIO DATA'!O33 -> 39697 | I33: ='BIO DATA'!S33 -> Islam | J33: ='BIO DATA'!J33 -> 2 | K33: ='BIO DATA'!K33 -> 2 | L33: ='BIO DATA'!T33 -> Jl. Wisma Permai I No. 63 Mulyorejo Surabaya Jawa Timur 60115 | M33: ='BIO DATA'!V33 -> Mulyorejo | N33: ='BIO DATA'!W33 -> Mulyorejo | O33: ='BIO DATA'!X33 -> Surabaya | P33: ='BIO DATA'!Y33 -> Jawa Timur | Q33: ='BIO DATA'!Z33 -> MTs Mu'allimin Muh. Yogyakarta | R33: ='BIO DATA'!AA33 -> Jl. Letjend. S. Parman No. 68 Yogyakarta | S33: ='BIO DATA'!AB33 -> 0 | T33: ='BIO DATA'!AC33 -> Asrul Irawan Bakhtiarsyah | ... AG33: ='BIO DATA'!AP33 -> detti.nur@gmail.com | AH33: ='BIO DATA'!AZ33 -> 0 | AI33: ='BIO DATA'!BA33 -> Islam | AJ33: ='BIO DATA'!BB33 -> 0 | AK33: ='BIO DATA'!BC33 -> 0 | AL33: ='BIO DATA'!BD33 -> 0 | AM33: ='BIO DATA'!BE33 -> 0 | AN33: ='BIO DATA'!BF33 -> 0 | AO33: ='BIO DATA'!BG33 -> 0 | AP33: ='BIO DATA'!BH33 -> Zulfi Jalal Muhsin, S.Pd.
A34: B | B34: 51 | C34: ='BIO DATA'!D34 -> 10903 | D34: ='BIO DATA'!E34 -> 0084723950 | E34: ='BIO DATA'!F34:F64 -> Alfario Futtaqi Hartono | F34: ='BIO DATA'!M34 -> Laki-laki | G34: ='BIO DATA'!N34 -> Salatiga | H34: ='BIO DATA'!O34 -> 39771 | I34: ='BIO DATA'!S34 -> Islam | J34: ='BIO DATA'!J34 -> 1 | K34: ='BIO DATA'!K34 -> 0 | L34: ='BIO DATA'!T34 -> Perumahan Taman Mutiara, Jl. Intan 1, Blok E1, No. 20-21 Tingkir Tengah Tingkir Salatiga Jawa Tengah | M34: ='BIO DATA'!V34 -> Tingkir Tengah | N34: ='BIO DATA'!W34 -> Tingkir | O34: ='BIO DATA'!X34 -> Salatiga | P34: ='BIO DATA'!Y34 -> Jawa Tengah | Q34: ='BIO DATA'!Z34 -> MTs Mu'allimin Muh. Yogyakarta | R34: ='BIO DATA'!AA34 -> Jl. Letjend. S. Parman No. 68 Yogyakarta | S34: ='BIO DATA'!AB34 -> 0 | T34: ='BIO DATA'!AC34 -> Effendi Hartono | ... AG34: ='BIO DATA'!AP34 -> 0 | AH34: ='BIO DATA'!AZ34 -> 0 | AI34: ='BIO DATA'!BA34 -> Islam | AJ34: ='BIO DATA'!BB34 -> 0 | AK34: ='BIO DATA'!BC34 -> 0 | AL34: ='BIO DATA'!BD34 -> 0 | AM34: ='BIO DATA'!BE34 -> 0 | AN34: ='BIO DATA'!BF34 -> 0 | AO34: ='BIO DATA'!BG34 -> 0 | AP34: ='BIO DATA'!BH34 -> Zulfi Jalal Muhsin, S.Pd.
A35: B | B35: 52 | C35: ='BIO DATA'!D35 -> 10904 | D35: ='BIO DATA'!E35 -> 0086954015 | E35: ='BIO DATA'!F35:F65 -> Alfi Khairi Mumtaza | F35: ='BIO DATA'!M35 -> Laki-laki | G35: ='BIO DATA'!N35 -> Muara Badak | H35: ='BIO DATA'!O35 -> 39715 | I35: ='BIO DATA'!S35 -> Islam | J35: ='BIO DATA'!J35 -> 0 | K35: ='BIO DATA'!K35 -> 0 | L35: ='BIO DATA'!T35 -> Gang Rapak Indah Jembayan Loa Kulu Kutai Kartanegara Kalimantan Timur | M35: ='BIO DATA'!V35 -> Jembayan | N35: ='BIO DATA'!W35 -> Loa Kulu | O35: ='BIO DATA'!X35 -> Kutai Kartanegara | P35: ='BIO DATA'!Y35 -> Kalimantan Timur | Q35: ='BIO DATA'!Z35 -> MTs Mu'allimin Muh. Yogyakarta | R35: ='BIO DATA'!AA35 -> Jl. Letjend. S. Parman No. 68 Yogyakarta | S35: ='BIO DATA'!AB35 -> Prestasi Akademik : Peringkat 1 dari kelas I sampai kelas V | T35: ='BIO DATA'!AC35 -> Drs. H. Ihsanul Karim, MM, MH | ... AG35: ='BIO DATA'!AP35 -> dariana24091972@gmail.com | AH35: ='BIO DATA'!AZ35 -> 0 | AI35: ='BIO DATA'!BA35 -> 0 | AJ35: ='BIO DATA'!BB35 -> 0 | AK35: ='BIO DATA'!BC35 -> 0 | AL35: ='BIO DATA'!BD35 -> 0 | AM35: ='BIO DATA'!BE35 -> 0 | AN35: ='BIO DATA'!BF35 -> 0 | AO35: ='BIO DATA'!BG35 -> 0 | AP35: ='BIO DATA'!BH35 -> Zulfi Jalal Muhsin, S.Pd.
A36: B | B36: 66 | C36: ='BIO DATA'!D36 -> 10912 | D36: ='BIO DATA'!E36 -> 0092792362 | E36: ='BIO DATA'!F36:F66 -> Arkan Zumair Hisyam | F36: ='BIO DATA'!M36 -> Laki-laki | G36: ='BIO DATA'!N36 -> Klaten | H36: ='BIO DATA'!O36 -> 39873 | I36: ='BIO DATA'!S36 -> Islam | J36: ='BIO DATA'!J36 -> 1 | K36: ='BIO DATA'!K36 -> 1 | L36: ='BIO DATA'!T36 -> Margomulyo Gergunung Klaten Utara Klaten Jawa Tengah 57434 | M36: ='BIO DATA'!V36 -> Gergunung | N36: ='BIO DATA'!W36 -> Klaten Utara | O36: ='BIO DATA'!X36 -> Klaten | P36: ='BIO DATA'!Y36 -> Jawa Tengah | Q36: ='BIO DATA'!Z36 -> MTs Mu'allimin Muh. Yogyakarta | R36: ='BIO DATA'!AA36 -> Jl. Letjend. S. Parman No. 68 Yogyakarta | S36: ='BIO DATA'!AB36 -> 0 | T36: ='BIO DATA'!AC36 -> Hermawan Yuliyanto | ... AG36: ='BIO DATA'!AP36 -> 0 | AH36: ='BIO DATA'!AZ36 -> 0 | AI36: ='BIO DATA'!BA36 -> Islam | AJ36: ='BIO DATA'!BB36 -> 0 | AK36: ='BIO DATA'!BC36 -> 0 | AL36: ='BIO DATA'!BD36 -> 0 | AM36: ='BIO DATA'!BE36 -> 0 | AN36: ='BIO DATA'!BF36 -> 0 | AO36: ='BIO DATA'!BG36 -> 0 | AP36: ='BIO DATA'!BH36 -> Zulfi Jalal Muhsin, S.Pd.
A37: B | B37: 82 | C37: ='BIO DATA'!D37 -> 10917 | D37: ='BIO DATA'!E37 -> 0092059445 | E37: ='BIO DATA'!F37:F67 -> Aryasatya Kayana Hasyim | F37: ='BIO DATA'!M37 -> Laki-laki | G37: ='BIO DATA'!N37 -> Yogyakarta | H37: ='BIO DATA'!O37 -> 39824 | I37: ='BIO DATA'!S37 -> Islam | J37: ='BIO DATA'!J37 -> 1 | K37: ='BIO DATA'!K37 -> 0 | L37: ='BIO DATA'!T37 -> Jln. Magelang Km 11 Dukuh RT 02 RW 17 Tridadi Sleman DI Yogyakarta | M37: ='BIO DATA'!V37 -> Tridadi | N37: ='BIO DATA'!W37 -> Sleman | O37: ='BIO DATA'!X37 -> Sleman | P37: ='BIO DATA'!Y37 -> DI Yogyakarta | Q37: ='BIO DATA'!Z37 -> MTs Mu'allimin Muh. Yogyakarta | R37: ='BIO DATA'!AA37 -> Jl. Letjend. S. Parman No. 68 Yogyakarta | S37: ='BIO DATA'!AB37 -> 0 | T37: ='BIO DATA'!AC37 -> Wahid Nurhasyim | ... AG37: ='BIO DATA'!AP37 -> 0 | AH37: ='BIO DATA'!AZ37 -> 0 | AI37: ='BIO DATA'!BA37 -> Islam | AJ37: ='BIO DATA'!BB37 -> 0 | AK37: ='BIO DATA'!BC37 -> 0 | AL37: ='BIO DATA'!BD37 -> 0 | AM37: ='BIO DATA'!BE37 -> 0 | AN37: ='BIO DATA'!BF37 -> 0 | AO37: ='BIO DATA'!BG37 -> 0 | AP37: ='BIO DATA'!BH37 -> Zulfi Jalal Muhsin, S.Pd.
A38: B | B38: 100 | C38: ='BIO DATA'!D38 -> 10928 | D38: ='BIO DATA'!E38 -> 0094806637 | E38: ='BIO DATA'!F38:F68 -> Azmi Akrami Maha | F38: ='BIO DATA'!M38 -> Laki-laki | G38: ='BIO DATA'!N38 -> Yogyakarta | H38: ='BIO DATA'!O38 -> 39928 | I38: ='BIO DATA'!S38 -> Islam | J38: ='BIO DATA'!J38 -> 3 | K38: ='BIO DATA'!K38 -> 2 | L38: ='BIO DATA'!T38 -> Perumahan Jatisawit Asri Blok F6 RT 17 RW 43 Balecatur Gamping Sleman DIY 55295 | M38: ='BIO DATA'!V38 -> Balecatur | N38: ='BIO DATA'!W38 -> Gamping | O38: ='BIO DATA'!X38 -> Sleman | P38: ='BIO DATA'!Y38 -> DI Yogyakarta | Q38: ='BIO DATA'!Z38 -> MTs Mu'allimin Muh. Yogyakarta | R38: ='BIO DATA'!AA38 -> Jl. Letjend. S. Parman No. 68 Yogyakarta | S38: ='BIO DATA'!AB38 -> 0 | T38: ='BIO DATA'!AC38 -> H. Guntar Maha, ST., MT. | ... AG38: ='BIO DATA'!AP38 -> 0 | AH38: ='BIO DATA'!AZ38 -> 0 | AI38: ='BIO DATA'!BA38 -> Islam | AJ38: ='BIO DATA'!BB38 -> 0 | AK38: ='BIO DATA'!BC38 -> 0 | AL38: ='BIO DATA'!BD38 -> 0 | AM38: ='BIO DATA'!BE38 -> 0 | AN38: ='BIO DATA'!BF38 -> 0 | AO38: ='BIO DATA'!BG38 -> 0 | AP38: ='BIO DATA'!BH38 -> Zulfi Jalal Muhsin, S.Pd.
A39: B | B39: 106 | C39: ='BIO DATA'!D39 -> 10931 | D39: ='BIO DATA'!E39 -> 0098080142 | E39: ='BIO DATA'!F39:F69 -> Bahtiar Aulia | F39: ='BIO DATA'!M39 -> Laki-laki | G39: ='BIO DATA'!N39 -> Pemalang | H39: ='BIO DATA'!O39 -> 39898 | I39: ='BIO DATA'!S39 -> Islam | J39: ='BIO DATA'!J39 -> 1 | K39: ='BIO DATA'!K39 -> 0 | L39: ='BIO DATA'!T39 -> Dusun Balutan RT 10 RW 04 Kelurahan Purwoharjo Kecamatan Comal Kabupaten Pemalang (Jl. A. Yani no. 05 Comal) Jawa Tengah | M39: ='BIO DATA'!V39 -> Purwoharjo | N39: ='BIO DATA'!W39 -> Comal | O39: ='BIO DATA'!X39 -> Pemalang | P39: ='BIO DATA'!Y39 -> Jawa Tengah | Q39: ='BIO DATA'!Z39 -> MTs Mu'allimin Muh. Yogyakarta | R39: ='BIO DATA'!AA39 -> Jl. Letjend. S. Parman No. 68 Yogyakarta | S39: ='BIO DATA'!AB39 -> 0 | T39: ='BIO DATA'!AC39 -> Yulhan Efendi | ... AG39: ='BIO DATA'!AP39 -> 0 | AH39: ='BIO DATA'!AZ39 -> 0 | AI39: ='BIO DATA'!BA39 -> Islam | AJ39: ='BIO DATA'!BB39 -> 0 | AK39: ='BIO DATA'!BC39 -> 0 | AL39: ='BIO DATA'!BD39 -> 0 | AM39: ='BIO DATA'!BE39 -> 0 | AN39: ='BIO DATA'!BF39 -> 0 | AO39: ='BIO DATA'!BG39 -> 0 | AP39: ='BIO DATA'!BH39 -> Zulfi Jalal Muhsin, S.Pd.
A40: B | B40: 108 | C40: ='BIO DATA'!D40 -> 10933 | D40: ='BIO DATA'!E40 -> 0082125557 | E40: ='BIO DATA'!F40:F70 -> Bilal Salmana Firdaus | F40: ='BIO DATA'!M40 -> Laki-laki | G40: ='BIO DATA'!N40 -> Salatiga | H40: ='BIO DATA'!O40 -> 39774 | I40: ='BIO DATA'!S40 -> Islam | J40: ='BIO DATA'!J40 -> 2 | K40: ='BIO DATA'!K40 -> 0 | L40: ='BIO DATA'!T40 -> Wiroyudan Tingkir Tengah Tingkir Salatiga Jawa Tengah | M40: ='BIO DATA'!V40 -> Tingkir Tengah | N40: ='BIO DATA'!W40 -> Tingkir | O40: ='BIO DATA'!X40 -> Salatiga | P40: ='BIO DATA'!Y40 -> Jawa Tengah | Q40: ='BIO DATA'!Z40 -> MTs Mu'allimin Muh. Yogyakarta | R40: ='BIO DATA'!AA40 -> Jl. Letjend. S. Parman No. 68 Yogyakarta | S40: ='BIO DATA'!AB40 -> 0 | T40: ='BIO DATA'!AC40 -> Randy Irawan | ... AG40: ='BIO DATA'!AP40 -> 0 | AH40: ='BIO DATA'!AZ40 -> 0 | AI40: ='BIO DATA'!BA40 -> Islam | AJ40: ='BIO DATA'!BB40 -> 0 | AK40: ='BIO DATA'!BC40 -> 0 | AL40: ='BIO DATA'!BD40 -> 0 | AM40: ='BIO DATA'!BE40 -> 0 | AN40: ='BIO DATA'!BF40 -> 0 | AO40: ='BIO DATA'!BG40 -> 0 | AP40: ='BIO DATA'!BH40 -> Zulfi Jalal Muhsin, S.Pd.
A41: B | B41: 112 | C41: ='BIO DATA'!D41 -> 10952 | D41: ='BIO DATA'!E41 -> 0081547160 | E41: ='BIO DATA'!F41:F71 -> Fadhil Muhammad | F41: ='BIO DATA'!M41 -> Laki-laki | G41: ='BIO DATA'!N41 -> Bogor | H41: ='BIO DATA'!O41 -> 39729 | I41: ='BIO DATA'!S41 -> Islam | J41: ='BIO DATA'!J41 -> 2 | K41: ='BIO DATA'!K41 -> 0 | L41: ='BIO DATA'!T41 -> Kp. Cipayunh Gg. H. Saleh Sain RT 02 RW 06 Blok A No 41 Kel. Pondok Rajeng Kec. Cibinong Kab. Bogor Jawa Barat | M41: ='BIO DATA'!V41 -> Pondok Rajeng | N41: ='BIO DATA'!W41 -> Cibinong | O41: ='BIO DATA'!X41 -> Bogor | P41: ='BIO DATA'!Y41 -> Jawa Barat | Q41: ='BIO DATA'!Z41 -> MTs Mu'allimin Muh. Yogyakarta | R41: ='BIO DATA'!AA41 -> Jl. Letjend. S. Parman No. 68 Yogyakarta | S41: ='BIO DATA'!AB41 -> 0 | T41: ='BIO DATA'!AC41 -> Budiyono | ... AG41: ='BIO DATA'!AP41 -> 0 | AH41: ='BIO DATA'!AZ41 -> 0 | AI41: ='BIO DATA'!BA41 -> Islam | AJ41: ='BIO DATA'!BB41 -> 0 | AK41: ='BIO DATA'!BC41 -> 0 | AL41: ='BIO DATA'!BD41 -> 0 | AM41: ='BIO DATA'!BE41 -> 0 | AN41: ='BIO DATA'!BF41 -> 0 | AO41: ='BIO DATA'!BG41 -> 0 | AP41: ='BIO DATA'!BH41 -> Zulfi Jalal Muhsin, S.Pd.
A42: B | B42: 115 | C42: ='BIO DATA'!D42 -> 10954 | D42: ='BIO DATA'!E42 -> 0083197324 | E42: ='BIO DATA'!F42:F72 -> Fahri Aulia Hardinanda | F42: ='BIO DATA'!M42 -> Laki-laki | G42: ='BIO DATA'!N42 -> Nganjuk | H42: ='BIO DATA'!O42 -> 39729 | I42: ='BIO DATA'!S42 -> Islam | J42: ='BIO DATA'!J42 -> 2 | K42: ='BIO DATA'!K42 -> 0 | L42: ='BIO DATA'!T42 -> Jl. Dermojoyo Desa Kecubung Kecamatan Pace, Kabupaten Nganjuk Jawa Timur | M42: ='BIO DATA'!V42 -> Kecubung | N42: ='BIO DATA'!W42 -> Pace | O42: ='BIO DATA'!X42 -> Nganjuk | P42: ='BIO DATA'!Y42 -> Jawa Timur | Q42: ='BIO DATA'!Z42 -> MTs Mu'allimin Muh. Yogyakarta | R42: ='BIO DATA'!AA42 -> Jl. Letjend. S. Parman No. 68 Yogyakarta | S42: ='BIO DATA'!AB42 -> 0 | T42: ='BIO DATA'!AC42 -> Suharno | ... AG42: ='BIO DATA'!AP42 -> 0 | AH42: ='BIO DATA'!AZ42 -> 0 | AI42: ='BIO DATA'!BA42 -> Islam | AJ42: ='BIO DATA'!BB42 -> 0 | AK42: ='BIO DATA'!BC42 -> 0 | AL42: ='BIO DATA'!BD42 -> 0 | AM42: ='BIO DATA'!BE42 -> 0 | AN42: ='BIO DATA'!BF42 -> 0 | AO42: ='BIO DATA'!BG42 -> 0 | AP42: ='BIO DATA'!BH42 -> Zulfi Jalal Muhsin, S.Pd.
... A50: B | B50: 182 | C50: ='BIO DATA'!D50 -> 10999 | D50: ='BIO DATA'!E50 -> 0082101968 | E50: ='BIO DATA'!F50:F80 -> Ibrahim Rafif Surya Abdullah | F50: ='BIO DATA'!M50 -> Laki-laki | G50: ='BIO DATA'!N50 -> Sleman | H50: ='BIO DATA'!O50 -> 39675 | I50: ='BIO DATA'!S50 -> Islam | J50: ='BIO DATA'!J50 -> 1 | K50: ='BIO DATA'!K50 -> 2 | L50: ='BIO DATA'!T50 -> Klepu Lor, RT 001/RW 023, Sendangmulyo, Minggir, Sleman, Yogyakarta 55562 | M50: ='BIO DATA'!V50 -> Sendangmulyo | N50: ='BIO DATA'!W50 -> Minggir | O50: ='BIO DATA'!X50 -> Sleman | P50: ='BIO DATA'!Y50 -> DI Yogyakarta | Q50: ='BIO DATA'!Z50 -> MTs Mu'allimin Muh. Yogyakarta | R50: ='BIO DATA'!AA50 -> Jl. Letjend. S. Parman No. 68 Yogyakarta | S50: ='BIO DATA'!AB50 -> Tahfidz Juz 30 | T50: ='BIO DATA'!AC50 -> Muhammad Budi Nur Rahman | ... AG50: ='BIO DATA'!AP50 -> nurayuni.ais@gmail.com | AH50: ='BIO DATA'!AZ50 -> 0 | AI50: ='BIO DATA'!BA50 -> Islam | AJ50: ='BIO DATA'!BB50 -> 0 | AK50: ='BIO DATA'!BC50 -> 0 | AL50: ='BIO DATA'!BD50 -> 0 | AM50: ='BIO DATA'!BE50 -> 0 | AN50: ='BIO DATA'!BF50 -> 0 | AO50: ='BIO DATA'!BG50 -> 0 | AP50: ='BIO DATA'!BH50 -> Zulfi Jalal Muhsin, S.Pd.
A51: B | B51: 184 | C51: ='BIO DATA'!D51 -> 11017 | D51: ='BIO DATA'!E51 -> 0081683758 | E51: ='BIO DATA'!F51:F80 -> Lutfan Aufa Ghozi | F51: ='BIO DATA'!M51 -> Laki-laki | G51: ='BIO DATA'!N51 -> Banjarnegara | H51: ='BIO DATA'!O51 -> 39675 | I51: ='BIO DATA'!S51 -> Islam | J51: ='BIO DATA'!J51 -> 1 | K51: ='BIO DATA'!K51 -> 1 | L51: ='BIO DATA'!T51 -> Jl. Almunawaroh Gang Perkutut No 18 Kutabanjarnegara Banjarnegara Jawa Tengah 53415 | M51: ='BIO DATA'!V51 -> Kutabanjarnegara | N51: ='BIO DATA'!W51 -> Banjarnegara | O51: ='BIO DATA'!X51 -> Banjarnegara | P51: ='BIO DATA'!Y51 -> Jawa Tengah | Q51: ='BIO DATA'!Z51 -> MTs Mu'allimin Muh. Yogyakarta | R51: ='BIO DATA'!AA51 -> Jl. Letjend. S. Parman No. 68 Yogyakarta | S51: ='BIO DATA'!AB51 -> 0 | T51: ='BIO DATA'!AC51 -> Agus Budianto | ... AG51: ='BIO DATA'!AP51 -> verraherawaty@gmail.com | AH51: ='BIO DATA'!AZ51 -> 0 | AI51: ='BIO DATA'!BA51 -> Islam | AJ51: ='BIO DATA'!BB51 -> 0 | AK51: ='BIO DATA'!BC51 -> 0 | AL51: ='BIO DATA'!BD51 -> 0 | AM51: ='BIO DATA'!BE51 -> 0 | AN51: ='BIO DATA'!BF51 -> 0 | AO51: ='BIO DATA'!BG51 -> 0 | AP51: ='BIO DATA'!BH51 -> Zulfi Jalal Muhsin, S.Pd.
A52: B | B52: 199 | C52: ='BIO DATA'!D52 -> 11029 | D52: ='BIO DATA'!E52 -> 0088895480 | E52: ='BIO DATA'!F52:F81 -> Mikail Obama Mufreni | F52: ='BIO DATA'!M52 -> Laki-laki | G52: ='BIO DATA'!N52 -> Stuttgart | H52: ='BIO DATA'!O52 -> 39766 | I52: ='BIO DATA'!S52 -> Islam | J52: ='BIO DATA'!J52 -> 1 | K52: ='BIO DATA'!K52 -> 0 | L52: ='BIO DATA'!T52 -> Jalan Kaliurang Km 9 No 65 Sardonoharjo Ngaglik Sleman DI Yogyakarta | M52: ='BIO DATA'!V52 -> Sardonoharjo | N52: ='BIO DATA'!W52 -> Ngaglik | O52: ='BIO DATA'!X52 -> Sleman | P52: ='BIO DATA'!Y52 -> DI Yogyakarta | Q52: ='BIO DATA'!Z52 -> MTs Mu'allimin Muh. Yogyakarta | R52: ='BIO DATA'!AA52 -> Jl. Letjend. S. Parman No. 68 Yogyakarta | S52: ='BIO DATA'!AB52 -> 0 | T52: ='BIO DATA'!AC52 -> Sadr Lufti Mufreni | ... AG52: ='BIO DATA'!AP52 -> 0 | AH52: ='BIO DATA'!AZ52 -> 0 | AI52: ='BIO DATA'!BA52 -> Islam | AJ52: ='BIO DATA'!BB52 -> 0 | AK52: ='BIO DATA'!BC52 -> 0 | AL52: ='BIO DATA'!BD52 -> 0 | AM52: ='BIO DATA'!BE52 -> 0 | AN52: ='BIO DATA'!BF52 -> 0 | AO52: ='BIO DATA'!BG52 -> 0 | AP52: ='BIO DATA'!BH52 -> Zulfi Jalal Muhsin, S.Pd.
A53: B | B53: 212 | C53: ='BIO DATA'!D53 -> 11060 | D53: ='BIO DATA'!E53 -> 0088670035 | E53: ='BIO DATA'!F53:F82 -> Muhammad Baihaqi Purnomo | F53: ='BIO DATA'!M53 -> Laki-laki | G53: ='BIO DATA'!N53 -> Yogyakarta | H53: ='BIO DATA'!O53 -> 39767 | I53: ='BIO DATA'!S53 -> Islam | J53: ='BIO DATA'!J53 -> 1 | K53: ='BIO DATA'!K53 -> 0 | L53: ='BIO DATA'!T53 -> Jalan Mojo No. 83 Niten Nogotirto Gamping Sleman DI Yogyakarta | M53: ='BIO DATA'!V53 -> Nogotirto | N53: ='BIO DATA'!W53 -> Gamping | O53: ='BIO DATA'!X53 -> Sleman | P53: ='BIO DATA'!Y53 -> DI Yogyakarta | Q53: ='BIO DATA'!Z53 -> MTs Mu'allimin Muh. Yogyakarta | R53: ='BIO DATA'!AA53 -> Jl. Letjend. S. Parman No. 68 Yogyakarta | S53: ='BIO DATA'!AB53 -> 0 | T53: ='BIO DATA'!AC53 -> Heri Purnomo | ... AG53: ='BIO DATA'!AP53 -> 0 | AH53: ='BIO DATA'!AZ53 -> 0 | AI53: ='BIO DATA'!BA53 -> Islam | AJ53: ='BIO DATA'!BB53 -> 0 | AK53: ='BIO DATA'!BC53 -> 0 | AL53: ='BIO DATA'!BD53 -> 0 | AM53: ='BIO DATA'!BE53 -> 0 | AN53: ='BIO DATA'!BF53 -> 0 | AO53: ='BIO DATA'!BG53 -> 0 | AP53: ='BIO DATA'!BH53 -> Zulfi Jalal Muhsin, S.Pd.
A54: B | B54: 213 | C54: ='BIO DATA'!D54 -> 11068 | D54: ='BIO DATA'!E54 -> 0095697368 | E54: ='BIO DATA'!F54:F83 -> Muhammad Faishal Hakim | F54: ='BIO DATA'!M54 -> Laki-laki | G54: ='BIO DATA'!N54 -> Yogyakarta | H54: ='BIO DATA'!O54 -> 39988 | I54: ='BIO DATA'!S54 -> Islam | J54: ='BIO DATA'!J54 -> 3 | K54: ='BIO DATA'!K54 -> 3 | L54: ='BIO DATA'!T54 -> Dukuh MJ I/1170 RT 63 RW 13 Gedongkiwo Mantrijeron DI Yogyakarta 55142 | M54: ='BIO DATA'!V54 -> Gedongkiwo | N54: ='BIO DATA'!W54 -> Mantrijeron | O54: ='BIO DATA'!X54 -> Kota Yogyakarta | P54: ='BIO DATA'!Y54 -> DI Yogyakarta | Q54: ='BIO DATA'!Z54 -> MTs Mu'allimin Muh. Yogyakarta | R54: ='BIO DATA'!AA54 -> Jl. Letjend. S. Parman No. 68 Yogyakarta | S54: ='BIO DATA'!AB54 -> 0 | T54: ='BIO DATA'!AC54 -> Arif Kusnadi | ... AG54: ='BIO DATA'!AP54 -> 0 | AH54: ='BIO DATA'!AZ54 -> 0 | AI54: ='BIO DATA'!BA54 -> Islam | AJ54: ='BIO DATA'!BB54 -> 0 | AK54: ='BIO DATA'!BC54 -> 0 | AL54: ='BIO DATA'!BD54 -> 0 | AM54: ='BIO DATA'!BE54 -> 0 | AN54: ='BIO DATA'!BF54 -> 0 | AO54: ='BIO DATA'!BG54 -> 0 | AP54: ='BIO DATA'!BH54 -> Zulfi Jalal Muhsin, S.Pd.
A55: B | B55: 220 | C55: ='BIO DATA'!D55 -> 11074 | D55: ='BIO DATA'!E55 -> 0089283995 | E55: ='BIO DATA'!F55:F84 -> Muhammad Fayruz Athaillah | F55: ='BIO DATA'!M55 -> Laki-laki | G55: ='BIO DATA'!N55 -> Pekalongan | H55: ='BIO DATA'!O55 -> 39800 | I55: ='BIO DATA'!S55 -> Islam | J55: ='BIO DATA'!J55 -> 1 | K55: ='BIO DATA'!K55 -> 2 | L55: ='BIO DATA'!T55 -> Pekajangan Gang 20 No. 30 Kedungwuni Pekalongan Jawa Tengah 51172 | M55: ='BIO DATA'!V55 -> Pekajangan | N55: ='BIO DATA'!W55 -> Kedungwuni | O55: ='BIO DATA'!X55 -> Pekalongan | P55: ='BIO DATA'!Y55 -> Jawa Tengah | Q55: ='BIO DATA'!Z55 -> MTs Mu'allimin Muh. Yogyakarta | R55: ='BIO DATA'!AA55 -> Jl. Letjend. S. Parman No. 68 Yogyakarta | S55: ='BIO DATA'!AB55 -> 0 | T55: ='BIO DATA'!AC55 -> Lukman Hakim | ... AG55: ='BIO DATA'!AP55 -> 0 | AH55: ='BIO DATA'!AZ55 -> 0 | AI55: ='BIO DATA'!BA55 -> Islam | AJ55: ='BIO DATA'!BB55 -> 0 | AK55: ='BIO DATA'!BC55 -> 0 | AL55: ='BIO DATA'!BD55 -> 0 | AM55: ='BIO DATA'!BE55 -> 0 | AN55: ='BIO DATA'!BF55 -> 0 | AO55: ='BIO DATA'!BG55 -> 0 | AP55: ='BIO DATA'!BH55 -> Zulfi Jalal Muhsin, S.Pd.
A56: B | B56: 222 | C56: ='BIO DATA'!D56 -> 11096 | D56: ='BIO DATA'!E56 -> 0091318167 | E56: ='BIO DATA'!F56:F85 -> Muhammad Qoyyim Annafi'a Baihaqi | F56: ='BIO DATA'!M56 -> Laki-laki | G56: ='BIO DATA'!N56 -> Yogyakarta | H56: ='BIO DATA'!O56 -> 39896 | I56: ='BIO DATA'!S56 -> Islam | J56: ='BIO DATA'!J56 -> 1 | K56: ='BIO DATA'!K56 -> 2 | L56: ='BIO DATA'!T56 -> JL Letjen S Parman no 77 Patangpuluhan Wirobrajan DI Yogyakarta 55251 | M56: ='BIO DATA'!V56 -> Patangpuluhan | N56: ='BIO DATA'!W56 -> Wirobrajan | O56: ='BIO DATA'!X56 -> Yogyakarta | P56: ='BIO DATA'!Y56 -> DI Yogyakarta | Q56: ='BIO DATA'!Z56 -> MTs Mu'allimin Muh. Yogyakarta | R56: ='BIO DATA'!AA56 -> Jl. Letjend. S. Parman No. 68 Yogyakarta | S56: ='BIO DATA'!AB56 -> 1.juara 2 lomba tilawatil Qiur an 2.juara 3 musabaqah tilawatil qur an cabang MTQ putra 3.juara 3 lomba hafalan surat pendek putra 4. | T56: ='BIO DATA'!AC56 -> Ilmawan Mustaqim | ... AG56: ='BIO DATA'!AP56 -> luluelfadhilah@gmail.com | AH56: ='BIO DATA'!AZ56 -> 0 | AI56: ='BIO DATA'!BA56 -> Islam | AJ56: ='BIO DATA'!BB56 -> 0 | AK56: ='BIO DATA'!BC56 -> 0 | AL56: ='BIO DATA'!BD56 -> 0 | AM56: ='BIO DATA'!BE56 -> 0 | AN56: ='BIO DATA'!BF56 -> 0 | AO56: ='BIO DATA'!BG56 -> 0 | AP56: ='BIO DATA'!BH56 -> Zulfi Jalal Muhsin, S.Pd.
A57: B | B57: 225 | C57: ='BIO DATA'!D57 -> 11104 | D57: ='BIO DATA'!E57 -> 0088417273 | E57: ='BIO DATA'!F57:F86 -> Muhammad Rofi' Arkan Islami | F57: ='BIO DATA'!M57 -> Laki-laki | G57: ='BIO DATA'!N57 -> Wonosobo | H57: ='BIO DATA'!O57 -> 39786 | I57: ='BIO DATA'!S57 -> Islam | J57: ='BIO DATA'!J57 -> 2 | K57: ='BIO DATA'!K57 -> 0 | L57: ='BIO DATA'!T57 -> Jalan Semayu No. 2 Gletosari Kertek Wonosobo Jawa Tengah | M57: ='BIO DATA'!V57 -> Gletosari | N57: ='BIO DATA'!W57 -> Kertek | O57: ='BIO DATA'!X57 -> Wonosobo | P57: ='BIO DATA'!Y57 -> Jawa Tengah | Q57: ='BIO DATA'!Z57 -> MTs Mu'allimin Muh. Yogyakarta | R57: ='BIO DATA'!AA57 -> Jl. Letjend. S. Parman No. 68 Yogyakarta | S57: ='BIO DATA'!AB57 -> 0 | T57: ='BIO DATA'!AC57 -> Robert Kennedy | ... AG57: ='BIO DATA'!AP57 -> 0 | AH57: ='BIO DATA'!AZ57 -> 0 | AI57: ='BIO DATA'!BA57 -> Islam | AJ57: ='BIO DATA'!BB57 -> 0 | AK57: ='BIO DATA'!BC57 -> 0 | AL57: ='BIO DATA'!BD57 -> 0 | AM57: ='BIO DATA'!BE57 -> 0 | AN57: ='BIO DATA'!BF57 -> 0 | AO57: ='BIO DATA'!BG57 -> 0 | AP57: ='BIO DATA'!BH57 -> Zulfi Jalal Muhsin, S.Pd.
A58: B | B58: 234 | C58: ='BIO DATA'!D58 -> 11107 | D58: ='BIO DATA'!E58 -> 0091386200 | E58: ='BIO DATA'!F58:F87 -> Muhammad Sami Azzam Al Ghazali | F58: ='BIO DATA'!M58 -> Laki-laki | G58: ='BIO DATA'!N58 -> Samarinda | H58: ='BIO DATA'!O58 -> 40072 | I58: ='BIO DATA'!S58 -> Islam | J58: ='BIO DATA'!J58 -> 1 | K58: ='BIO DATA'!K58 -> 0 | L58: ='BIO DATA'!T58 -> Jln. Wahid Hasym Perumahan Sempaja Lestari Indah Blok H.1 Sempaja Timur Samarinda Utara Samarinda Kalimantan Timur | M58: ='BIO DATA'!V58 -> Sempaja Timur | N58: ='BIO DATA'!W58 -> Samarinda Utara | O58: ='BIO DATA'!X58 -> Samarinda | P58: ='BIO DATA'!Y58 -> Kalimantan Timur | Q58: ='BIO DATA'!Z58 -> MTs Mu'allimin Muh. Yogyakarta | R58: ='BIO DATA'!AA58 -> Jl. Letjend. S. Parman No. 68 Yogyakarta | S58: ='BIO DATA'!AB58 -> 0 | T58: ='BIO DATA'!AC58 -> Arif H.D | ... AG58: ='BIO DATA'!AP58 -> 0 | AH58: ='BIO DATA'!AZ58 -> 0 | AI58: ='BIO DATA'!BA58 -> Islam | AJ58: ='BIO DATA'!BB58 -> 0 | AK58: ='BIO DATA'!BC58 -> 0 | AL58: ='BIO DATA'!BD58 -> 0 | AM58: ='BIO DATA'!BE58 -> 0 | AN58: ='BIO DATA'!BF58 -> 0 | AO58: ='BIO DATA'!BG58 -> 0 | AP58: ='BIO DATA'!BH58 -> Zulfi Jalal Muhsin, S.Pd.
A59: B | B59: 239 | C59: ='BIO DATA'!D59 -> 11110 | D59: ='BIO DATA'!E59 -> 0088038775 | E59: ='BIO DATA'!F59:F88 -> Muhammad Thoriq Shidqi Sabiq | F59: ='BIO DATA'!M59 -> Laki-laki | G59: ='BIO DATA'!N59 -> Jakarta | H59: ='BIO DATA'!O59 -> 40764 | I59: ='BIO DATA'!S59 -> Islam | J59: ='BIO DATA'!J59 -> 1 | K59: ='BIO DATA'!K59 -> 2 | L59: ='BIO DATA'!T59 -> Jl. H. Marzuki No. 12 002/012 Bintaro Pesanggrahan Jakarta Selatan DKI Jakarta 12330 | M59: ='BIO DATA'!V59 -> Bintaro | N59: ='BIO DATA'!W59 -> Pesanggrahan | O59: ='BIO DATA'!X59 -> Jakarta Selatan | P59: ='BIO DATA'!Y59 -> DKI Jakarta | Q59: ='BIO DATA'!Z59 -> MTs Mu'allimin Muh. Yogyakarta | R59: ='BIO DATA'!AA59 -> Jl. Letjend. S. Parman No. 68 Yogyakarta | S59: ='BIO DATA'!AB59 -> 0 | T59: ='BIO DATA'!AC59 -> Abdul Somad | ... AG59: ='BIO DATA'!AP59 -> 0 | AH59: ='BIO DATA'!AZ59 -> 0 | AI59: ='BIO DATA'!BA59 -> Islam | AJ59: ='BIO DATA'!BB59 -> 0 | AK59: ='BIO DATA'!BC59 -> 0 | AL59: ='BIO DATA'!BD59 -> 0 | AM59: ='BIO DATA'!BE59 -> 0 | AN59: ='BIO DATA'!BF59 -> 0 | AO59: ='BIO DATA'!BG59 -> 0 | AP59: ='BIO DATA'!BH59 -> Zulfi Jalal Muhsin, S.Pd.
A60: B | B60: 246 | C60: ='BIO DATA'!D60 -> 11120 | D60: ='BIO DATA'!E60 -> 0092924695 | E60: ='BIO DATA'!F60:F89 -> Muhammad Zidane Falakhie | F60: ='BIO DATA'!M60 -> Laki-laki | G60: ='BIO DATA'!N60 -> Wonosobo | H60: ='BIO DATA'!O60 -> 39979 | I60: ='BIO DATA'!S60 -> Islam | J60: ='BIO DATA'!J60 -> 3 | K60: ='BIO DATA'!K60 -> 0 | L60: ='BIO DATA'!T60 -> Sidomukti RT 05 RW 06 Karangluhur Kertek Wonosobo Jawa Tengah | M60: ='BIO DATA'!V60 -> Karangluhur | N60: ='BIO DATA'!W60 -> Kertek | O60: ='BIO DATA'!X60 -> Wonosobo | P60: ='BIO DATA'!Y60 -> Jawa Tengah | Q60: ='BIO DATA'!Z60 -> MTs Mu'allimin Muh. Yogyakarta | R60: ='BIO DATA'!AA60 -> Jl. Letjend. S. Parman No. 68 Yogyakarta | S60: ='BIO DATA'!AB60 -> 0 | T60: ='BIO DATA'!AC60 -> Husni Fauzan | ... AG60: ='BIO DATA'!AP60 -> 0 | AH60: ='BIO DATA'!AZ60 -> 0 | AI60: ='BIO DATA'!BA60 -> Islam | AJ60: ='BIO DATA'!BB60 -> 0 | AK60: ='BIO DATA'!BC60 -> 0 | AL60: ='BIO DATA'!BD60 -> 0 | AM60: ='BIO DATA'!BE60 -> 0 | AN60: ='BIO DATA'!BF60 -> 0 | AO60: ='BIO DATA'!BG60 -> 0 | AP60: ='BIO DATA'!BH60 -> Zulfi Jalal Muhsin, S.Pd.
A61: B | B61: 9 | C61: ='BIO DATA'!D61 -> 11137 | D61: ='BIO DATA'!E61 -> 0082805545 | E61: ='BIO DATA'!F61:F90 -> Nayaka Bani Rajendra | F61: ='BIO DATA'!M61 -> Laki-laki | G61: ='BIO DATA'!N61 -> Sleman | H61: ='BIO DATA'!O61 -> 39592 | I61: ='BIO DATA'!S61 -> Islam | J61: ='BIO DATA'!J61 -> 1 | K61: ='BIO DATA'!K61 -> 1 | L61: ='BIO DATA'!T61 -> Jeblog RT 01 Tirtonirmolo Kasihan Bantul DI Yogyakarta | M61: ='BIO DATA'!V61 -> Tirtonirmolo | N61: ='BIO DATA'!W61 -> Kasihan | O61: ='BIO DATA'!X61 -> Bantul | P61: ='BIO DATA'!Y61 -> DI Yogyakarta | Q61: ='BIO DATA'!Z61 -> MTs Mu'allimin Muh. Yogyakarta | R61: ='BIO DATA'!AA61 -> Jl. Letjend. S. Parman No. 68 Yogyakarta | S61: ='BIO DATA'!AB61 -> 0 | T61: ='BIO DATA'!AC61 -> Sargiyono | ... AG61: ='BIO DATA'!AP61 -> 0 | AH61: ='BIO DATA'!AZ61 -> 0 | AI61: ='BIO DATA'!BA61 -> Islam | AJ61: ='BIO DATA'!BB61 -> 0 | AK61: ='BIO DATA'!BC61 -> 0 | AL61: ='BIO DATA'!BD61 -> 0 | AM61: ='BIO DATA'!BE61 -> 0 | AN61: ='BIO DATA'!BF61 -> 0 | AO61: ='BIO DATA'!BG61 -> 0 | AP61: ='BIO DATA'!BH61 -> Zulfi Jalal Muhsin, S.Pd.
A62: B | B62: 22 | C62: ='BIO DATA'!D62 -> 11148 | D62: ='BIO DATA'!E62 -> 0094279961 | E62: ='BIO DATA'!F62:F91 -> Raditya Aqila Wicaksono | F62: ='BIO DATA'!M62 -> Laki-laki | G62: ='BIO DATA'!N62 -> Yogyakarta | H62: ='BIO DATA'!O62 -> 39862 | I62: ='BIO DATA'!S62 -> Islam | J62: ='BIO DATA'!J62 -> 3 | K62: ='BIO DATA'!K62 -> 4 | L62: ='BIO DATA'!T62 -> Jl. Kesatrian No. 43 RT 01/RW 01 Pangenrejo Purworejo Jawa Tengah | M62: ='BIO DATA'!V62 -> Pangenrejo | N62: ='BIO DATA'!W62 -> Purworejo | O62: ='BIO DATA'!X62 -> Purworejo | P62: ='BIO DATA'!Y62 -> Jawa Tengah | Q62: ='BIO DATA'!Z62 -> MTs Mu'allimin Muh. Yogyakarta | R62: ='BIO DATA'!AA62 -> Jl. Letjend. S. Parman No. 68 Yogyakarta | S62: ='BIO DATA'!AB62 -> 0 | T62: ='BIO DATA'!AC62 -> Agung Nusantoro | ... AG62: ='BIO DATA'!AP62 -> 0 | AH62: ='BIO DATA'!AZ62 -> 0 | AI62: ='BIO DATA'!BA62 -> Islam | AJ62: ='BIO DATA'!BB62 -> 0 | AK62: ='BIO DATA'!BC62 -> 0 | AL62: ='BIO DATA'!BD62 -> 0 | AM62: ='BIO DATA'!BE62 -> 0 | AN62: ='BIO DATA'!BF62 -> 0 | AO62: ='BIO DATA'!BG62 -> 0 | AP62: ='BIO DATA'!BH62 -> Zulfi Jalal Muhsin, S.Pd.
... A75: C | B75: 168 | C75: ='BIO DATA'!D75 -> 10985 | D75: ='BIO DATA'!E75 -> 0086686210 | E75: ='BIO DATA'!F75:F104 -> Gesit Firman Prapcahyo | F75: ='BIO DATA'!M75 -> Laki-laki | G75: ='BIO DATA'!N75 -> Magelang | H75: ='BIO DATA'!O75 -> 39556 | I75: ='BIO DATA'!S75 -> Islam | J75: ='BIO DATA'!J75 -> 2 | K75: ='BIO DATA'!K75 -> 2 | L75: ='BIO DATA'!T75 -> Jatimulyo Kuwarasan Kebumen Jawa Tengah 54366 | M75: ='BIO DATA'!V75 -> Jatimulyo | N75: ='BIO DATA'!W75 -> Kuwarasan | O75: ='BIO DATA'!X75 -> Kebumen | P75: ='BIO DATA'!Y75 -> Jawa Tengah | Q75: ='BIO DATA'!Z75 -> MTs Mu'allimin Muh. Yogyakarta | R75: ='BIO DATA'!AA75 -> Jl. Letjend. S. Parman No. 68 Yogyakarta | S75: ='BIO DATA'!AB75 -> 0 | T75: ='BIO DATA'!AC75 -> Sarjono | ... AG75: ='BIO DATA'!AP75 -> 0 | AH75: ='BIO DATA'!AZ75 -> 0 | AI75: ='BIO DATA'!BA75 -> Islam | AJ75: ='BIO DATA'!BB75 -> 0 | AK75: ='BIO DATA'!BC75 -> 0 | AL75: ='BIO DATA'!BD75 -> 0 | AM75: ='BIO DATA'!BE75 -> 0 | AN75: ='BIO DATA'!BF75 -> 0 | AO75: ='BIO DATA'!BG75 -> 0 | AP75: ='BIO DATA'!BH75 -> Eko Supriyanto, S.Si.
A76: C | B76: 172 | C76: ='BIO DATA'!D76 -> 10993 | D76: ='BIO DATA'!E76 -> 0084084039 | E76: ='BIO DATA'!F76:F104 -> Haidar Muhammad Hidayat | F76: ='BIO DATA'!M76 -> Laki-laki | G76: ='BIO DATA'!N76 -> Sleman | H76: ='BIO DATA'!O76 -> 39692 | I76: ='BIO DATA'!S76 -> Islam | J76: ='BIO DATA'!J76 -> 2 | K76: ='BIO DATA'!K76 -> 0 | L76: ='BIO DATA'!T76 -> Cokrobedog Sidoarum Godean Sleman Di Yogyakarata | M76: ='BIO DATA'!V76 -> Sidoarum | N76: ='BIO DATA'!W76 -> Godean | O76: ='BIO DATA'!X76 -> Sleman | P76: ='BIO DATA'!Y76 -> DI Yogyakarta | Q76: ='BIO DATA'!Z76 -> MTs Mu'allimin Muh. Yogyakarta | R76: ='BIO DATA'!AA76 -> Jl. Letjend. S. Parman No. 68 Yogyakarta | S76: ='BIO DATA'!AB76 -> 0 | T76: ='BIO DATA'!AC76 -> Nasrudin | ... AG76: ='BIO DATA'!AP76 -> 0 | AH76: ='BIO DATA'!AZ76 -> 0 | AI76: ='BIO DATA'!BA76 -> Islam | AJ76: ='BIO DATA'!BB76 -> 0 | AK76: ='BIO DATA'!BC76 -> 0 | AL76: ='BIO DATA'!BD76 -> 0 | AM76: ='BIO DATA'!BE76 -> 0 | AN76: ='BIO DATA'!BF76 -> 0 | AO76: ='BIO DATA'!BG76 -> 0 | AP76: ='BIO DATA'!BH76 -> Eko Supriyanto, S.Si.
A77: C | B77: 179 | C77: ='BIO DATA'!D77 -> 10998 | D77: ='BIO DATA'!E77 -> 0092408455 | E77: ='BIO DATA'!F77:F105 -> Hudzaifah Abdul Fattah | F77: ='BIO DATA'!M77 -> Laki-laki | G77: ='BIO DATA'!N77 -> Yogyakarta | H77: ='BIO DATA'!O77 -> 39838 | I77: ='BIO DATA'!S77 -> Islam | J77: ='BIO DATA'!J77 -> 1 | K77: ='BIO DATA'!K77 -> 0 | L77: ='BIO DATA'!T77 -> Jl. Raya Bangsri Tayu Km. 5 Jinggotan Jepara Jawa Tengah | M77: ='BIO DATA'!V77 -> Bangsri | N77: ='BIO DATA'!W77 -> Jinggotan | O77: ='BIO DATA'!X77 -> Jepara | P77: ='BIO DATA'!Y77 -> Jawa Tengah | Q77: ='BIO DATA'!Z77 -> MTs Mu'allimin Muh. Yogyakarta | R77: ='BIO DATA'!AA77 -> Jl. Letjend. S. Parman No. 68 Yogyakarta | S77: ='BIO DATA'!AB77 -> 0 | T77: ='BIO DATA'!AC77 -> Ikhwanul Muslimin | ... AG77: ='BIO DATA'!AP77 -> 0 | AH77: ='BIO DATA'!AZ77 -> 0 | AI77: ='BIO DATA'!BA77 -> Islam | AJ77: ='BIO DATA'!BB77 -> 0 | AK77: ='BIO DATA'!BC77 -> 0 | AL77: ='BIO DATA'!BD77 -> 0 | AM77: ='BIO DATA'!BE77 -> 0 | AN77: ='BIO DATA'!BF77 -> 0 | AO77: ='BIO DATA'!BG77 -> 0 | AP77: ='BIO DATA'!BH77 -> Eko Supriyanto, S.Si.
A78: C | B78: 188 | C78: ='BIO DATA'!D78 -> 11015 | D78: ='BIO DATA'!E78 -> 0081749311 | E78: ='BIO DATA'!F78:F106 -> Lauhmahfuziqri Al Ayyubi | F78: ='BIO DATA'!M78 -> Laki-laki | G78: ='BIO DATA'!N78 -> Yogyakarta | H78: ='BIO DATA'!O78 -> 39643 | I78: ='BIO DATA'!S78 -> Islam | J78: ='BIO DATA'!J78 -> 1 | K78: ='BIO DATA'!K78 -> 0 | L78: ='BIO DATA'!T78 -> Perum Griya Mandiri I no 1 Suryodiningratan Mantrijeron Kota Yogyakarta DIY | M78: ='BIO DATA'!V78 -> Suryodiningratan | N78: ='BIO DATA'!W78 -> Mantrijeron | O78: ='BIO DATA'!X78 -> Kota Yogyakarta | P78: ='BIO DATA'!Y78 -> DI Yogyakarta | Q78: ='BIO DATA'!Z78 -> MTs Mu'allimin Muh. Yogyakarta | R78: ='BIO DATA'!AA78 -> Jl. Letjend. S. Parman No. 68 Yogyakarta | S78: ='BIO DATA'!AB78 -> 0 | T78: ='BIO DATA'!AC78 -> Alwansyah | ... AG78: ='BIO DATA'!AP78 -> 0 | AH78: ='BIO DATA'!AZ78 -> 0 | AI78: ='BIO DATA'!BA78 -> Islam | AJ78: ='BIO DATA'!BB78 -> 0 | AK78: ='BIO DATA'!BC78 -> 0 | AL78: ='BIO DATA'!BD78 -> 0 | AM78: ='BIO DATA'!BE78 -> 0 | AN78: ='BIO DATA'!BF78 -> 0 | AO78: ='BIO DATA'!BG78 -> 0 | AP78: ='BIO DATA'!BH78 -> Eko Supriyanto, S.Si.
A79: C | B79: 203 | C79: ='BIO DATA'!D79 -> 11018 | D79: ='BIO DATA'!E79 -> 0095456465 | E79: ='BIO DATA'!F79:F107 -> M. Irham Ismail | F79: ='BIO DATA'!M79 -> Laki-laki | G79: ='BIO DATA'!N79 -> Nabire | H79: ='BIO DATA'!O79 -> 39994 | I79: ='BIO DATA'!S79 -> Islam | J79: ='BIO DATA'!J79 -> 3 | K79: ='BIO DATA'!K79 -> 4 | L79: ='BIO DATA'!T79 -> Perumahan Giwangan Asri, Blok B1 Jln Imogiri Timur Giwangan Umbulharjo Yogyakarta DI Yogyakarta | M79: ='BIO DATA'!V79 -> Giwangan | N79: ='BIO DATA'!W79 -> Umbulharjo | O79: ='BIO DATA'!X79 -> Kota Yogyakarta | P79: ='BIO DATA'!Y79 -> DI Yogyakarta | Q79: ='BIO DATA'!Z79 -> MTs Mu'allimin Muh. Yogyakarta | R79: ='BIO DATA'!AA79 -> Jl. Letjend. S. Parman No. 68 Yogyakarta | S79: ='BIO DATA'!AB79 -> 0 | T79: ='BIO DATA'!AC79 -> Ismail Djamaluddin | ... AG79: ='BIO DATA'!AP79 -> m.taju.abrar@gmail.com | AH79: ='BIO DATA'!AZ79 -> 0 | AI79: ='BIO DATA'!BA79 -> Islam | AJ79: ='BIO DATA'!BB79 -> 0 | AK79: ='BIO DATA'!BC79 -> 0 | AL79: ='BIO DATA'!BD79 -> 0 | AM79: ='BIO DATA'!BE79 -> 0 | AN79: ='BIO DATA'!BF79 -> 0 | AO79: ='BIO DATA'!BG79 -> 0 | AP79: ='BIO DATA'!BH79 -> Eko Supriyanto, S.Si.
A80: C | B80: 233 | C80: ='BIO DATA'!D80 -> 11024 | D80: ='BIO DATA'!E80 -> 0096093258 | E80: ='BIO DATA'!F80:F107 -> Makochandika Arundaya Prajuritno | F80: ='BIO DATA'!M80 -> Laki-laki | G80: ='BIO DATA'!N80 -> Yogyakarta | H80: ='BIO DATA'!O80 -> 39955 | I80: ='BIO DATA'!S80 -> Islam | J80: ='BIO DATA'!J80 -> 2 | K80: ='BIO DATA'!K80 -> 2 | L80: ='BIO DATA'!T80 -> Ledoklempong Wonokerto Turi Sleman DI Yogyakarta 55551 | M80: ='BIO DATA'!V80 -> Wonokerto | N80: ='BIO DATA'!W80 -> Turi | O80: ='BIO DATA'!X80 -> Sleman | P80: ='BIO DATA'!Y80 -> DI Yogyakarta | Q80: ='BIO DATA'!Z80 -> MTs Mu'allimin Muh. Yogyakarta | R80: ='BIO DATA'!AA80 -> Jl. Letjend. S. Parman No. 68 Yogyakarta | S80: ='BIO DATA'!AB80 -> 0 | T80: ='BIO DATA'!AC80 -> Sukadi | ... AG80: ='BIO DATA'!AP80 -> 0 | AH80: ='BIO DATA'!AZ80 -> 0 | AI80: ='BIO DATA'!BA80 -> Islam | AJ80: ='BIO DATA'!BB80 -> 0 | AK80: ='BIO DATA'!BC80 -> 0 | AL80: ='BIO DATA'!BD80 -> 0 | AM80: ='BIO DATA'!BE80 -> 0 | AN80: ='BIO DATA'!BF80 -> 0 | AO80: ='BIO DATA'!BG80 -> 0 | AP80: ='BIO DATA'!BH80 -> Eko Supriyanto, S.Si.
A81: C | B81: 238 | C81: ='BIO DATA'!#REF! -> #REF! | D81: ='BIO DATA'!#REF! -> #REF! | E81: ='BIO DATA'!F81:F108 -> Muhammad Akmal Arro'uuf | F81: ='BIO DATA'!#REF! -> #REF! | G81: ='BIO DATA'!#REF! -> #REF! | H81: ='BIO DATA'!#REF! -> #REF! | I81: ='BIO DATA'!#REF! -> #REF! | J81: ='BIO DATA'!#REF! -> #REF! | K81: ='BIO DATA'!#REF! -> #REF! | L81: ='BIO DATA'!#REF! -> #REF! | M81: ='BIO DATA'!#REF! -> #REF! | ... AP81: ='BIO DATA'!#REF! -> #REF!
A82: C | B82: 255 | C82: ='BIO DATA'!D81 -> 11048 | D82: ='BIO DATA'!E81 -> 0089347651 | E82: ='BIO DATA'!F81:F109 -> Muhammad Alfa As'shiddiqi | F82: ='BIO DATA'!M81 -> Laki-laki | G82: ='BIO DATA'!N81 -> Magetan | H82: ='BIO DATA'!O81 -> 40070 | I82: ='BIO DATA'!S81 -> Islam | J82: ='BIO DATA'!J81 -> 1 | K82: ='BIO DATA'!K81 -> 2 | L82: ='BIO DATA'!T81 -> Pilangasri Milangasri Panekan Magetan Jawa Timur | M82: ='BIO DATA'!V81 -> Milangsari | N82: ='BIO DATA'!W81 -> Panekan | O82: ='BIO DATA'!X81 -> Magetan | P82: ='BIO DATA'!Y81 -> Jawa Timur | Q82: ='BIO DATA'!Z81 -> MTs Mu'allimin Muh. Yogyakarta | R82: ='BIO DATA'!AA81 -> Jl. Letjend. S. Parman No. 68 Yogyakarta | S82: ='BIO DATA'!AB81 -> 0 | T82: ='BIO DATA'!AC81 -> Arif Joko Wuryanto | ... AG82: ='BIO DATA'!AP81 -> 0 | AH82: ='BIO DATA'!AZ81 -> 0 | AI82: ='BIO DATA'!BA81 -> Islam | AJ82: ='BIO DATA'!BB81 -> 0 | AK82: ='BIO DATA'!BC81 -> 0 | AL82: ='BIO DATA'!BD81 -> 0 | AM82: ='BIO DATA'!BE81 -> 0 | AN82: ='BIO DATA'!BF81 -> 0 | AO82: ='BIO DATA'!BG81 -> 0 | AP82: ='BIO DATA'!BH81 -> Eko Supriyanto, S.Si.
A83: C | B83: 265 | C83: ='BIO DATA'!D82 -> 11050 | D83: ='BIO DATA'!E82 -> 3080440884 | E83: ='BIO DATA'!F82:F110 -> Muhammad Bagas Sanjaya | F83: ='BIO DATA'!M82 -> Laki-laki | G83: ='BIO DATA'!N82 -> Batang | H83: ='BIO DATA'!O82 -> 39666 | I83: ='BIO DATA'!S82 -> Islam | J83: ='BIO DATA'!J82 -> 1 | K83: ='BIO DATA'!K82 -> 1 | L83: ='BIO DATA'!T82 -> Dukuh Kranggan Tersono Batang Jawa Tengah 51272 | M83: ='BIO DATA'!V82 -> Kranggan | N83: ='BIO DATA'!W82 -> Tersono | O83: ='BIO DATA'!X82 -> Batang | P83: ='BIO DATA'!Y82 -> Jawa Tengah | Q83: ='BIO DATA'!Z82 -> MTs Mu'allimin Muh. Yogyakarta | R83: ='BIO DATA'!AA82 -> Jl. Letjend. S. Parman No. 68 Yogyakarta | S83: ='BIO DATA'!AB82 -> 0 | T83: ='BIO DATA'!AC82 -> Muh. Shirot | ... AG83: ='BIO DATA'!AP82 -> 0 | AH83: ='BIO DATA'!AZ82 -> 0 | AI83: ='BIO DATA'!BA82 -> Islam | AJ83: ='BIO DATA'!BB82 -> 0 | AK83: ='BIO DATA'!BC82 -> 0 | AL83: ='BIO DATA'!BD82 -> 0 | AM83: ='BIO DATA'!BE82 -> 0 | AN83: ='BIO DATA'!BF82 -> 0 | AO83: ='BIO DATA'!BG82 -> 0 | AP83: ='BIO DATA'!BH82 -> Eko Supriyanto, S.Si.
A84: C | B84: 269 | C84: ='BIO DATA'!D83 -> 11059 | D84: ='BIO DATA'!E83 -> 0082655617 | E84: ='BIO DATA'!F83:F111 -> Muhammad Ezra Adri Tampubolon | F84: ='BIO DATA'!M83 -> Laki-laki | G84: ='BIO DATA'!N83 -> Sleman | H84: ='BIO DATA'!O83 -> 39747 | I84: ='BIO DATA'!S83 -> Islam | J84: ='BIO DATA'!J83 -> 3 | K84: ='BIO DATA'!K83 -> 0 | L84: ='BIO DATA'!T83 -> Jln. Wates Km. 4,5 No. 53 Ambarketawang Gamping Sleman DIY | M84: ='BIO DATA'!V83 -> Ambarketawang | N84: ='BIO DATA'!W83 -> Gamping | O84: ='BIO DATA'!X83 -> Sleman | P84: ='BIO DATA'!Y83 -> DI Yogyakarta | Q84: ='BIO DATA'!Z83 -> MTs Mu'allimin Muh. Yogyakarta | R84: ='BIO DATA'!AA83 -> Jl. Letjend. S. Parman No. 68 Yogyakarta | S84: ='BIO DATA'!AB83 -> 0 | T84: ='BIO DATA'!AC83 -> Tarjono | ... AG84: ='BIO DATA'!AP83 -> 0 | AH84: ='BIO DATA'!AZ83 -> 0 | AI84: ='BIO DATA'!BA83 -> Islam | AJ84: ='BIO DATA'!BB83 -> 0 | AK84: ='BIO DATA'!BC83 -> 0 | AL84: ='BIO DATA'!BD83 -> 0 | AM84: ='BIO DATA'!BE83 -> 0 | AN84: ='BIO DATA'!BF83 -> 0 | AO84: ='BIO DATA'!BG83 -> 0 | AP84: ='BIO DATA'!BH83 -> Eko Supriyanto, S.Si.
A85: C | B85: 278 | C85: ='BIO DATA'!D84 -> 11064 | D85: ='BIO DATA'!E84 -> 0099168221 | E85: ='BIO DATA'!F84:F112 -> Muhammad Fairuz Zaidaan | F85: ='BIO DATA'!M84 -> Laki-laki | G85: ='BIO DATA'!N84 -> Cilacap | H85: ='BIO DATA'!O84 -> 40011 | I85: ='BIO DATA'!S84 -> Islam | J85: ='BIO DATA'!J84 -> 1 | K85: ='BIO DATA'!K84 -> 0 | L85: ='BIO DATA'!T84 -> Base Camp PT. Sungai Rangit PT. Sampoerna Agro Tbk Jl. Sukamara-Kotawaringin Lama Km. 27 Kartamulya Sukamara Kalimantan Tengah | M85: ='BIO DATA'!V84 -> Karta Mulia | N85: ='BIO DATA'!W84 -> Sukamara | O85: ='BIO DATA'!X84 -> Sukamara | P85: ='BIO DATA'!Y84 -> Kalimantan Tengah | Q85: ='BIO DATA'!Z84 -> MTs Mu'allimin Muh. Yogyakarta | R85: ='BIO DATA'!AA84 -> Jl. Letjend. S. Parman No. 68 Yogyakarta | S85: ='BIO DATA'!AB84 -> 0 | T85: ='BIO DATA'!AC84 -> Usmar Hadi Tampubolon | ... AG85: ='BIO DATA'!AP84 -> 0 | AH85: ='BIO DATA'!AZ84 -> 0 | AI85: ='BIO DATA'!BA84 -> Islam | AJ85: ='BIO DATA'!BB84 -> 0 | AK85: ='BIO DATA'!BC84 -> 0 | AL85: ='BIO DATA'!BD84 -> 0 | AM85: ='BIO DATA'!BE84 -> 0 | AN85: ='BIO DATA'!BF84 -> 0 | AO85: ='BIO DATA'!BG84 -> 0 | AP85: ='BIO DATA'!BH84 -> Eko Supriyanto, S.Si.
A86: C | B86: 279 | C86: ='BIO DATA'!D85 -> 11066 | D86: ='BIO DATA'!E85 -> 0095045977 | E86: ='BIO DATA'!F85:F113 -> Muhammad Fatih Hakim | F86: ='BIO DATA'!M85 -> Laki-laki | G86: ='BIO DATA'!N85 -> Sorong | H86: ='BIO DATA'!O85 -> 40134 | I86: ='BIO DATA'!S85 -> Islam | J86: ='BIO DATA'!J85 -> 2 | K86: ='BIO DATA'!K85 -> 4 | L86: ='BIO DATA'!T85 -> Jl. Buncis Malawele Aimas Kab. Sorong Papua | M86: ='BIO DATA'!V85 -> Malawele | N86: ='BIO DATA'!W85 -> Aimas | O86: ='BIO DATA'!X85 -> Kab | P86: ='BIO DATA'!Y85 -> Papua | Q86: ='BIO DATA'!Z85 -> MTs Mu'allimin Muh. Yogyakarta | R86: ='BIO DATA'!AA85 -> Jl. Letjend. S. Parman No. 68 Yogyakarta | S86: ='BIO DATA'!AB85 -> 0 | T86: ='BIO DATA'!AC85 -> Maryono | ... AG86: ='BIO DATA'!AP85 -> 0 | AH86: ='BIO DATA'!AZ85 -> 0 | AI86: ='BIO DATA'!BA85 -> Islam | AJ86: ='BIO DATA'!BB85 -> 0 | AK86: ='BIO DATA'!BC85 -> 0 | AL86: ='BIO DATA'!BD85 -> 0 | AM86: ='BIO DATA'!BE85 -> 0 | AN86: ='BIO DATA'!BF85 -> 0 | AO86: ='BIO DATA'!BG85 -> 0 | AP86: ='BIO DATA'!BH85 -> Eko Supriyanto, S.Si.
A87: C | B87: 8 | C87: ='BIO DATA'!D86 -> 11073 | D87: ='BIO DATA'!E86 -> 0088482709 | E87: ='BIO DATA'!F86:F114 -> Muhammad Rizvan Ahnaf | F87: ='BIO DATA'!M86 -> Laki-laki | G87: ='BIO DATA'!N86 -> Bantul | H87: ='BIO DATA'!O86 -> 39601 | I87: ='BIO DATA'!S86 -> Islam | J87: ='BIO DATA'!J86 -> 1 | K87: ='BIO DATA'!K86 -> 0 | L87: ='BIO DATA'!T86 -> Susukan II RT 06 RW 05 Margokaton Seyegan Sleman DI Yogyakarta | M87: ='BIO DATA'!V86 -> Margokaton | N87: ='BIO DATA'!W86 -> Seyegan | O87: ='BIO DATA'!X86 -> Sleman | P87: ='BIO DATA'!Y86 -> DI Yogyakarta | Q87: ='BIO DATA'!Z86 -> MTs Mu'allimin Muh. Yogyakarta | R87: ='BIO DATA'!AA86 -> Jl. Letjend. S. Parman No. 68 Yogyakarta | S87: ='BIO DATA'!AB86 -> 0 | T87: ='BIO DATA'!AC86 -> Muhammad Yusuf | ... AG87: ='BIO DATA'!AP86 -> 0 | AH87: ='BIO DATA'!AZ86 -> 0 | AI87: ='BIO DATA'!BA86 -> Islam | AJ87: ='BIO DATA'!BB86 -> 0 | AK87: ='BIO DATA'!BC86 -> 0 | AL87: ='BIO DATA'!BD86 -> 0 | AM87: ='BIO DATA'!BE86 -> 0 | AN87: ='BIO DATA'!BF86 -> 0 | AO87: ='BIO DATA'!BG86 -> 0 | AP87: ='BIO DATA'!BH86 -> Eko Supriyanto, S.Si.
A88: C | B88: 29 | C88: ='BIO DATA'!D87 -> 11103 | D88: ='BIO DATA'!E87 -> 0087669341 | E88: ='BIO DATA'!F87:F115 -> Nadhir Mahmud Radito | F88: ='BIO DATA'!M87 -> Laki-laki | G88: ='BIO DATA'!N87 -> Pekalongan | H88: ='BIO DATA'!O87 -> 39720 | I88: ='BIO DATA'!S87 -> Islam | J88: ='BIO DATA'!J87 -> 4 | K88: ='BIO DATA'!K87 -> 4 | L88: ='BIO DATA'!T87 -> Jl. Sulawesi Gang 5B No. 4 Bendan Kergon Pekalongan Barat Pekalongan Jawa Tengah | M88: ='BIO DATA'!V87 -> Kergon | N88: ='BIO DATA'!W87 -> Pekalongan Barat | O88: ='BIO DATA'!X87 -> Pekalongan | P88: ='BIO DATA'!Y87 -> Jawa Tengah | Q88: ='BIO DATA'!Z87 -> MTs Mu'allimin Muh. Yogyakarta | R88: ='BIO DATA'!AA87 -> Jl. Letjend. S. Parman No. 68 Yogyakarta | S88: ='BIO DATA'!AB87 -> 0 | T88: ='BIO DATA'!AC87 -> Rudi Hartono | ... AG88: ='BIO DATA'!AP87 -> 0 | AH88: ='BIO DATA'!AZ87 -> 0 | AI88: ='BIO DATA'!BA87 -> Islam | AJ88: ='BIO DATA'!BB87 -> 0 | AK88: ='BIO DATA'!BC87 -> 0 | AL88: ='BIO DATA'!BD87 -> 0 | AM88: ='BIO DATA'!BE87 -> 0 | AN88: ='BIO DATA'!BF87 -> 0 | AO88: ='BIO DATA'!BG87 -> 0 | AP88: ='BIO DATA'!BH87 -> Eko Supriyanto, S.Si.
A89: C | B89: 37 | C89: ='BIO DATA'!D88 -> 11124 | D89: ='BIO DATA'!E88 -> 0093666554 | E89: ='BIO DATA'!F88:F116 -> Najmii Shula Hibatullah | F89: ='BIO DATA'!M88 -> Laki-laki | G89: ='BIO DATA'!N88 -> Sukoharjo | H89: ='BIO DATA'!O88 -> 40147 | I89: ='BIO DATA'!S88 -> Islam | J89: ='BIO DATA'!J88 -> 1 | K89: ='BIO DATA'!K88 -> 1 | L89: ='BIO DATA'!T88 -> Japunan Asri Cluster D-6 Danurejo Mertoyudan Kab. Magelang Jawa Tengah 56172 | M89: ='BIO DATA'!V88 -> Danurejo | N89: ='BIO DATA'!W88 -> Mertoyudan | O89: ='BIO DATA'!X88 -> Magelang | P89: ='BIO DATA'!Y88 -> Jawa Tengah | Q89: ='BIO DATA'!Z88 -> MTs Mu'allimin Muh. Yogyakarta | R89: ='BIO DATA'!AA88 -> Jl. Letjend. S. Parman No. 68 Yogyakarta | S89: ='BIO DATA'!AB88 -> 0 | T89: ='BIO DATA'!AC88 -> Budi Prakosa Radito Adi Purnomo | ... AG89: ='BIO DATA'!AP88 -> 0 | AH89: ='BIO DATA'!AZ88 -> 0 | AI89: ='BIO DATA'!BA88 -> Islam | AJ89: ='BIO DATA'!BB88 -> 0 | AK89: ='BIO DATA'!BC88 -> 0 | AL89: ='BIO DATA'!BD88 -> 0 | AM89: ='BIO DATA'!BE88 -> 0 | AN89: ='BIO DATA'!BF88 -> 0 | AO89: ='BIO DATA'!BG88 -> 0 | AP89: ='BIO DATA'!BH88 -> Eko Supriyanto, S.Si.
A90: C | B90: 55 | C90: ='BIO DATA'!D89 -> 11127 | D90: ='BIO DATA'!E89 -> 0084586201 | E90: ='BIO DATA'!F89:F117 -> Naufan Azzaka Waluyo | F90: ='BIO DATA'!M89 -> Laki-laki | G90: ='BIO DATA'!N89 -> Jakarta | H90: ='BIO DATA'!O89 -> 39605 | I90: ='BIO DATA'!S89 -> Islam | J90: ='BIO DATA'!J89 -> 1 | K90: ='BIO DATA'!K89 -> 0 | L90: ='BIO DATA'!T89 -> Jl. Ori Raya No 473 Blok O Pondok Bambu Duren Sawit Jakarta Timur DKI Jakarta | M90: ='BIO DATA'!V89 -> Pondok Bambu | N90: ='BIO DATA'!W89 -> Duren Sawit | O90: ='BIO DATA'!X89 -> Jakarta Timur | P90: ='BIO DATA'!Y89 -> DKI Jakarta | Q90: ='BIO DATA'!Z89 -> MTs Mu'allimin Muh. Yogyakarta | R90: ='BIO DATA'!AA89 -> Jl. Letjend. S. Parman No. 68 Yogyakarta | S90: ='BIO DATA'!AB89 -> 0 | T90: ='BIO DATA'!AC89 -> Ade Firdauzi | ... AG90: ='BIO DATA'!AP89 -> 0 | AH90: ='BIO DATA'!AZ89 -> 0 | AI90: ='BIO DATA'!BA89 -> Islam | AJ90: ='BIO DATA'!BB89 -> 0 | AK90: ='BIO DATA'!BC89 -> 0 | AL90: ='BIO DATA'!BD89 -> 0 | AM90: ='BIO DATA'!BE89 -> 0 | AN90: ='BIO DATA'!BF89 -> 0 | AO90: ='BIO DATA'!BG89 -> 0 | AP90: ='BIO DATA'!BH89 -> Eko Supriyanto, S.Si.
A91: C | B91: 57 | C91: ='BIO DATA'!D90 -> 11136 | D91: ='BIO DATA'!E90 -> 0097987738 | E91: ='BIO DATA'!F90:F118 -> Raditya Dimas Widyawardana | F91: ='BIO DATA'!M90 -> Laki-laki | G91: ='BIO DATA'!N90 -> Banjarnegara | H91: ='BIO DATA'!O90 -> 40049 | I91: ='BIO DATA'!S90 -> Islam | J91: ='BIO DATA'!J90 -> 1 | K91: ='BIO DATA'!K90 -> 2 | L91: ='BIO DATA'!T90 -> Wanayasa RT 05 RW 02 Kec. Wanayasa Kab. Banjarnegara Jawa Tengah 53457 | M91: ='BIO DATA'!V90 -> Wanayasa | N91: ='BIO DATA'!W90 -> Wanayasa | O91: ='BIO DATA'!X90 -> Banjarnegara | P91: ='BIO DATA'!Y90 -> Jawa Tengah | Q91: ='BIO DATA'!Z90 -> MTs Mu'allimin Muh. Yogyakarta | R91: ='BIO DATA'!AA90 -> Jl. Letjend. S. Parman No. 68 Yogyakarta | S91: ='BIO DATA'!AB90 -> 0 | T91: ='BIO DATA'!AC90 -> Rodik Waluyo | ... AG91: ='BIO DATA'!AP90 -> 0 | AH91: ='BIO DATA'!AZ90 -> 0 | AI91: ='BIO DATA'!BA90 -> Islam | AJ91: ='BIO DATA'!BB90 -> 0 | AK91: ='BIO DATA'!BC90 -> 0 | AL91: ='BIO DATA'!BD90 -> 0 | AM91: ='BIO DATA'!BE90 -> 0 | AN91: ='BIO DATA'!BF90 -> 0 | AO91: ='BIO DATA'!BG90 -> 0 | AP91: ='BIO DATA'!BH90 -> Eko Supriyanto, S.Si.
A92: C | B92: 61 | C92: ='BIO DATA'!D91 -> 11149 | D92: ='BIO DATA'!E91 -> 0083679462 | E92: ='BIO DATA'!F91:F119 -> Salman Al-Farisi | F92: ='BIO DATA'!M91 -> Laki-laki | G92: ='BIO DATA'!N91 -> Tenggarong | H92: ='BIO DATA'!O91 -> 39771 | I92: ='BIO DATA'!S91 -> Islam | J92: ='BIO DATA'!J91 -> 2 | K92: ='BIO DATA'!K91 -> 0 | L92: ='BIO DATA'!T91 -> Jl. Krama Jaya, Blok A No. 2 Mangkurawang Tenggarong Kutai Kartanegara Kalimantan Timur | M92: ='BIO DATA'!V91 -> Mangkurawang | N92: ='BIO DATA'!W91 -> Tenggarong | O92: ='BIO DATA'!X91 -> Kutai Kartanegara | P92: ='BIO DATA'!Y91 -> Kalimantan Timur | Q92: ='BIO DATA'!Z91 -> MTs Mu'allimin Muh. Yogyakarta | R92: ='BIO DATA'!AA91 -> Jl. Letjend. S. Parman No. 68 Yogyakarta | S92: ='BIO DATA'!AB91 -> 0 | T92: ='BIO DATA'!AC91 -> Ketut Bayu Putu Adi | ... AG92: ='BIO DATA'!AP91 -> 0 | AH92: ='BIO DATA'!AZ91 -> 0 | AI92: ='BIO DATA'!BA91 -> Islam | AJ92: ='BIO DATA'!BB91 -> 0 | AK92: ='BIO DATA'!BC91 -> 0 | AL92: ='BIO DATA'!BD91 -> 0 | AM92: ='BIO DATA'!BE91 -> 0 | AN92: ='BIO DATA'!BF91 -> 0 | AO92: ='BIO DATA'!BG91 -> 0 | AP92: ='BIO DATA'!BH91 -> Eko Supriyanto, S.Si.
A93: C | B93: 74 | C93: ='BIO DATA'!D92 -> 11171 | D93: ='BIO DATA'!E92 -> 0086167591 | E93: ='BIO DATA'!F92:F120 -> Taqiyullah Amurwabhumi | F93: ='BIO DATA'!M92 -> Laki-laki | G93: ='BIO DATA'!N92 -> Surabaya | H93: ='BIO DATA'!O92 -> 39703 | I93: ='BIO DATA'!S92 -> Islam | J93: ='BIO DATA'!J92 -> 1 | K93: ='BIO DATA'!K92 -> 0 | L93: ='BIO DATA'!T92 -> Jl. Mulyosari Tengah 7 No 18 Mulyorejo Surabaya Jawa Timur-60112 | M93: ='BIO DATA'!V92 -> Mulyosari | N93: ='BIO DATA'!W92 -> Mulyorejo | O93: ='BIO DATA'!X92 -> Surabaya | P93: ='BIO DATA'!Y92 -> Jawa Timur | Q93: ='BIO DATA'!Z92 -> MTs Mu'allimin Muh. Yogyakarta | R93: ='BIO DATA'!AA92 -> Jl. Letjend. S. Parman No. 68 Yogyakarta | S93: ='BIO DATA'!AB92 -> 0 | T93: ='BIO DATA'!AC92 -> Rio Muhammad | ... AG93: ='BIO DATA'!AP92 -> 0 | AH93: ='BIO DATA'!AZ92 -> 0 | AI93: ='BIO DATA'!BA92 -> Islam | AJ93: ='BIO DATA'!BB92 -> 0 | AK93: ='BIO DATA'!BC92 -> 0 | AL93: ='BIO DATA'!BD92 -> 0 | AM93: ='BIO DATA'!BE92 -> 0 | AN93: ='BIO DATA'!BF92 -> 0 | AO93: ='BIO DATA'!BG92 -> 0 | AP93: ='BIO DATA'!BH92 -> Eko Supriyanto, S.Si.
... A105: D | B105: 187 | C105: ='BIO DATA'!D104 -> 10959 | D105: ='BIO DATA'!E104 -> 0097245658 | E105: ='BIO DATA'!F104:F132 -> Fikri Aziz Avrilian | F105: ='BIO DATA'!M104 -> Laki-laki | G105: ='BIO DATA'!N104 -> Banjarnegara | H105: ='BIO DATA'!O104 -> 39822 | I105: ='BIO DATA'!S104 -> Islam | J105: ='BIO DATA'!J104 -> 3 | K105: ='BIO DATA'!K104 -> 3 | L105: ='BIO DATA'!T104 -> Desa Plumbungan Pagentan Banjarnegara Jawa Tengah 53455 | M105: ='BIO DATA'!V104 -> Plumbungan | N105: ='BIO DATA'!W104 -> Pagentan | O105: ='BIO DATA'!X104 -> Banjarnegara | P105: ='BIO DATA'!Y104 -> Jawa Tengah | Q105: ='BIO DATA'!Z104 -> MTs Mu'allimin Muh. Yogyakarta | R105: ='BIO DATA'!AA104 -> Jl. Letjend. S. Parman No. 68 Yogyakarta | S105: ='BIO DATA'!AB104 -> 0 | T105: ='BIO DATA'!AC104 -> Wahid Saifudin | ... AG105: ='BIO DATA'!AP104 -> 0 | AH105: ='BIO DATA'!AZ104 -> 0 | AI105: ='BIO DATA'!BA104 -> Islam | AJ105: ='BIO DATA'!BB104 -> 0 | AK105: ='BIO DATA'!BC104 -> 0 | AL105: ='BIO DATA'!BD104 -> 0 | AM105: ='BIO DATA'!BE104 -> 0 | AN105: ='BIO DATA'!BF104 -> 0 | AO105: ='BIO DATA'!BG104 -> 0 | AP105: ='BIO DATA'!BH104 -> Afid Andono, S.Pd.
A106: D | B106: 192 | C106: ='BIO DATA'!#REF! -> #REF! | D106: ='BIO DATA'!#REF! -> #REF! | E106: ='BIO DATA'!F105:F133 -> Gusti Aditya | F106: ='BIO DATA'!#REF! -> #REF! | G106: ='BIO DATA'!#REF! -> #REF! | H106: ='BIO DATA'!#REF! -> #REF! | I106: ='BIO DATA'!#REF! -> #REF! | J106: ='BIO DATA'!#REF! -> #REF! | K106: ='BIO DATA'!#REF! -> #REF! | L106: ='BIO DATA'!#REF! -> #REF! | M106: ='BIO DATA'!#REF! -> #REF! | ... AP106: ='BIO DATA'!#REF! -> #REF!
A107: D | B107: 193 | C107: ='BIO DATA'!D105 -> 10984 | D107: ='BIO DATA'!E105 -> 0095062802 | E107: ='BIO DATA'!F105:F134 -> Intifadhah Al-Aqsha Anas | F107: ='BIO DATA'!M105 -> Laki-laki | G107: ='BIO DATA'!N105 -> Kebumen | H107: ='BIO DATA'!O105 -> 39914 | I107: ='BIO DATA'!S105 -> Islam | J107: ='BIO DATA'!J105 -> 4 | K107: ='BIO DATA'!K105 -> 4 | L107: ='BIO DATA'!T105 -> Karang Gamblok 002/005 Pejagoan Kebumen Jawa Tengah 54361 | M107: ='BIO DATA'!V105 -> Pejagoan | N107: ='BIO DATA'!W105 -> Pejagoan | O107: ='BIO DATA'!X105 -> Kebumen | P107: ='BIO DATA'!Y105 -> Jawa Tengah | Q107: ='BIO DATA'!Z105 -> MTs Mu'allimin Muh. Yogyakarta | R107: ='BIO DATA'!AA105 -> Jl. Letjend. S. Parman No. 68 Yogyakarta | S107: ='BIO DATA'!AB105 -> 1. Juara 3 Cabor Renang 100 m gaya kupu-kupu SD/MI Putra / Popda Kab. Kebumen SD/MI, SMP/MTs dan SMA/SMK/MA Tahun 2020 2. Juara 3 Cabor Renang Estafet MIX 4 X 50 m gaya Bebas SD/MI / Popda Kab. Kebumen SD/MI, SMP/MTs dan SMA/SMK/MA Tahun 2020 | T107: ='BIO DATA'!AC105 -> Ainun | ... AG107: ='BIO DATA'!AP105 -> kh.faidah01@gmail.com | AH107: ='BIO DATA'!AZ105 -> 0 | AI107: ='BIO DATA'!BA105 -> Islam | AJ107: ='BIO DATA'!BB105 -> 0 | AK107: ='BIO DATA'!BC105 -> 0 | AL107: ='BIO DATA'!BD105 -> 0 | AM107: ='BIO DATA'!BE105 -> 0 | AN107: ='BIO DATA'!BF105 -> 0 | AO107: ='BIO DATA'!BG105 -> 0 | AP107: ='BIO DATA'!BH105 -> Afid Andono, S.Pd.
A108: D | B108: 223 | C108: ='BIO DATA'!D106 -> 10991 | D108: ='BIO DATA'!E106 -> 0094336445 | E108: ='BIO DATA'!F106:F135 -> Lintang Abdullah | F108: ='BIO DATA'!M106 -> Laki-laki | G108: ='BIO DATA'!N106 -> Pekalongan | H108: ='BIO DATA'!O106 -> 40049 | I108: ='BIO DATA'!S106 -> Islam | J108: ='BIO DATA'!J106 -> 1 | K108: ='BIO DATA'!K106 -> 0 | L108: ='BIO DATA'!T106 -> Rowobulus Wetan RT. 04 RW. 15 Kebonrowopucang Karangdadap Pekalongan Jateng 51174 | M108: ='BIO DATA'!V106 -> Kebonrowopucang | N108: ='BIO DATA'!W106 -> Karangdadap | O108: ='BIO DATA'!X106 -> Pekalongan | P108: ='BIO DATA'!Y106 -> Jawa Tengah | Q108: ='BIO DATA'!Z106 -> MTs Mu'allimin Muh. Yogyakarta | R108: ='BIO DATA'!AA106 -> Jl. Letjend. S. Parman No. 68 Yogyakarta | S108: ='BIO DATA'!AB106 -> 0 | T108: ='BIO DATA'!AC106 -> Ali Yusuf | ... AG108: ='BIO DATA'!AP106 -> etti.risnawati@gmail.com | AH108: ='BIO DATA'!AZ106 -> 0 | AI108: ='BIO DATA'!BA106 -> Islam | AJ108: ='BIO DATA'!BB106 -> 0 | AK108: ='BIO DATA'!BC106 -> 0 | AL108: ='BIO DATA'!BD106 -> 0 | AM108: ='BIO DATA'!BE106 -> 0 | AN108: ='BIO DATA'!BF106 -> 0 | AO108: ='BIO DATA'!BG106 -> 0 | AP108: ='BIO DATA'!BH106 -> Afid Andono, S.Pd.
A109: D | B109: 228 | C109: ='BIO DATA'!D107 -> 11003 | D109: ='BIO DATA'!E107 -> 0097832502 | E109: ='BIO DATA'!F107:F136 -> Mirza Rafi Susanto | F109: ='BIO DATA'!M107 -> Laki-laki | G109: ='BIO DATA'!N107 -> Madiun | H109: ='BIO DATA'!O107 -> 39893 | I109: ='BIO DATA'!S107 -> Islam | J109: ='BIO DATA'!J107 -> 2 | K109: ='BIO DATA'!K107 -> 0 | L109: ='BIO DATA'!T107 -> DS. Sumbersari Kec. Saradan kab. Madiun Jawa Timur | M109: ='BIO DATA'!V107 -> Sumbersari | N109: ='BIO DATA'!W107 -> Saradan | O109: ='BIO DATA'!X107 -> Madiun | P109: ='BIO DATA'!Y107 -> Jawa Timur | Q109: ='BIO DATA'!Z107 -> MTs Mu'allimin Muh. Yogyakarta | R109: ='BIO DATA'!AA107 -> Jl. Letjend. S. Parman No. 68 Yogyakarta | S109: ='BIO DATA'!AB107 -> 0 | T109: ='BIO DATA'!AC107 -> Anas Hilal | ... AG109: ='BIO DATA'!AP107 -> 0 | AH109: ='BIO DATA'!AZ107 -> 0 | AI109: ='BIO DATA'!BA107 -> Islam | AJ109: ='BIO DATA'!BB107 -> 0 | AK109: ='BIO DATA'!BC107 -> 0 | AL109: ='BIO DATA'!BD107 -> 0 | AM109: ='BIO DATA'!BE107 -> 0 | AN109: ='BIO DATA'!BF107 -> 0 | AO109: ='BIO DATA'!BG107 -> 0 | AP109: ='BIO DATA'!BH107 -> Afid Andono, S.Pd.
A110: D | B110: 230 | C110: ='BIO DATA'!#REF! -> #REF! | D110: ='BIO DATA'!#REF! -> #REF! | E110: ='BIO DATA'!F108:F137 -> Mochammad Hilmy Izzudin Arrasyid | F110: ='BIO DATA'!#REF! -> #REF! | G110: ='BIO DATA'!#REF! -> #REF! | H110: ='BIO DATA'!#REF! -> #REF! | I110: ='BIO DATA'!#REF! -> #REF! | J110: ='BIO DATA'!#REF! -> #REF! | K110: ='BIO DATA'!#REF! -> #REF! | L110: ='BIO DATA'!#REF! -> #REF! | M110: ='BIO DATA'!#REF! -> #REF! | ... AP110: ='BIO DATA'!#REF! -> #REF!
A111: D | B111: 248 | C111: ='BIO DATA'!D108 -> 11016 | D111: ='BIO DATA'!E108 -> 0095931261 | E111: ='BIO DATA'!F108:F138 -> Muhammad Affan Fahrurrozi | F111: ='BIO DATA'!M108 -> Laki-laki | G111: ='BIO DATA'!N108 -> Bantul | H111: ='BIO DATA'!O108 -> 39903 | I111: ='BIO DATA'!S108 -> Islam | J111: ='BIO DATA'!J108 -> 0 | K111: ='BIO DATA'!K108 -> 0 | L111: ='BIO DATA'!T108 -> Perumahan Kanoman Gang I No 120 Banyuraden Gamping Sleman DI Yogyakarta | M111: ='BIO DATA'!V108 -> Banyuraden | N111: ='BIO DATA'!W108 -> Gamping | O111: ='BIO DATA'!X108 -> Sleman | P111: ='BIO DATA'!Y108 -> DI Yogyakarta | Q111: ='BIO DATA'!Z108 -> MTs Mu'allimin Muh. Yogyakarta | R111: ='BIO DATA'!AA108 -> Jl. Letjend. S. Parman No. 68 Yogyakarta | S111: ='BIO DATA'!AB108 -> 0 | T111: ='BIO DATA'!AC108 -> Toyib Ikhwanta | ... AG111: ='BIO DATA'!AP108 -> 0 | AH111: ='BIO DATA'!AZ108 -> 0 | AI111: ='BIO DATA'!BA108 -> Islam | AJ111: ='BIO DATA'!BB108 -> 0 | AK111: ='BIO DATA'!BC108 -> 0 | AL111: ='BIO DATA'!BD108 -> 0 | AM111: ='BIO DATA'!BE108 -> 0 | AN111: ='BIO DATA'!BF108 -> 0 | AO111: ='BIO DATA'!BG108 -> 0 | AP111: ='BIO DATA'!BH108 -> Afid Andono, S.Pd.
A112: D | B112: 256 | C112: ='BIO DATA'!D109 -> 11032 | D112: ='BIO DATA'!E109 -> 0094525562 | E112: ='BIO DATA'!F109:F139 -> Muhammad Bintang Al Hafidz | F112: ='BIO DATA'!M109 -> Laki-laki | G112: ='BIO DATA'!N109 -> Magelang | H112: ='BIO DATA'!O109 -> 39928 | I112: ='BIO DATA'!S109 -> Islam | J112: ='BIO DATA'!J109 -> 2 | K112: ='BIO DATA'!K109 -> 0 | L112: ='BIO DATA'!T109 -> Temanggal II, Bumirejo, Kaliangkrik, Magelang, Jawa Tengah 56153 | M112: ='BIO DATA'!V109 -> Bumirejo | N112: ='BIO DATA'!W109 -> Kaliangkrik | O112: ='BIO DATA'!X109 -> Magelang | P112: ='BIO DATA'!Y109 -> Jawa Tengah | Q112: ='BIO DATA'!Z109 -> MTs Mu'allimin Muh. Yogyakarta | R112: ='BIO DATA'!AA109 -> Jl. Letjend. S. Parman No. 68 Yogyakarta | S112: ='BIO DATA'!AB109 -> 0 | T112: ='BIO DATA'!AC109 -> Ekusaini Susanto, M.PD.Si. | ... AG112: ='BIO DATA'!AP109 -> 0 | AH112: ='BIO DATA'!AZ109 -> 0 | AI112: ='BIO DATA'!BA109 -> Islam | AJ112: ='BIO DATA'!BB109 -> 0 | AK112: ='BIO DATA'!BC109 -> 0 | AL112: ='BIO DATA'!BD109 -> 0 | AM112: ='BIO DATA'!BE109 -> 0 | AN112: ='BIO DATA'!BF109 -> 0 | AO112: ='BIO DATA'!BG109 -> 0 | AP112: ='BIO DATA'!BH109 -> Afid Andono, S.Pd.
A113: D | B113: 277 | C113: ='BIO DATA'!D110 -> 11034 | D113: ='BIO DATA'!E110 -> 0094055677 | E113: ='BIO DATA'!F110:F140 -> Muhammad Haedar Rizky Anwar | F113: ='BIO DATA'!M110 -> Laki-laki | G113: ='BIO DATA'!N110 -> Sidoarjo | H113: ='BIO DATA'!O110 -> 39942 | I113: ='BIO DATA'!S110 -> Islam | J113: ='BIO DATA'!J110 -> 1 | K113: ='BIO DATA'!K110 -> 0 | L113: ='BIO DATA'!T110 -> Griya Samudra Asri Blok F11 No 07 Kramat Jegu Taman Sidoarjo Jawa Timur | M113: ='BIO DATA'!V110 -> Kramat Jegu | N113: ='BIO DATA'!W110 -> Taman | O113: ='BIO DATA'!X110 -> Sidoarjo | P113: ='BIO DATA'!Y110 -> Jawa Timur | Q113: ='BIO DATA'!Z110 -> MTs Mu'allimin Muh. Yogyakarta | R113: ='BIO DATA'!AA110 -> Jl. Letjend. S. Parman No. 68 Yogyakarta | S113: ='BIO DATA'!AB110 -> 0 | T113: ='BIO DATA'!AC110 -> Cucuk Hariyanto | ... AG113: ='BIO DATA'!AP110 -> 0 | AH113: ='BIO DATA'!AZ110 -> 0 | AI113: ='BIO DATA'!BA110 -> Islam | AJ113: ='BIO DATA'!BB110 -> 0 | AK113: ='BIO DATA'!BC110 -> 0 | AL113: ='BIO DATA'!BD110 -> 0 | AM113: ='BIO DATA'!BE110 -> 0 | AN113: ='BIO DATA'!BF110 -> 0 | AO113: ='BIO DATA'!BG110 -> 0 | AP113: ='BIO DATA'!BH110 -> Afid Andono, S.Pd.
A114: D | B114: 293 | C114: ='BIO DATA'!D111 -> 11046 | D114: ='BIO DATA'!E111 -> 0091787103 | E114: ='BIO DATA'!F111:F141 -> Muhammad Iqbal Azzahir | F114: ='BIO DATA'!M111 -> Laki-laki | G114: ='BIO DATA'!N111 -> Magelang | H114: ='BIO DATA'!O111 -> 39907 | I114: ='BIO DATA'!S111 -> Islam | J114: ='BIO DATA'!J111 -> 2 | K114: ='BIO DATA'!K111 -> 0 | L114: ='BIO DATA'!T111 -> Bakalan Tamanagung Muntilan Kab. Magelang Jawa Tengah | M114: ='BIO DATA'!V111 -> Bakalan | N114: ='BIO DATA'!W111 -> Tamanagun | O114: ='BIO DATA'!X111 -> Muntilan | P114: ='BIO DATA'!Y111 -> Jawa Tengah | Q114: ='BIO DATA'!Z111 -> MTs Mu'allimin Muh. Yogyakarta | R114: ='BIO DATA'!AA111 -> Jl. Letjend. S. Parman No. 68 Yogyakarta | S114: ='BIO DATA'!AB111 -> 0 | T114: ='BIO DATA'!AC111 -> Achmad Maskuri | ... AG114: ='BIO DATA'!AP111 -> 0 | AH114: ='BIO DATA'!AZ111 -> 0 | AI114: ='BIO DATA'!BA111 -> Islam | AJ114: ='BIO DATA'!BB111 -> 0 | AK114: ='BIO DATA'!BC111 -> 0 | AL114: ='BIO DATA'!BD111 -> 0 | AM114: ='BIO DATA'!BE111 -> 0 | AN114: ='BIO DATA'!BF111 -> 0 | AO114: ='BIO DATA'!BG111 -> 0 | AP114: ='BIO DATA'!BH111 -> Afid Andono, S.Pd.
A115: D | B115: 297 | C115: ='BIO DATA'!D112 -> 11061 | D115: ='BIO DATA'!E112 -> 0096698875 | E115: ='BIO DATA'!F112:F142 -> Muhammad Mannan Arrahimi | F115: ='BIO DATA'!M112 -> Laki-laki | G115: ='BIO DATA'!N112 -> Jakarta | H115: ='BIO DATA'!O112 -> 39936 | I115: ='BIO DATA'!S112 -> Islam | J115: ='BIO DATA'!J112 -> 3 | K115: ='BIO DATA'!K112 -> 2 | L115: ='BIO DATA'!T112 -> Jl. KH Ahmad Dahlan Gg. H. Sainun No. 15 Kukusan Beji Kota Depok Jawa Barat 16425 | M115: ='BIO DATA'!V112 -> Kukusan | N115: ='BIO DATA'!W112 -> Beji | O115: ='BIO DATA'!X112 -> Kota Depok | P115: ='BIO DATA'!Y112 -> Jawa Barat | Q115: ='BIO DATA'!Z112 -> MTs Mu'allimin Muh. Yogyakarta | R115: ='BIO DATA'!AA112 -> Jl. Letjend. S. Parman No. 68 Yogyakarta | S115: ='BIO DATA'!AB112 -> 0 | T115: ='BIO DATA'!AC112 -> Efendi, S.Pd.I | ... AG115: ='BIO DATA'!AP112 -> sekolahbening@gmail.com | AH115: ='BIO DATA'!AZ112 -> 0 | AI115: ='BIO DATA'!BA112 -> Islam | AJ115: ='BIO DATA'!BB112 -> 0 | AK115: ='BIO DATA'!BC112 -> 0 | AL115: ='BIO DATA'!BD112 -> 0 | AM115: ='BIO DATA'!BE112 -> 0 | AN115: ='BIO DATA'!BF112 -> 0 | AO115: ='BIO DATA'!BG112 -> 0 | AP115: ='BIO DATA'!BH112 -> Afid Andono, S.Pd.
A116: D | B116: 7 | C116: ='BIO DATA'!D113 -> 11076 | D116: ='BIO DATA'!E113 -> 0093959941 | E116: ='BIO DATA'!F113:F143 -> Muhammad Mufassyah Dewandaru | F116: ='BIO DATA'!M113 -> Laki-laki | G116: ='BIO DATA'!N113 -> Gresik | H116: ='BIO DATA'!O113 -> 39853 | I116: ='BIO DATA'!S113 -> Islam | J116: ='BIO DATA'!J113 -> 2 | K116: ='BIO DATA'!K113 -> 0 | L116: ='BIO DATA'!T113 -> Perumahan Banjarsari Asri Jln. Banjarsari Asri XI No. 3 Cerme Gresik Jawa Timur | M116: ='BIO DATA'!V113 -> Banjarsari | N116: ='BIO DATA'!W113 -> Cerme | O116: ='BIO DATA'!X113 -> Gresik | P116: ='BIO DATA'!Y113 -> Jawa Timur | Q116: ='BIO DATA'!Z113 -> MTs Mu'allimin Muh. Yogyakarta | R116: ='BIO DATA'!AA113 -> Jl. Letjend. S. Parman No. 68 Yogyakarta | S116: ='BIO DATA'!AB113 -> 0 | T116: ='BIO DATA'!AC113 -> Anwar Haryono, M.Si. | ... AG116: ='BIO DATA'!AP113 -> 0 | AH116: ='BIO DATA'!AZ113 -> 0 | AI116: ='BIO DATA'!BA113 -> Islam | AJ116: ='BIO DATA'!BB113 -> 0 | AK116: ='BIO DATA'!BC113 -> 0 | AL116: ='BIO DATA'!BD113 -> 0 | AM116: ='BIO DATA'!BE113 -> 0 | AN116: ='BIO DATA'!BF113 -> 0 | AO116: ='BIO DATA'!BG113 -> 0 | AP116: ='BIO DATA'!BH113 -> Afid Andono, S.Pd.
A117: D | B117: 26 | C117: ='BIO DATA'!D114 -> 11081 | D117: ='BIO DATA'!E114 -> 0096163975 | E117: ='BIO DATA'!F114:F144 -> Muhammad Razzan Syahid | F117: ='BIO DATA'!M114 -> Laki-laki | G117: ='BIO DATA'!N114 -> Tarakan | H117: ='BIO DATA'!O114 -> 39975 | I117: ='BIO DATA'!S114 -> Islam | J117: ='BIO DATA'!J114 -> 2 | K117: ='BIO DATA'!K114 -> 0 | L117: ='BIO DATA'!T114 -> Jl. Pulau Irian No.17 Kampung Satu Tarakan Tengah Tarakan Kalimantan Utara | M117: ='BIO DATA'!V114 -> Kampung Satu | N117: ='BIO DATA'!W114 -> Tarakan Tengah | O117: ='BIO DATA'!X114 -> Tarakan | P117: ='BIO DATA'!Y114 -> Kalimantan Utara | Q117: ='BIO DATA'!Z114 -> MTs Mu'allimin Muh. Yogyakarta | R117: ='BIO DATA'!AA114 -> Jl. Letjend. S. Parman No. 68 Yogyakarta | S117: ='BIO DATA'!AB114 -> 0 | T117: ='BIO DATA'!AC114 -> Indra Purnomo, S.E. | ... AG117: ='BIO DATA'!AP114 -> 0 | AH117: ='BIO DATA'!AZ114 -> 0 | AI117: ='BIO DATA'!BA114 -> Islam | AJ117: ='BIO DATA'!BB114 -> 0 | AK117: ='BIO DATA'!BC114 -> 0 | AL117: ='BIO DATA'!BD114 -> 0 | AM117: ='BIO DATA'!BE114 -> 0 | AN117: ='BIO DATA'!BF114 -> 0 | AO117: ='BIO DATA'!BG114 -> 0 | AP117: ='BIO DATA'!BH114 -> Afid Andono, S.Pd.
A118: D | B118: 33 | C118: ='BIO DATA'!D115 -> 11088 | D118: ='BIO DATA'!E115 -> 0089457046 | E118: ='BIO DATA'!F115:F145 -> Muhammad Zahran Istaz Solichin | F118: ='BIO DATA'!M115 -> Laki-laki | G118: ='BIO DATA'!N115 -> Yogyakarta | H118: ='BIO DATA'!O115 -> 39713 | I118: ='BIO DATA'!S115 -> Islam | J118: ='BIO DATA'!J115 -> 3 | K118: ='BIO DATA'!K115 -> 2 | L118: ='BIO DATA'!T115 -> Krapyak VII Nganggrung 001/020 MargoagungSeyegan Sleman DI Yogyakarta 55561 | M118: ='BIO DATA'!V115 -> Margoagung | N118: ='BIO DATA'!W115 -> Seyegan | O118: ='BIO DATA'!X115 -> Sleman | P118: ='BIO DATA'!Y115 -> DI Yogyakarta | Q118: ='BIO DATA'!Z115 -> MTs Mu'allimin Muh. Yogyakarta | R118: ='BIO DATA'!AA115 -> Jl. Letjend. S. Parman No. 68 Yogyakarta | S118: ='BIO DATA'!AB115 -> 0 | T118: ='BIO DATA'!AC115 -> Zahrul Mufrodi | ... AG118: ='BIO DATA'!AP115 -> 0 | AH118: ='BIO DATA'!AZ115 -> 0 | AI118: ='BIO DATA'!BA115 -> Islam | AJ118: ='BIO DATA'!BB115 -> 0 | AK118: ='BIO DATA'!BC115 -> 0 | AL118: ='BIO DATA'!BD115 -> 0 | AM118: ='BIO DATA'!BE115 -> 0 | AN118: ='BIO DATA'!BF115 -> 0 | AO118: ='BIO DATA'!BG115 -> 0 | AP118: ='BIO DATA'!BH115 -> Afid Andono, S.Pd.
A119: D | B119: 36 | C119: ='BIO DATA'!D116 -> 11089 | D119: ='BIO DATA'!E116 -> 0093280163 | E119: ='BIO DATA'!F116:F146 -> Nabil Abiyu Khairy | F119: ='BIO DATA'!M116 -> Laki-laki | G119: ='BIO DATA'!N116 -> Jember | H119: ='BIO DATA'!O116 -> 39917 | I119: ='BIO DATA'!S116 -> Islam | J119: ='BIO DATA'!J116 -> 2 | K119: ='BIO DATA'!K116 -> 0 | L119: ='BIO DATA'!T116 -> Dsn Krajan I RT/RW 01/04 Patemon Tanggul Jember Jawa Timur 68155 | M119: ='BIO DATA'!V116 -> Patemon | N119: ='BIO DATA'!W116 -> Tanggul | O119: ='BIO DATA'!X116 -> Jember | P119: ='BIO DATA'!Y116 -> Jawa Timur | Q119: ='BIO DATA'!Z116 -> MTs Mu'allimin Muh. Yogyakarta | R119: ='BIO DATA'!AA116 -> Jl. Letjend. S. Parman No. 68 Yogyakarta | S119: ='BIO DATA'!AB116 -> 0 | T119: ='BIO DATA'!AC116 -> Mohammad Nasir | ... AG119: ='BIO DATA'!AP116 -> 0 | AH119: ='BIO DATA'!AZ116 -> 0 | AI119: ='BIO DATA'!BA116 -> Islam | AJ119: ='BIO DATA'!BB116 -> 0 | AK119: ='BIO DATA'!BC116 -> 0 | AL119: ='BIO DATA'!BD116 -> 0 | AM119: ='BIO DATA'!BE116 -> 0 | AN119: ='BIO DATA'!BF116 -> 0 | AO119: ='BIO DATA'!BG116 -> 0 | AP119: ='BIO DATA'!BH116 -> Afid Andono, S.Pd.
A120: D | B120: 48 | C120: ='BIO DATA'!D117 -> 11101 | D120: ='BIO DATA'!E117 -> 3096049363 | E120: ='BIO DATA'!F117:F147 -> Nehan Kaysan Fikri Susilo | F120: ='BIO DATA'!M117 -> Laki-laki | G120: ='BIO DATA'!N117 -> Bandung | H120: ='BIO DATA'!O117 -> 39960 | I120: ='BIO DATA'!S117 -> Islam | J120: ='BIO DATA'!J117 -> 1 | K120: ='BIO DATA'!K117 -> 0 | L120: ='BIO DATA'!T117 -> Perumahan Banjaran Inti Permai Mangunjaya Arjasari Kab. Bandung Jawa Barat | M120: ='BIO DATA'!V117 -> Mangunjaya | N120: ='BIO DATA'!W117 -> Arjasari | O120: ='BIO DATA'!X117 -> Kab. Bandung | P120: ='BIO DATA'!Y117 -> Jawa Barat | Q120: ='BIO DATA'!Z117 -> MTs Mu'allimin Muh. Yogyakarta | R120: ='BIO DATA'!AA117 -> Jl. Letjend. S. Parman No. 68 Yogyakarta | S120: ='BIO DATA'!AB117 -> 0 | T120: ='BIO DATA'!AC117 -> Catur Margono | ... AG120: ='BIO DATA'!AP117 -> 0 | AH120: ='BIO DATA'!AZ117 -> 0 | AI120: ='BIO DATA'!BA117 -> Islam | AJ120: ='BIO DATA'!BB117 -> 0 | AK120: ='BIO DATA'!BC117 -> 0 | AL120: ='BIO DATA'!BD117 -> 0 | AM120: ='BIO DATA'!BE117 -> 0 | AN120: ='BIO DATA'!BF117 -> 0 | AO120: ='BIO DATA'!BG117 -> 0 | AP120: ='BIO DATA'!BH117 -> Afid Andono, S.Pd.
A121: D | B121: 65 | C121: ='BIO DATA'!D118 -> 11115 | D121: ='BIO DATA'!E118 -> 0096576368 | E121: ='BIO DATA'!F118:F148 -> Pandya Aqila Rianto | F121: ='BIO DATA'!M118 -> Laki-laki | G121: ='BIO DATA'!N118 -> Magelang | H121: ='BIO DATA'!O118 -> 39961 | I121: ='BIO DATA'!S118 -> Islam | J121: ='BIO DATA'!J118 -> 2 | K121: ='BIO DATA'!K118 -> 2 | L121: ='BIO DATA'!T118 -> Dusun Wayuhrejo Pasuruhan Mertoyudan Kab. Magelang Jawa Tengah 56172 | M121: ='BIO DATA'!V118 -> Pasuruhan | N121: ='BIO DATA'!W118 -> Mertoyudan | O121: ='BIO DATA'!X118 -> Magelang | P121: ='BIO DATA'!Y118 -> Jawa Tengah | Q121: ='BIO DATA'!Z118 -> MTs Mu'allimin Muh. Yogyakarta | R121: ='BIO DATA'!AA118 -> Jl. Letjend. S. Parman No. 68 Yogyakarta | S121: ='BIO DATA'!AB118 -> 0 | T121: ='BIO DATA'!AC118 -> Hamid Solichin | ... AG121: ='BIO DATA'!AP118 -> 0 | AH121: ='BIO DATA'!AZ118 -> 0 | AI121: ='BIO DATA'!BA118 -> Islam | AJ121: ='BIO DATA'!BB118 -> 0 | AK121: ='BIO DATA'!BC118 -> 0 | AL121: ='BIO DATA'!BD118 -> 0 | AM121: ='BIO DATA'!BE118 -> 0 | AN121: ='BIO DATA'!BF118 -> 0 | AO121: ='BIO DATA'!BG118 -> 0 | AP121: ='BIO DATA'!BH118 -> Afid Andono, S.Pd.
A122: D | B122: 79 | C122: ='BIO DATA'!D119 -> 11122 | D122: ='BIO DATA'!E119 -> 0085023718 | E122: ='BIO DATA'!F119:F149 -> Rasyiq Asyrafa Baihaqi | F122: ='BIO DATA'!M119 -> Laki-laki | G122: ='BIO DATA'!N119 -> Jakarta | H122: ='BIO DATA'!O119 -> 39688 | I122: ='BIO DATA'!S119 -> Islam | J122: ='BIO DATA'!J119 -> 1 | K122: ='BIO DATA'!K119 -> 1 | L122: ='BIO DATA'!T119 -> Jl Swadaya PLN Klender No.27 Jatinegara Cakung Jakarta Timur DKI Jakarta 13930 | M122: ='BIO DATA'!V119 -> Jatinegara | N122: ='BIO DATA'!W119 -> Cakung | O122: ='BIO DATA'!X119 -> Jakarta Timur | P122: ='BIO DATA'!Y119 -> DKI Jakarta | Q122: ='BIO DATA'!Z119 -> MTs Mu'allimin Muh. Yogyakarta | R122: ='BIO DATA'!AA119 -> Jl. Letjend. S. Parman No. 68 Yogyakarta | S122: ='BIO DATA'!AB119 -> 0 | T122: ='BIO DATA'!AC119 -> Karsito | ... AG122: ='BIO DATA'!AP119 -> biyufamily@gmail.com | AH122: ='BIO DATA'!AZ119 -> 0 | AI122: ='BIO DATA'!BA119 -> Islam | AJ122: ='BIO DATA'!BB119 -> 0 | AK122: ='BIO DATA'!BC119 -> 0 | AL122: ='BIO DATA'!BD119 -> 0 | AM122: ='BIO DATA'!BE119 -> 0 | AN122: ='BIO DATA'!BF119 -> 0 | AO122: ='BIO DATA'!BG119 -> 0 | AP122: ='BIO DATA'!BH119 -> Afid Andono, S.Pd.
... A140: E | B140: 217 | C140: ='BIO DATA'!D137 -> 10971 | D140: ='BIO DATA'!E137 -> 0081675845 | E140: ='BIO DATA'!F137:F167 -> M. Anas Afif Alfadhil | F140: ='BIO DATA'!M137 -> Laki-laki | G140: ='BIO DATA'!N137 -> Musi Rawas | H140: ='BIO DATA'!O137 -> 39715 | I140: ='BIO DATA'!S137 -> Islam | J140: ='BIO DATA'!J137 -> 2 | K140: ='BIO DATA'!K137 -> 0 | L140: ='BIO DATA'!T137 -> Jalan Syueb Tamat Dusun 03 Desa Air Satan Muara Beliti Kab. Musi Rawas Sumatera Selatan | M140: ='BIO DATA'!V137 -> Air Satan | N140: ='BIO DATA'!W137 -> Muara Beliti | O140: ='BIO DATA'!X137 -> Musi Rawas | P140: ='BIO DATA'!Y137 -> Sumatera Selatan | Q140: ='BIO DATA'!Z137 -> MTs Mu'allimin Muh. Yogyakarta | R140: ='BIO DATA'!AA137 -> Jl. Letjend. S. Parman No. 68 Yogyakarta | S140: ='BIO DATA'!AB137 -> 0 | T140: ='BIO DATA'!AC137 -> Ghufron | ... AG140: ='BIO DATA'!AP137 -> 0 | AH140: ='BIO DATA'!AZ137 -> 0 | AI140: ='BIO DATA'!BA137 -> Islam | AJ140: ='BIO DATA'!BB137 -> 0 | AK140: ='BIO DATA'!BC137 -> 0 | AL140: ='BIO DATA'!BD137 -> 0 | AM140: ='BIO DATA'!BE137 -> 0 | AN140: ='BIO DATA'!BF137 -> 0 | AO140: ='BIO DATA'!BG137 -> 0 | AP140: ='BIO DATA'!BH137 -> H. Misbachul Munir, Lc.
A141: E | B141: 235 | C141: ='BIO DATA'!D138 -> 11004 | D141: ='BIO DATA'!E138 -> 0081532679 | E141: ='BIO DATA'!F138:F167 -> M. Wafizzaliq Hidayat | F141: ='BIO DATA'!M138 -> Laki-laki | G141: ='BIO DATA'!N138 -> Kebumen | H141: ='BIO DATA'!O138 -> 39585 | I141: ='BIO DATA'!S138 -> Islam | J141: ='BIO DATA'!J138 -> 1 | K141: ='BIO DATA'!K138 -> 5 | L141: ='BIO DATA'!T138 -> Dusun Golongan Jatiroto Buayan Kebumen Jateng | M141: ='BIO DATA'!V138 -> Jatiroto | N141: ='BIO DATA'!W138 -> Buayan | O141: ='BIO DATA'!X138 -> Kebumen | P141: ='BIO DATA'!Y138 -> Jawa Tengah | Q141: ='BIO DATA'!Z138 -> MTs Mu'allimin Muh. Yogyakarta | R141: ='BIO DATA'!AA138 -> Jl. Letjend. S. Parman No. 68 Yogyakarta | S141: ='BIO DATA'!AB138 -> 0 | T141: ='BIO DATA'!AC138 -> Tugiman | ... AG141: ='BIO DATA'!AP138 -> 0 | AH141: ='BIO DATA'!AZ138 -> 0 | AI141: ='BIO DATA'!BA138 -> Islam | AJ141: ='BIO DATA'!BB138 -> 0 | AK141: ='BIO DATA'!BC138 -> 0 | AL141: ='BIO DATA'!BD138 -> 0 | AM141: ='BIO DATA'!BE138 -> 0 | AN141: ='BIO DATA'!BF138 -> 0 | AO141: ='BIO DATA'!BG138 -> 0 | AP141: ='BIO DATA'!BH138 -> H. Misbachul Munir, Lc.
A142: E | B142: 242 | C142: ='BIO DATA'!D139 -> 11117 | D142: ='BIO DATA'!E139 -> 0087059349 | E142: ='BIO DATA'!F139:F168 -> Muflih Davin Kurniawan | F142: ='BIO DATA'!M139 -> Laki-laki | G142: ='BIO DATA'!N139 -> Jakarta | H142: ='BIO DATA'!O139 -> 39781 | I142: ='BIO DATA'!S139 -> Islam | J142: ='BIO DATA'!J139 -> 2 | K142: ='BIO DATA'!K139 -> 0 | L142: ='BIO DATA'!T139 -> Jl. Moh. Kahfi II, Gg. Mangga No. 50, Jagakarsa, Jakarta Selatan DKI Jakarta | M142: ='BIO DATA'!V139 -> Srengseng Sawah | N142: ='BIO DATA'!W139 -> Jagakarsa | O142: ='BIO DATA'!X139 -> Jakarta Selatan | P142: ='BIO DATA'!Y139 -> DKI Jakarta | Q142: ='BIO DATA'!Z139 -> MTs Mu'allimin Muh. Yogyakarta | R142: ='BIO DATA'!AA139 -> Jl. Letjend. S. Parman No. 68 Yogyakarta | S142: ='BIO DATA'!AB139 -> 0 | T142: ='BIO DATA'!AC139 -> Muhammad Agni Catur Bhakti | ... AG142: ='BIO DATA'!AP139 -> 0 | AH142: ='BIO DATA'!AZ139 -> 0 | AI142: ='BIO DATA'!BA139 -> Islam | AJ142: ='BIO DATA'!BB139 -> 0 | AK142: ='BIO DATA'!BC139 -> 0 | AL142: ='BIO DATA'!BD139 -> 0 | AM142: ='BIO DATA'!BE139 -> 0 | AN142: ='BIO DATA'!BF139 -> 0 | AO142: ='BIO DATA'!BG139 -> 0 | AP142: ='BIO DATA'!BH139 -> H. Misbachul Munir, Lc.
A143: E | B143: 262 | C143: ='BIO DATA'!D140 -> 11019 | D143: ='BIO DATA'!E140 -> 0084453338 | E143: ='BIO DATA'!F140:F169 -> Muhamad Fauzan Hilmy Ramadhan | F143: ='BIO DATA'!M140 -> Laki-laki | G143: ='BIO DATA'!N140 -> Tegal | H143: ='BIO DATA'!O140 -> 39669 | I143: ='BIO DATA'!S140 -> Islam | J143: ='BIO DATA'!J140 -> 2 | K143: ='BIO DATA'!K140 -> 2 | L143: ='BIO DATA'!T140 -> Jalan Jenderal Sudirman Blok L 71 Slawi Kulon Slawi Tegal Jawa Tengah 52149 | M143: ='BIO DATA'!V140 -> Slawi Kulon | N143: ='BIO DATA'!W140 -> Slawi | O143: ='BIO DATA'!X140 -> Tegal | P143: ='BIO DATA'!Y140 -> Jawa Tengah | Q143: ='BIO DATA'!Z140 -> MTs Mu'allimin Muh. Yogyakarta | R143: ='BIO DATA'!AA140 -> Jl. Letjend. S. Parman No. 68 Yogyakarta | S143: ='BIO DATA'!AB140 -> 0 | T143: ='BIO DATA'!AC140 -> Teguh Priambudi | ... AG143: ='BIO DATA'!AP140 -> 0 | AH143: ='BIO DATA'!AZ140 -> 0 | AI143: ='BIO DATA'!BA140 -> Islam | AJ143: ='BIO DATA'!BB140 -> 0 | AK143: ='BIO DATA'!BC140 -> 0 | AL143: ='BIO DATA'!BD140 -> 0 | AM143: ='BIO DATA'!BE140 -> 0 | AN143: ='BIO DATA'!BF140 -> 0 | AO143: ='BIO DATA'!BG140 -> 0 | AP143: ='BIO DATA'!BH140 -> H. Misbachul Munir, Lc.
A144: E | B144: 2 | C144: ='BIO DATA'!D141 -> 11022 | D144: ='BIO DATA'!E141 -> 0093468989 | E144: ='BIO DATA'!F141:F169 -> Muhammad Azzamy Syauqi | F144: ='BIO DATA'!M141 -> Laki-laki | G144: ='BIO DATA'!N141 -> Wonomulyo | H144: ='BIO DATA'!O141 -> 39891 | I144: ='BIO DATA'!S141 -> Islam | J144: ='BIO DATA'!J141 -> 3 | K144: ='BIO DATA'!K141 -> 3 | L144: ='BIO DATA'!T141 -> Jl. R. Suparman No. 12 Sidodadi Wonomulyo Polewali Mandar Sulawesi Barat | M144: ='BIO DATA'!V141 -> Sidodadi | N144: ='BIO DATA'!W141 -> Wonomulyo | O144: ='BIO DATA'!X141 -> Polewali Mandar | P144: ='BIO DATA'!Y141 -> Sulawesi Barat | Q144: ='BIO DATA'!Z141 -> MTs Mu'allimin Muh. Yogyakarta | R144: ='BIO DATA'!AA141 -> Jl. Letjend. S. Parman No. 68 Yogyakarta | S144: ='BIO DATA'!AB141 -> 0 | T144: ='BIO DATA'!AC141 -> Syarif Hidayat Tasman | ... AG144: ='BIO DATA'!AP141 -> 0 | AH144: ='BIO DATA'!AZ141 -> 0 | AI144: ='BIO DATA'!BA141 -> Islam | AJ144: ='BIO DATA'!BB141 -> 0 | AK144: ='BIO DATA'!BC141 -> 0 | AL144: ='BIO DATA'!BD141 -> 0 | AM144: ='BIO DATA'!BE141 -> 0 | AN144: ='BIO DATA'!BF141 -> 0 | AO144: ='BIO DATA'!BG141 -> 0 | AP144: ='BIO DATA'!BH141 -> H. Misbachul Munir, Lc.
A145: E | B145: 19 | C145: ='BIO DATA'!D142 -> 11040 | D145: ='BIO DATA'!E142 -> 0084222982 | E145: ='BIO DATA'!F142:F170 -> Muhammad Daffa Dary Yardan | F145: ='BIO DATA'!M142 -> Laki-laki | G145: ='BIO DATA'!N142 -> Jakarta | H145: ='BIO DATA'!O142 -> 39804 | I145: ='BIO DATA'!S142 -> Islam | J145: ='BIO DATA'!J142 -> 1 | K145: ='BIO DATA'!K142 -> 2 | L145: ='BIO DATA'!T142 -> Jl. Cilangkap Baru Gg. Mawar No. 23B, RT 11/RW 03 Pondok Ranggon Cipayung Kota Jakarta Timur DKI Jakarta 13870 | M145: ='BIO DATA'!V142 -> Pondok Ranggon | N145: ='BIO DATA'!W142 -> Cipayung | O145: ='BIO DATA'!X142 -> Jakarta Timur | P145: ='BIO DATA'!Y142 -> DKI Jakarta | Q145: ='BIO DATA'!Z142 -> MTs Mu'allimin Muh. Yogyakarta | R145: ='BIO DATA'!AA142 -> Jl. Letjend. S. Parman No. 68 Yogyakarta | S145: ='BIO DATA'!AB142 -> 0 | T145: ='BIO DATA'!AC142 -> Agus Kurniawan | ... AG145: ='BIO DATA'!AP142 -> 0 | AH145: ='BIO DATA'!AZ142 -> 0 | AI145: ='BIO DATA'!BA142 -> Islam | AJ145: ='BIO DATA'!BB142 -> 0 | AK145: ='BIO DATA'!BC142 -> 0 | AL145: ='BIO DATA'!BD142 -> 0 | AM145: ='BIO DATA'!BE142 -> 0 | AN145: ='BIO DATA'!BF142 -> 0 | AO145: ='BIO DATA'!BG142 -> 0 | AP145: ='BIO DATA'!BH142 -> H. Misbachul Munir, Lc.
A146: E | B146: 23 | C146: ='BIO DATA'!D143 -> 11042 | D146: ='BIO DATA'!E143 -> 0083838653 | E146: ='BIO DATA'!F143:F171 -> Muhammad Farras Kurnia | F146: ='BIO DATA'!M143 -> Laki-laki | G146: ='BIO DATA'!N143 -> Magetan | H146: ='BIO DATA'!O143 -> 39696 | I146: ='BIO DATA'!S143 -> Islam | J146: ='BIO DATA'!J143 -> 2 | K146: ='BIO DATA'!K143 -> 0 | L146: ='BIO DATA'!T143 -> Jl. Sultan Agung Balegondo Ngariboyo Magetan Jawa Timur | M146: ='BIO DATA'!V143 -> Balegondo | N146: ='BIO DATA'!W143 -> Ngariboyo | O146: ='BIO DATA'!X143 -> Magetan | P146: ='BIO DATA'!Y143 -> Jawa Timur | Q146: ='BIO DATA'!Z143 -> MTs Mu'allimin Muh. Yogyakarta | R146: ='BIO DATA'!AA143 -> Jl. Letjend. S. Parman No. 68 Yogyakarta | S146: ='BIO DATA'!AB143 -> 0 | T146: ='BIO DATA'!AC143 -> Asrofi Widodo | ... AG146: ='BIO DATA'!AP143 -> 0 | AH146: ='BIO DATA'!AZ143 -> 0 | AI146: ='BIO DATA'!BA143 -> Islam | AJ146: ='BIO DATA'!BB143 -> 0 | AK146: ='BIO DATA'!BC143 -> 0 | AL146: ='BIO DATA'!BD143 -> 0 | AM146: ='BIO DATA'!BE143 -> 0 | AN146: ='BIO DATA'!BF143 -> 0 | AO146: ='BIO DATA'!BG143 -> 0 | AP146: ='BIO DATA'!BH143 -> H. Misbachul Munir, Lc.
A147: E | B147: 34 | C147: ='BIO DATA'!D144 -> 11058 | D147: ='BIO DATA'!E144 -> 0087819927 | E147: ='BIO DATA'!F144:F172 -> Muhammad Rizky Setiawan | F147: ='BIO DATA'!M144 -> Laki-laki | G147: ='BIO DATA'!N144 -> Temanggung | H147: ='BIO DATA'!O144 -> 39669 | I147: ='BIO DATA'!S144 -> Islam | J147: ='BIO DATA'!J144 -> 1 | K147: ='BIO DATA'!K144 -> 0 | L147: ='BIO DATA'!T144 -> Giyanti Temanggung Jawa Tengah | M147: ='BIO DATA'!V144 -> Giyanti | N147: ='BIO DATA'!W144 -> Temanggung | O147: ='BIO DATA'!X144 -> Temanggung | P147: ='BIO DATA'!Y144 -> Jawa Tengah | Q147: ='BIO DATA'!Z144 -> MTs Mu'allimin Muh. Yogyakarta | R147: ='BIO DATA'!AA144 -> Jl. Letjend. S. Parman No. 68 Yogyakarta | S147: ='BIO DATA'!AB144 -> 0 | T147: ='BIO DATA'!AC144 -> Saryanto | ... AG147: ='BIO DATA'!AP144 -> 0 | AH147: ='BIO DATA'!AZ144 -> 0 | AI147: ='BIO DATA'!BA144 -> Islam | AJ147: ='BIO DATA'!BB144 -> 0 | AK147: ='BIO DATA'!BC144 -> 0 | AL147: ='BIO DATA'!BD144 -> 0 | AM147: ='BIO DATA'!BE144 -> 0 | AN147: ='BIO DATA'!BF144 -> 0 | AO147: ='BIO DATA'!BG144 -> 0 | AP147: ='BIO DATA'!BH144 -> H. Misbachul Munir, Lc.
A148: E | B148: 58 | C148: ='BIO DATA'!D145 -> 11063 | D148: ='BIO DATA'!E145 -> 0092638397 | E148: ='BIO DATA'!F145:F173 -> Muhammad Sholahudin Rasya Habibie | F148: ='BIO DATA'!M145 -> Laki-laki | G148: ='BIO DATA'!N145 -> Bekasi | H148: ='BIO DATA'!O145 -> 40086 | I148: ='BIO DATA'!S145 -> Islam | J148: ='BIO DATA'!J145 -> 1 | K148: ='BIO DATA'!K145 -> 1 | L148: ='BIO DATA'!T145 -> Bojong Rawa Lumbu RT/RW 005/004 Rawa Lumbu Bekasi Jawa Barat | M148: ='BIO DATA'!V145 -> Bojong Rawa Lumbu | N148: ='BIO DATA'!W145 -> Rawa Lumbu | O148: ='BIO DATA'!X145 -> Kota Bekasi | P148: ='BIO DATA'!Y145 -> Jawa Barat | Q148: ='BIO DATA'!Z145 -> MTs Mu'allimin Muh. Yogyakarta | R148: ='BIO DATA'!AA145 -> Jl. Letjend. S. Parman No. 68 Yogyakarta | S148: ='BIO DATA'!AB145 -> 0 | T148: ='BIO DATA'!AC145 -> Anom Tri Waryanto | ... AG148: ='BIO DATA'!AP145 -> 0 | AH148: ='BIO DATA'!AZ145 -> 0 | AI148: ='BIO DATA'!BA145 -> Islam | AJ148: ='BIO DATA'!BB145 -> 0 | AK148: ='BIO DATA'!BC145 -> 0 | AL148: ='BIO DATA'!BD145 -> 0 | AM148: ='BIO DATA'!BE145 -> 0 | AN148: ='BIO DATA'!BF145 -> 0 | AO148: ='BIO DATA'!BG145 -> 0 | AP148: ='BIO DATA'!BH145 -> H. Misbachul Munir, Lc.
A149: E | B149: 60 | C149: ='BIO DATA'!D146 -> 11072 | D149: ='BIO DATA'!E146 -> 0091976651 | E149: ='BIO DATA'!F146:F174 -> Muhammad Syawal Satriaji Sarwodamono | F149: ='BIO DATA'!M146 -> Laki-laki | G149: ='BIO DATA'!N146 -> Jakarta | H149: ='BIO DATA'!O146 -> 40042 | I149: ='BIO DATA'!S146 -> Islam | J149: ='BIO DATA'!J146 -> 1 | K149: ='BIO DATA'!K146 -> 1 | L149: ='BIO DATA'!T146 -> Jl. Ir. H. Juanda, Gang Saman No.60 Ciputat Tangerang Selatan Banten 15412 | M149: ='BIO DATA'!V146 -> Cempaka Putih | N149: ='BIO DATA'!W146 -> Ciputat Timur | O149: ='BIO DATA'!X146 -> Kota Tangerang Selatan | P149: ='BIO DATA'!Y146 -> Banten | Q149: ='BIO DATA'!Z146 -> MTs Mu'allimin Muh. Yogyakarta | R149: ='BIO DATA'!AA146 -> Jl. Letjend. S. Parman No. 68 Yogyakarta | S149: ='BIO DATA'!AB146 -> 0 | T149: ='BIO DATA'!AC146 -> Iwa Kurnia, S.Kom | ... AG149: ='BIO DATA'!AP146 -> 0 | AH149: ='BIO DATA'!AZ146 -> Amanah Rizki Yuliani | AI149: ='BIO DATA'!BA146 -> Islam | AJ149: ='BIO DATA'!BB146 -> Diploma | AK149: ='BIO DATA'!BC146 -> Lainnya | AL149: ='BIO DATA'!BD146 -> Perumahan Sidoarum II, Jl. Cerme Rt.03/Rw.015 No.A36, Sidoarum, Godean, Sleman, DI Yogyakarta | AM149: ='BIO DATA'!BE146 -> di bawah Rp 2.000.000,- | AN149: ='BIO DATA'!BF146 -> 081380803212 | AO149: ='BIO DATA'!BG146 -> 0 | AP149: ='BIO DATA'!BH146 -> H. Misbachul Munir, Lc.
A150: E | B150: 67 | C150: ='BIO DATA'!D147 -> 11102 | D150: ='BIO DATA'!E147 -> 0093573296 | E150: ='BIO DATA'!F147:F175 -> Muhammad Yardan | F150: ='BIO DATA'!M147 -> Laki-laki | G150: ='BIO DATA'!N147 -> Sukoharjo | H150: ='BIO DATA'!O147 -> 39854 | I150: ='BIO DATA'!S147 -> Islam | J150: ='BIO DATA'!J147 -> 1 | K150: ='BIO DATA'!K147 -> 0 | L150: ='BIO DATA'!T147 -> Tegal Kenongo, Tirtonirmolo, Kasihan, Bantul, DIY | M150: ='BIO DATA'!V147 -> Tirtonirmolo | N150: ='BIO DATA'!W147 -> Kasihan | O150: ='BIO DATA'!X147 -> Bantul | P150: ='BIO DATA'!Y147 -> DI Yogyakarta | Q150: ='BIO DATA'!Z147 -> MTs Mu'allimin Muh. Yogyakarta | R150: ='BIO DATA'!AA147 -> Jl. Letjend. S. Parman No. 68 Yogyakarta | S150: ='BIO DATA'!AB147 -> 0 | T150: ='BIO DATA'!AC147 -> Basuki Rahmat | ... AG150: ='BIO DATA'!AP147 -> 0 | AH150: ='BIO DATA'!AZ147 -> 0 | AI150: ='BIO DATA'!BA147 -> Islam | AJ150: ='BIO DATA'!BB147 -> 0 | AK150: ='BIO DATA'!BC147 -> 0 | AL150: ='BIO DATA'!BD147 -> 0 | AM150: ='BIO DATA'!BE147 -> 0 | AN150: ='BIO DATA'!BF147 -> 0 | AO150: ='BIO DATA'!BG147 -> 0 | AP150: ='BIO DATA'!BH147 -> H. Misbachul Munir, Lc.
A151: E | B151: 72 | C151: ='BIO DATA'!D148 -> 11108 | D151: ='BIO DATA'!E148 -> 0094310922 | E151: ='BIO DATA'!F148:F175 -> Nahla Kemal Rayya Abrisam | F151: ='BIO DATA'!M148 -> Laki-laki | G151: ='BIO DATA'!N148 -> Sleman | H151: ='BIO DATA'!O148 -> 39888 | I151: ='BIO DATA'!S148 -> Islam | J151: ='BIO DATA'!J148 -> 1 | K151: ='BIO DATA'!K148 -> 1 | L151: ='BIO DATA'!T148 -> Karanggawang Mororejo Tempel Sleman DI Yogyakarta | M151: ='BIO DATA'!V148 -> Mororejo | N151: ='BIO DATA'!W148 -> Tempel | O151: ='BIO DATA'!X148 -> Sleman | P151: ='BIO DATA'!Y148 -> DI Yogyakarta | Q151: ='BIO DATA'!Z148 -> MTs Mu'allimin Muh. Yogyakarta | R151: ='BIO DATA'!AA148 -> Jl. Letjend. S. Parman No. 68 Yogyakarta | S151: ='BIO DATA'!AB148 -> 0 | T151: ='BIO DATA'!AC148 -> Heru Purwanta | ... AG151: ='BIO DATA'!AP148 -> 0 | AH151: ='BIO DATA'!AZ148 -> 0 | AI151: ='BIO DATA'!BA148 -> Islam | AJ151: ='BIO DATA'!BB148 -> 0 | AK151: ='BIO DATA'!BC148 -> 0 | AL151: ='BIO DATA'!BD148 -> 0 | AM151: ='BIO DATA'!BE148 -> 0 | AN151: ='BIO DATA'!BF148 -> 0 | AO151: ='BIO DATA'!BG148 -> 0 | AP151: ='BIO DATA'!BH148 -> H. Misbachul Munir, Lc.
A152: E | B152: 73 | C152: ='BIO DATA'!D149 -> 11109 | D152: ='BIO DATA'!E149 -> 3084630204 | E152: ='BIO DATA'!F149:F176 -> Nathan Ferdwiansyah Wicaksono | F152: ='BIO DATA'!M149 -> Laki-laki | G152: ='BIO DATA'!N149 -> Jakarta | H152: ='BIO DATA'!O149 -> 39734 | I152: ='BIO DATA'!S149 -> Islam | J152: ='BIO DATA'!J149 -> 1 | K152: ='BIO DATA'!K149 -> 0 | L152: ='BIO DATA'!T149 -> Jl. Temu Ireng H60 No. 1 KPAD Cibubur Ciracas Jakarta Timur DKI Jakarta | M152: ='BIO DATA'!V149 -> Cibubur | N152: ='BIO DATA'!W149 -> Ciracas | O152: ='BIO DATA'!X149 -> Jakarta Timur | P152: ='BIO DATA'!Y149 -> DKI Jakarta | Q152: ='BIO DATA'!Z149 -> MTs Mu'allimin Muh. Yogyakarta | R152: ='BIO DATA'!AA149 -> Jl. Letjend. S. Parman No. 68 Yogyakarta | S152: ='BIO DATA'!AB149 -> 0 | T152: ='BIO DATA'!AC149 -> Agus Supriyantao, SE | ... AG152: ='BIO DATA'!AP149 -> 0 | AH152: ='BIO DATA'!AZ149 -> 0 | AI152: ='BIO DATA'!BA149 -> Islam | AJ152: ='BIO DATA'!BB149 -> 0 | AK152: ='BIO DATA'!BC149 -> 0 | AL152: ='BIO DATA'!BD149 -> 0 | AM152: ='BIO DATA'!BE149 -> 0 | AN152: ='BIO DATA'!BF149 -> 0 | AO152: ='BIO DATA'!BG149 -> 0 | AP152: ='BIO DATA'!BH149 -> H. Misbachul Munir, Lc.
A153: E | B153: 92 | C153: ='BIO DATA'!D150 -> 11111 | D153: ='BIO DATA'!E150 -> 0096697533 | E153: ='BIO DATA'!F150:F177 -> Naufal Surya Putra | F153: ='BIO DATA'!M150 -> Laki-laki | G153: ='BIO DATA'!N150 -> Magetan | H153: ='BIO DATA'!O150 -> 39866 | I153: ='BIO DATA'!S150 -> Islam | J153: ='BIO DATA'!J150 -> 1 | K153: ='BIO DATA'!K150 -> 1 | L153: ='BIO DATA'!T150 -> Dsn. Sangeng Pacalan RT 1 RW 1 Plaosan Magetan Jawa Timur 62061 | M153: ='BIO DATA'!V150 -> Pacalan | N153: ='BIO DATA'!W150 -> Plaosan | O153: ='BIO DATA'!X150 -> Magetan | P153: ='BIO DATA'!Y150 -> Jawa Timur | Q153: ='BIO DATA'!Z150 -> MTs Mu'allimin Muh. Yogyakarta | R153: ='BIO DATA'!AA150 -> Jl. Letjend. S. Parman No. 68 Yogyakarta | S153: ='BIO DATA'!AB150 -> 0 | T153: ='BIO DATA'!AC150 -> Nur Wahyudi | ... AG153: ='BIO DATA'!AP150 -> 0 | AH153: ='BIO DATA'!AZ150 -> 0 | AI153: ='BIO DATA'!BA150 -> Islam | AJ153: ='BIO DATA'!BB150 -> 0 | AK153: ='BIO DATA'!BC150 -> 0 | AL153: ='BIO DATA'!BD150 -> 0 | AM153: ='BIO DATA'!BE150 -> 0 | AN153: ='BIO DATA'!BF150 -> 0 | AO153: ='BIO DATA'!BG150 -> 0 | AP153: ='BIO DATA'!BH150 -> H. Misbachul Munir, Lc.
A154: E | B154: 93 | C154: ='BIO DATA'!D151 -> 11126 | D154: ='BIO DATA'!E151 -> 0099035878 | E154: ='BIO DATA'!F151:F178 -> Naufal Syamil Adz Dzaki | F154: ='BIO DATA'!M151 -> Laki-laki | G154: ='BIO DATA'!N151 -> Malang | H154: ='BIO DATA'!O151 -> 39998 | I154: ='BIO DATA'!S151 -> Islam | J154: ='BIO DATA'!J151 -> 2 | K154: ='BIO DATA'!K151 -> 2 | L154: ='BIO DATA'!T151 -> Jalan Purwosenjoto No 8 Punten Bumiaji Kota Batu Jawa Timur 65338 | M154: ='BIO DATA'!V151 -> Punten | N154: ='BIO DATA'!W151 -> Bumiaji | O154: ='BIO DATA'!X151 -> Kota Batu | P154: ='BIO DATA'!Y151 -> Jawa Timur | Q154: ='BIO DATA'!Z151 -> MTs Mu'allimin Muh. Yogyakarta | R154: ='BIO DATA'!AA151 -> Jl. Letjend. S. Parman No. 68 Yogyakarta | S154: ='BIO DATA'!AB151 -> 0 | T154: ='BIO DATA'!AC151 -> Naya Indra Ferdian | ... AG154: ='BIO DATA'!AP151 -> 0 | AH154: ='BIO DATA'!AZ151 -> 0 | AI154: ='BIO DATA'!BA151 -> Islam | AJ154: ='BIO DATA'!BB151 -> 0 | AK154: ='BIO DATA'!BC151 -> 0 | AL154: ='BIO DATA'!BD151 -> 0 | AM154: ='BIO DATA'!BE151 -> 0 | AN154: ='BIO DATA'!BF151 -> 0 | AO154: ='BIO DATA'!BG151 -> 0 | AP154: ='BIO DATA'!BH151 -> H. Misbachul Munir, Lc.
A155: E | B155: 102 | C155: ='BIO DATA'!D152 -> 11130 | D155: ='BIO DATA'!E152 -> 0097175663 | E155: ='BIO DATA'!F152:F179 -> Radithya Mahardika Dzaky | F155: ='BIO DATA'!M152 -> Laki-laki | G155: ='BIO DATA'!N152 -> Sleman | H155: ='BIO DATA'!O152 -> 39867 | I155: ='BIO DATA'!S152 -> Islam | J155: ='BIO DATA'!J152 -> 2 | K155: ='BIO DATA'!K152 -> 0 | L155: ='BIO DATA'!T152 -> Perumahan Griya Taman Asri Blok C329 Pandowoharjo Sleman DI Yogyakarta | M155: ='BIO DATA'!V152 -> Pandowoharjo | N155: ='BIO DATA'!W152 -> Sleman | O155: ='BIO DATA'!X152 -> Sleman | P155: ='BIO DATA'!Y152 -> DI Yogyakarta | Q155: ='BIO DATA'!Z152 -> MTs Mu'allimin Muh. Yogyakarta | R155: ='BIO DATA'!AA152 -> Jl. Letjend. S. Parman No. 68 Yogyakarta | S155: ='BIO DATA'!AB152 -> 0 | T155: ='BIO DATA'!AC152 -> Ag Gunawan | ... AG155: ='BIO DATA'!AP152 -> 0 | AH155: ='BIO DATA'!AZ152 -> 0 | AI155: ='BIO DATA'!BA152 -> Islam | AJ155: ='BIO DATA'!BB152 -> 0 | AK155: ='BIO DATA'!BC152 -> 0 | AL155: ='BIO DATA'!BD152 -> 0 | AM155: ='BIO DATA'!BE152 -> 0 | AN155: ='BIO DATA'!BF152 -> 0 | AO155: ='BIO DATA'!BG152 -> 0 | AP155: ='BIO DATA'!BH152 -> H. Misbachul Munir, Lc.
A156: E | B156: 107 | C156: ='BIO DATA'!D153 -> 11134 | D156: ='BIO DATA'!E153 -> 0099385826 | E156: ='BIO DATA'!F153:F180 -> Rais Widaya Jati | F156: ='BIO DATA'!M153 -> Laki-laki | G156: ='BIO DATA'!N153 -> Klaten | H156: ='BIO DATA'!O153 -> 39830 | I156: ='BIO DATA'!S153 -> Islam | J156: ='BIO DATA'!J153 -> 1 | K156: ='BIO DATA'!K153 -> 0 | L156: ='BIO DATA'!T153 -> Perum LA Gradia No C1 Krapyak RT 32 RW 10 Krapyak Sragen Wetan Sragen Jawa Tengah | M156: ='BIO DATA'!V153 -> Krapyak | N156: ='BIO DATA'!W153 -> Sragen Wetan | O156: ='BIO DATA'!X153 -> Sragen | P156: ='BIO DATA'!Y153 -> Jawa Tengah | Q156: ='BIO DATA'!Z153 -> MTs Mu'allimin Muh. Yogyakarta | R156: ='BIO DATA'!AA153 -> Jl. Letjend. S. Parman No. 68 Yogyakarta | S156: ='BIO DATA'!AB153 -> 0 | T156: ='BIO DATA'!AC153 -> Suryadi | ... AG156: ='BIO DATA'!AP153 -> 0 | AH156: ='BIO DATA'!AZ153 -> 0 | AI156: ='BIO DATA'!BA153 -> Islam | AJ156: ='BIO DATA'!BB153 -> 0 | AK156: ='BIO DATA'!BC153 -> 0 | AL156: ='BIO DATA'!BD153 -> 0 | AM156: ='BIO DATA'!BE153 -> 0 | AN156: ='BIO DATA'!BF153 -> 0 | AO156: ='BIO DATA'!BG153 -> 0 | AP156: ='BIO DATA'!BH153 -> H. Misbachul Munir, Lc.
A157: E | B157: 116 | C157: ='BIO DATA'!D154 -> 11135 | D157: ='BIO DATA'!E154 -> 0097419393 | E157: ='BIO DATA'!F154:F181 -> Adisya Zaidi Azka Ridho | F157: ='BIO DATA'!M154 -> Laki-laki | G157: ='BIO DATA'!N154 -> Sidoarjo | H157: ='BIO DATA'!O154 -> 39936 | I157: ='BIO DATA'!S154 -> Islam | J157: ='BIO DATA'!J154 -> 1 | K157: ='BIO DATA'!K154 -> 0 | L157: ='BIO DATA'!T154 -> Jl. Kol. Sugiono No. 106 Kureksari Waru Sidoarjo Jawa Timur | M157: ='BIO DATA'!V154 -> Kureksari | N157: ='BIO DATA'!W154 -> Waru | O157: ='BIO DATA'!X154 -> Sidoarjo | P157: ='BIO DATA'!Y154 -> Jawa Timur | Q157: ='BIO DATA'!Z154 -> MTs Mu'allimin Muh. Yogyakarta | R157: ='BIO DATA'!AA154 -> Jl. Letjend. S. Parman No. 68 Yogyakarta | S157: ='BIO DATA'!AB154 -> 0 | T157: ='BIO DATA'!AC154 -> Arif Hidayat | ... AG157: ='BIO DATA'!AP154 -> 0 | AH157: ='BIO DATA'!AZ154 -> 0 | AI157: ='BIO DATA'!BA154 -> Islam | AJ157: ='BIO DATA'!BB154 -> 0 | AK157: ='BIO DATA'!BC154 -> 0 | AL157: ='BIO DATA'!BD154 -> 0 | AM157: ='BIO DATA'!BE154 -> 0 | AN157: ='BIO DATA'!BF154 -> 0 | AO157: ='BIO DATA'!BG154 -> 0 | AP157: ='BIO DATA'!BH154 -> H. Misbachul Munir, Lc.
A158: E | B158: 139 | C158: ='BIO DATA'!D155 -> 11147 | D158: ='BIO DATA'!E155 -> 0082258977 | E158: ='BIO DATA'!F155:F182 -> Ahmad Tsaqiif Hikmatul Akbar | F158: ='BIO DATA'!M155 -> Laki-laki | G158: ='BIO DATA'!N155 -> Boyolali | H158: ='BIO DATA'!O155 -> 39802 | I158: ='BIO DATA'!S155 -> Islam | J158: ='BIO DATA'!J155 -> 1 | K158: ='BIO DATA'!K155 -> 0 | L158: ='BIO DATA'!T155 -> Perum Griya Tegal Sari Indah Jl. Gatramas Raya Blok E4 No. 1 Bojongsari Kembaran Banyumas Jateng | M158: ='BIO DATA'!V155 -> Bojongsari | N158: ='BIO DATA'!W155 -> Kembaran | O158: ='BIO DATA'!X155 -> Banyumas | P158: ='BIO DATA'!Y155 -> Jawa Tengah | Q158: ='BIO DATA'!Z155 -> MTs Mu'allimin Muh. Yogyakarta | R158: ='BIO DATA'!AA155 -> Jl. Letjend. S. Parman No. 68 Yogyakarta | S158: ='BIO DATA'!AB155 -> 0 | T158: ='BIO DATA'!AC155 -> Muhammad Hamka | ... AG158: ='BIO DATA'!AP155 -> 0 | AH158: ='BIO DATA'!AZ155 -> 0 | AI158: ='BIO DATA'!BA155 -> Islam | AJ158: ='BIO DATA'!BB155 -> 0 | AK158: ='BIO DATA'!BC155 -> 0 | AL158: ='BIO DATA'!BD155 -> 0 | AM158: ='BIO DATA'!BE155 -> 0 | AN158: ='BIO DATA'!BF155 -> 0 | AO158: ='BIO DATA'!BG155 -> 0 | AP158: ='BIO DATA'!BH155 -> H. Misbachul Munir, Lc.
A159: E | B159: 173 | C159: ='BIO DATA'!D156 -> 11158 | D159: ='BIO DATA'!E156 -> 0092769107 | E159: ='BIO DATA'!F156:F182 -> Aldan Arziki Budiman | F159: ='BIO DATA'!M156 -> Laki-laki | G159: ='BIO DATA'!N156 -> Tenggarong | H159: ='BIO DATA'!O156 -> 39937 | I159: ='BIO DATA'!S156 -> Islam | J159: ='BIO DATA'!J156 -> 1 | K159: ='BIO DATA'!K156 -> 2 | L159: ='BIO DATA'!T156 -> Jl. Kartini No. 14 Loa Ipuh Tenggarong Kutai Kartanegara Kalimantan Timur 75513 | M159: ='BIO DATA'!V156 -> Loa Ipuh | N159: ='BIO DATA'!W156 -> Tenggarong | O159: ='BIO DATA'!X156 -> Kutai Kartanegara | P159: ='BIO DATA'!Y156 -> Kalimantan Timur | Q159: ='BIO DATA'!Z156 -> MTs Mu'allimin Muh. Yogyakarta | R159: ='BIO DATA'!AA156 -> Jl. Letjend. S. Parman No. 68 Yogyakarta | S159: ='BIO DATA'!AB156 -> 0 | T159: ='BIO DATA'!AC156 -> Bagus Pameleng, S.Pd, Kor | ... AG159: ='BIO DATA'!AP156 -> 0 | AH159: ='BIO DATA'!AZ156 -> 0 | AI159: ='BIO DATA'!BA156 -> Islam | AJ159: ='BIO DATA'!BB156 -> 0 | AK159: ='BIO DATA'!BC156 -> 0 | AL159: ='BIO DATA'!BD156 -> 0 | AM159: ='BIO DATA'!BE156 -> 0 | AN159: ='BIO DATA'!BF156 -> 0 | AO159: ='BIO DATA'!BG156 -> 0 | AP159: ='BIO DATA'!BH156 -> H. Misbachul Munir, Lc.
...

Sheet DATA PERKELAS
B1: DATA SISWA KELAS VI / XII A
B2: MADRASAH MU'ALLIMIN MUH. YOGYAKARTA
B3: TAHUN PELAJARAN 2026/2027
B4: No | C4: N I S | D4: NISN | E4: Nama | F4: Asal Sekolah | G4: Anak Ke | H4: KELAHIRAN | J4: Alamat | K4: NAMA ORANG TUA DAN NO TELP./HP | O4: PEKERJAAN | Q4: KET/NO. IJZH
H5: Tempat | I5: Tanggal | K5: Ayah | L5: Ayah | M5: Ibu | N5: HP Ibu | O5: Ayah | P5: Ibu
B6: 1 | C6: ='BIO DATA'!D2 -> 10886 | D6: ='BIO DATA'!E2 -> 0082005792 | E6: ='BIO DATA'!F2 -> Ahmad Abrisam Awaluddin Fadlur Rahman | F6: ='BIO DATA'!Z2 -> MTs Mu'allimin Muh. Yogyakarta | G6: ='BIO DATA'!J2 -> 1 | H6: ='BIO DATA'!N2 -> Surabaya | I6: ='BIO DATA'!P2 -> 13 Juni 2008 | J6: ='BIO DATA'!T2 -> Jl. Jemurwonosari Gang I No 16 B Wonocolo Surabaya Jawa Timur | K6: ='BIO DATA'!AC2 -> Mukhlasin, ST., M.Pd. | L6: ='BIO DATA'!AH2 -> 08231838805 | M6: ='BIO DATA'!AJ2 -> Luklu'ul Islamiyati | N6: ='BIO DATA'!AO2 -> 081357567445 | O6: ='BIO DATA'!AF2 -> Guru | P6: ='BIO DATA'!AM2 -> Guru | Q6: -
B7: 2 | C7: ='BIO DATA'!D3 -> 10907 | D7: ='BIO DATA'!E3 -> 0081641644 | E7: ='BIO DATA'!F3 -> Arash Fardad Muhammad Fateh | F7: ='BIO DATA'!Z3 -> MTs Mu'allimin Muh. Yogyakarta | G7: ='BIO DATA'!J3 -> 1 | H7: ='BIO DATA'!N3 -> Magelang | I7: ='BIO DATA'!P3 -> 01 Juli 2008 | J7: ='BIO DATA'!T3 -> Mingking Sokorini Muntilan Kab. Magelang Jawa Tengah 56451 | K7: ='BIO DATA'!AC3 -> Ahmad Abdul Jabar | L7: ='BIO DATA'!AH3 -> 081328054592 | M7: ='BIO DATA'!AJ3 -> Lestari Ningsih | N7: ='BIO DATA'!AO3 -> 085867153432 | O7: ='BIO DATA'!AF3 -> Wiraswasta | P7: ='BIO DATA'!AM3 -> Wiraswasta | Q7: -
B8: 3 | C8: ='BIO DATA'!D4 -> 10908 | D8: ='BIO DATA'!E4 -> 0089552731 | E8: ='BIO DATA'!F4 -> Ardiansyah Rafi Ramadhan | F8: ='BIO DATA'!Z4 -> MTs Mu'allimin Muh. Yogyakarta | G8: ='BIO DATA'!J4 -> 1 | H8: ='BIO DATA'!N4 -> Yogyakarta | I8: ='BIO DATA'!P4 -> 02 September 2008 | J8: ='BIO DATA'!T4 -> Warungboto, Umbulharjo 4 RT 31 RW 08 No 868 Kota Yogyakarta DI Yogyakarta | K8: ='BIO DATA'!AC4 -> Muhammad Ma'ruf | L8: ='BIO DATA'!AH4 -> 085225099962 | M8: ='BIO DATA'!AJ4 -> Masni Djaapar Talu | N8: ='BIO DATA'!AO4 -> 085225099962 | O8: ='BIO DATA'!AF4 -> Wiraswasta | P8: ='BIO DATA'!AM4 -> Lainnya | Q8: -
B9: 4 | C9: ='BIO DATA'!D5 -> 10930 | D9: ='BIO DATA'!E5 -> 3081859596 | E9: ='BIO DATA'!F5 -> Bagus Murtadha Ayyasy Putra Amin | F9: ='BIO DATA'!Z5 -> MTs Mu'allimin Muh. Yogyakarta | G9: ='BIO DATA'!J5 -> 4 | H9: ='BIO DATA'!N5 -> Wonosobo | I9: ='BIO DATA'!P5 -> 30 Agustus 2008 | J9: ='BIO DATA'!T5 -> Tuksari Kejajar Wonosobo Jawa Tengah | K9: ='BIO DATA'!AC5 -> Aminudin | L9: ='BIO DATA'!AH5 -> 081327491584 | M9: ='BIO DATA'!AJ5 -> Isti Rofah | N9: ='BIO DATA'!AO5 -> 081327491584 | O9: ='BIO DATA'!AF5 -> Wiraswasta | P9: ='BIO DATA'!AM5 -> PNS | Q9: -
B10: 5 | C10: ='BIO DATA'!D6 -> 10973 | D10: ='BIO DATA'!E6 -> 0094471717 | E10: ='BIO DATA'!F6 -> Fathurrahman Al-Mumtaz | F10: ='BIO DATA'!Z6 -> MTs Mu'allimin Muh. Yogyakarta | G10: ='BIO DATA'!J6 -> 2 | H10: ='BIO DATA'!N6 -> Semarang | I10: ='BIO DATA'!P6 -> 22 Juni 2009 | J10: ='BIO DATA'!T6 -> Pedukuhan Senuko Sidoagung Godean Sleman DI Yogyakarta | K10: ='BIO DATA'!AC6 -> H. Eva Kumala Pontas, ST | L10: ='BIO DATA'!AH6 -> 081215951700 | M10: ='BIO DATA'!AJ6 -> Hj. Hastuti Ramadhana, SE., SH., MH | N10: ='BIO DATA'!AO6 -> 081228100684 | O10: ='BIO DATA'!AF6 -> Wiraswasta | P10: ='BIO DATA'!AM6 -> PNS | Q10: -
B11: 6 | C11: ='BIO DATA'!D7 -> 10975 | D11: ='BIO DATA'!E7 -> 0091610526 | E11: ='BIO DATA'!F7 -> Fatih Fazliansyah | F11: ='BIO DATA'!Z7 -> MTs Mu'allimin Muh. Yogyakarta | G11: ='BIO DATA'!J7 -> 1 | H11: ='BIO DATA'!N7 -> Tangerang | I11: ='BIO DATA'!P7 -> 10 April 2009 | J11: ='BIO DATA'!T7 -> Jl. Masjid Baiturrahman Porisgaga Baru Batu Ceper Tangerang Banten | K11: ='BIO DATA'!AC7 -> Firmansyah | L11: ='BIO DATA'!AH7 -> 083807281732 | M11: ='BIO DATA'!AJ7 -> Nurkoyimah | N11: ='BIO DATA'!AO7 -> 083899511744 | O11: ='BIO DATA'!AF7 -> Wiraswasta | P11: ='BIO DATA'!AM7 -> Wiraswasta | Q11: -
B12: 7 | C12: ='BIO DATA'!D8 -> 10986 | D12: ='BIO DATA'!E8 -> 0081988453 | E12: ='BIO DATA'!F8 -> Ghatfan Muhammad Attar | F12: ='BIO DATA'!Z8 -> MTs Mu'allimin Muh. Yogyakarta | G12: ='BIO DATA'!J8 -> 3 | H12: ='BIO DATA'!N8 -> Bekasi | I12: ='BIO DATA'!P8 -> 28 September 2008 | J12: ='BIO DATA'!T8 -> Jl. Gambir Sawit No. 18B 042/011 Pandeyan Umbulharjo Kota Yogyakarta DIY 55161 | K12: ='BIO DATA'!AC8 -> Bambang Margarita, A.Md. | L12: ='BIO DATA'!AH8 -> 087796959161 | M12: ='BIO DATA'!AJ8 -> Ambar Herawati | N12: ='BIO DATA'!AO8 -> 085927465293 | O12: ='BIO DATA'!AF8 -> Lainnya | P12: ='BIO DATA'!AM8 -> PNS | Q12: -
B13: 8 | C13: ='BIO DATA'!D9 -> 10989 | D13: ='BIO DATA'!E9 -> 0092583854 | E13: ='BIO DATA'!F9 -> Ghozi Yazid Rahman | F13: ='BIO DATA'!Z9 -> MTs Mu'allimin Muh. Yogyakarta | G13: ='BIO DATA'!J9 -> 2 | H13: ='BIO DATA'!N9 -> Purworejo | I13: ='BIO DATA'!P9 -> 08 Januari 2009 | J13: ='BIO DATA'!T9 -> Jl. Gatot Subroto No. 461 Keseneng Purworejo Jawa Tengah | K13: ='BIO DATA'!AC9 -> Bakhruni Rakhman | L13: ='BIO DATA'!AH9 -> 08122725844 | M13: ='BIO DATA'!AJ9 -> Yulia Kurniawati | N13: ='BIO DATA'!AO9 -> 081227851780 | O13: ='BIO DATA'!AF9 -> Lainnya | P13: ='BIO DATA'!AM9 -> Lainnya | Q13: -
B14: 9 | C14: ='BIO DATA'!D10 -> 10997 | D14: ='BIO DATA'!E10 -> 0094445811 | E14: ='BIO DATA'!F10 -> Hibban Ammar Ismail | F14: ='BIO DATA'!Z10 -> MTs Mu'allimin Muh. Yogyakarta | G14: ='BIO DATA'!J10 -> 1 | H14: ='BIO DATA'!N10 -> Yogyakarta | I14: ='BIO DATA'!P10 -> 14 September 2008 | J14: ='BIO DATA'!T10 -> Jl. Wates No. 171 Rejodadi DK. XI Ngestiharjo Kasihan Bantul DI Yogyakarta 55181 | K14: ='BIO DATA'!AC10 -> Mustafa Ismail | L14: ='BIO DATA'!AH10 -> 081392565639 | M14: ='BIO DATA'!AJ10 -> Prihatini Dwi Lestari | N14: ='BIO DATA'!AO10 -> 081328797228 | O14: ='BIO DATA'!AF10 -> Karyawan Swasta | P14: ='BIO DATA'!AM10 -> PNS | Q14: -
B15: 10 | C15: ='BIO DATA'!D11 -> 11002 | D15: ='BIO DATA'!E11 -> 0086260742 | E15: ='BIO DATA'!F11 -> Imaduddin Aufal Marom | F15: ='BIO DATA'!Z11 -> MTs Mu'allimin Muh. Yogyakarta | G15: ='BIO DATA'!J11 -> 3 | H15: ='BIO DATA'!N11 -> Kulon Progo | I15: ='BIO DATA'!P11 -> 12 November 2008 | J15: ='BIO DATA'!T11 -> Margosari Pengasih Kulon Progo DI Yogyakarta | K15: ='BIO DATA'!AC11 -> Djama'ah | L15: ='BIO DATA'!AH11 -> 08122952085 | M15: ='BIO DATA'!AJ11 -> Endang Puji Astuti | N15: ='BIO DATA'!AO11 -> 081335330491 | O15: ='BIO DATA'!AF11 -> PNS | P15: ='BIO DATA'!AM11 -> Lainnya | Q15: -
B16: 11 | C16: ='BIO DATA'!D12 -> 11020 | D16: ='BIO DATA'!E12 -> 0107989881 | E16: ='BIO DATA'!F12 -> M. Kasyfi Rahman | F16: ='BIO DATA'!Z12 -> MTs Mu'allimin Muh. Yogyakarta | G16: ='BIO DATA'!J12 -> 3 | H16: ='BIO DATA'!N12 -> Kota Medan | I16: ='BIO DATA'!P12 -> 12 Februari 2010 | J16: ='BIO DATA'!T12 -> Jl. Jermal IV No 18 LK IV Denai Medan Denai Kota Medan Sumatera Utara | K16: ='BIO DATA'!AC12 -> Rafdinal S.Sos., MAP | L16: ='BIO DATA'!AH12 -> 081260931435 | M16: ='BIO DATA'!AJ12 -> Fitri Hidayati, S.Ag. | N16: ='BIO DATA'!AO12 -> 081260931518 | O16: ='BIO DATA'!AF12 -> Guru | P16: ='BIO DATA'!AM12 -> Lainnya | Q16: -
B17: 12 | C17: ='BIO DATA'!D13 -> 11030 | D17: ='BIO DATA'!E13 -> 0088996299 | E17: ='BIO DATA'!F13 -> Miqdad | F17: ='BIO DATA'!Z13 -> MTs Mu'allimin Muh. Yogyakarta | G17: ='BIO DATA'!J13 -> 1 | H17: ='BIO DATA'!N13 -> Kulon Progo | I17: ='BIO DATA'!P13 -> 16 Oktober 2008 | J17: ='BIO DATA'!T13 -> Sigran Dk.1 Tirtorahayu Galur Kulon Progo DI Yogyakarta 55661 | K17: ='BIO DATA'!AC13 -> Dwi Purwanto | L17: ='BIO DATA'!AH13 -> 087739508999 | M17: ='BIO DATA'!AJ13 -> Siti Maimunah | N17: ='BIO DATA'!AO13 -> 085292700115 | O17: ='BIO DATA'!AF13 -> Wiraswasta | P17: ='BIO DATA'!AM13 -> Lainnya | Q17: -
... B23: 18 | C23: ='BIO DATA'!D19 -> 11078 | D23: ='BIO DATA'!E19 -> 0087662840 | E23: ='BIO DATA'!F19 -> Muhammad Hafiizh Vernardyansyah | F23: ='BIO DATA'!Z19 -> MTs Mu'allimin Muh. Yogyakarta | G23: ='BIO DATA'!J19 -> 1 | H23: ='BIO DATA'!N19 -> Bantul | I23: ='BIO DATA'!P19 -> 03 Oktober 2008 | J23: ='BIO DATA'!T19 -> Salam Bangunjiwo Kasihan Bantul DI Yogyakarta 55184 | K23: ='BIO DATA'!AC19 -> Sunardiyono | L23: ='BIO DATA'!AH19 -> 087738384327 | M23: ='BIO DATA'!AJ19 -> Dyah Harini, ST | N23: ='BIO DATA'!AO19 -> 087738467267 | O23: ='BIO DATA'!AF19 -> Guru | P23: ='BIO DATA'!AM19 -> PNS | Q23: -
M25: KELAS VI / XII A
